cellname	file_path	stage	celltype
GasaE751001	/Volumes/SumSung500/CSU/0_HiRES/data/hires/GSE223917_RAW/GSM6998595_GasaE751001.pairs.gz	E75	ExE ectoderm
GasaE751006	/Volumes/SumSung500/CSU/0_HiRES/data/hires/GSE223917_RAW/GSM6998600_GasaE751006.pairs.gz	E75	ExE endoderm
GasaE751008	/Volumes/SumSung500/CSU/0_HiRES/data/hires/GSE223917_RAW/GSM6998602_GasaE751008.pairs.gz	E75	blood
GasaE751010	/Volumes/SumSung500/CSU/0_HiRES/data/hires/GSE223917_RAW/GSM6998604_GasaE751010.pairs.gz	E75	neural ectoderm
GasaE751011	/Volumes/SumSung500/CSU/0_HiRES/data/hires/GSE223917_RAW/GSM6998605_GasaE751011.pairs.gz	E75	ExE ectoderm
GasaE751013	/Volumes/SumSung500/CSU/0_HiRES/data/hires/GSE223917_RAW/GSM6998607_GasaE751013.pairs.gz	E75	mitosis
GasaE751016	/Volumes/SumSung500/CSU/0_HiRES/data/hires/GSE223917_RAW/GSM6998610_GasaE751016.pairs.gz	E75	ExE endoderm
GasaE751017	/Volumes/SumSung500/CSU/0_HiRES/data/hires/GSE223917_RAW/GSM6998611_GasaE751017.pairs.gz	E75	early mesoderm
GasaE751020	/Volumes/SumSung500/CSU/0_HiRES/data/hires/GSE223917_RAW/GSM6998614_GasaE751020.pairs.gz	E75	endoderm
GasaE751023	/Volumes/SumSung500/CSU/0_HiRES/data/hires/GSE223917_RAW/GSM6998617_GasaE751023.pairs.gz	E75	blood
GasaE751025	/Volumes/SumSung500/CSU/0_HiRES/data/hires/GSE223917_RAW/GSM6998619_GasaE751025.pairs.gz	E75	ExE mesoderm
GasaE751026	/Volumes/SumSung500/CSU/0_HiRES/data/hires/GSE223917_RAW/GSM6998620_GasaE751026.pairs.gz	E75	blood
GasaE751031	/Volumes/SumSung500/CSU/0_HiRES/data/hires/GSE223917_RAW/GSM6998625_GasaE751031.pairs.gz	E75	early mesenchyme
GasaE751033	/Volumes/SumSung500/CSU/0_HiRES/data/hires/GSE223917_RAW/GSM6998626_GasaE751033.pairs.gz	E75	ExE endoderm
GasaE751034	/Volumes/SumSung500/CSU/0_HiRES/data/hires/GSE223917_RAW/GSM6998627_GasaE751034.pairs.gz	E75	blood
GasaE751038	/Volumes/SumSung500/CSU/0_HiRES/data/hires/GSE223917_RAW/GSM6998631_GasaE751038.pairs.gz	E75	blood
GasaE751039	/Volumes/SumSung500/CSU/0_HiRES/data/hires/GSE223917_RAW/GSM6998632_GasaE751039.pairs.gz	E75	mitosis
GasaE751040	/Volumes/SumSung500/CSU/0_HiRES/data/hires/GSE223917_RAW/GSM6998633_GasaE751040.pairs.gz	E75	neural ectoderm
GasaE751043	/Volumes/SumSung500/CSU/0_HiRES/data/hires/GSE223917_RAW/GSM6998636_GasaE751043.pairs.gz	E75	early mesenchyme
GasaE751045	/Volumes/SumSung500/CSU/0_HiRES/data/hires/GSE223917_RAW/GSM6998638_GasaE751045.pairs.gz	E75	ExE mesoderm
GasaE751046	/Volumes/SumSung500/CSU/0_HiRES/data/hires/GSE223917_RAW/GSM6998639_GasaE751046.pairs.gz	E75	ExE endoderm
GasaE751047	/Volumes/SumSung500/CSU/0_HiRES/data/hires/GSE223917_RAW/GSM6998640_GasaE751047.pairs.gz	E75	blood
GasaE751054	/Volumes/SumSung500/CSU/0_HiRES/data/hires/GSE223917_RAW/GSM6998647_GasaE751054.pairs.gz	E75	ExE ectoderm
GasaE751055	/Volumes/SumSung500/CSU/0_HiRES/data/hires/GSE223917_RAW/GSM6998648_GasaE751055.pairs.gz	E75	endoderm
GasaE751056	/Volumes/SumSung500/CSU/0_HiRES/data/hires/GSE223917_RAW/GSM6998649_GasaE751056.pairs.gz	E75	early mesoderm
GasaE751057	/Volumes/SumSung500/CSU/0_HiRES/data/hires/GSE223917_RAW/GSM6998650_GasaE751057.pairs.gz	E75	ExE ectoderm
GasaE751058	/Volumes/SumSung500/CSU/0_HiRES/data/hires/GSE223917_RAW/GSM6998651_GasaE751058.pairs.gz	E75	ExE mesoderm
GasaE751059	/Volumes/SumSung500/CSU/0_HiRES/data/hires/GSE223917_RAW/GSM6998652_GasaE751059.pairs.gz	E75	early mesenchyme
GasaE751061	/Volumes/SumSung500/CSU/0_HiRES/data/hires/GSE223917_RAW/GSM6998654_GasaE751061.pairs.gz	E75	endoderm
GasaE751062	/Volumes/SumSung500/CSU/0_HiRES/data/hires/GSE223917_RAW/GSM6998655_GasaE751062.pairs.gz	E75	endoderm
GasaE751064	/Volumes/SumSung500/CSU/0_HiRES/data/hires/GSE223917_RAW/GSM6998657_GasaE751064.pairs.gz	E75	epiblast and PS
GasaE751067	/Volumes/SumSung500/CSU/0_HiRES/data/hires/GSE223917_RAW/GSM6998660_GasaE751067.pairs.gz	E75	neural ectoderm
GasaE751071	/Volumes/SumSung500/CSU/0_HiRES/data/hires/GSE223917_RAW/GSM6998664_GasaE751071.pairs.gz	E75	ExE ectoderm
GasaE751072	/Volumes/SumSung500/CSU/0_HiRES/data/hires/GSE223917_RAW/GSM6998665_GasaE751072.pairs.gz	E75	early mesoderm
GasaE751073	/Volumes/SumSung500/CSU/0_HiRES/data/hires/GSE223917_RAW/GSM6998666_GasaE751073.pairs.gz	E75	early mesoderm
GasaE751074	/Volumes/SumSung500/CSU/0_HiRES/data/hires/GSE223917_RAW/GSM6998667_GasaE751074.pairs.gz	E75	neural ectoderm
GasaE751076	/Volumes/SumSung500/CSU/0_HiRES/data/hires/GSE223917_RAW/GSM6998669_GasaE751076.pairs.gz	E75	mitosis
GasaE751081	/Volumes/SumSung500/CSU/0_HiRES/data/hires/GSE223917_RAW/GSM6998674_GasaE751081.pairs.gz	E75	neural ectoderm
GasaE751084	/Volumes/SumSung500/CSU/0_HiRES/data/hires/GSE223917_RAW/GSM6998677_GasaE751084.pairs.gz	E75	mitosis
GasaE751085	/Volumes/SumSung500/CSU/0_HiRES/data/hires/GSE223917_RAW/GSM6998678_GasaE751085.pairs.gz	E75	early mesenchyme
GasaE751086	/Volumes/SumSung500/CSU/0_HiRES/data/hires/GSE223917_RAW/GSM6998679_GasaE751086.pairs.gz	E75	ExE endoderm
GasaE751088	/Volumes/SumSung500/CSU/0_HiRES/data/hires/GSE223917_RAW/GSM6998681_GasaE751088.pairs.gz	E75	epithelial cells
GasaE751089	/Volumes/SumSung500/CSU/0_HiRES/data/hires/GSE223917_RAW/GSM6998682_GasaE751089.pairs.gz	E75	neural ectoderm
GasaE751094	/Volumes/SumSung500/CSU/0_HiRES/data/hires/GSE223917_RAW/GSM6998686_GasaE751094.pairs.gz	E75	neural ectoderm
GasaE751095	/Volumes/SumSung500/CSU/0_HiRES/data/hires/GSE223917_RAW/GSM6998687_GasaE751095.pairs.gz	E75	early mesenchyme
GasaE751096	/Volumes/SumSung500/CSU/0_HiRES/data/hires/GSE223917_RAW/GSM6998688_GasaE751096.pairs.gz	E75	mitosis
GasaE751097	/Volumes/SumSung500/CSU/0_HiRES/data/hires/GSE223917_RAW/GSM6998689_GasaE751097.pairs.gz	E75	ExE ectoderm
GasaE751101	/Volumes/SumSung500/CSU/0_HiRES/data/hires/GSE223917_RAW/GSM6998693_GasaE751101.pairs.gz	E75	ExE mesoderm
GasaE751102	/Volumes/SumSung500/CSU/0_HiRES/data/hires/GSE223917_RAW/GSM6998694_GasaE751102.pairs.gz	E75	ExE ectoderm
GasaE751103	/Volumes/SumSung500/CSU/0_HiRES/data/hires/GSE223917_RAW/GSM6998695_GasaE751103.pairs.gz	E75	early mesoderm
GasaE751105	/Volumes/SumSung500/CSU/0_HiRES/data/hires/GSE223917_RAW/GSM6998697_GasaE751105.pairs.gz	E75	neural ectoderm
GasaE751107	/Volumes/SumSung500/CSU/0_HiRES/data/hires/GSE223917_RAW/GSM6998699_GasaE751107.pairs.gz	E75	ExE mesoderm
GasaE751108	/Volumes/SumSung500/CSU/0_HiRES/data/hires/GSE223917_RAW/GSM6998700_GasaE751108.pairs.gz	E75	early mesenchyme
GasaE751109	/Volumes/SumSung500/CSU/0_HiRES/data/hires/GSE223917_RAW/GSM6998701_GasaE751109.pairs.gz	E75	ExE ectoderm
GasaE751114	/Volumes/SumSung500/CSU/0_HiRES/data/hires/GSE223917_RAW/GSM6998706_GasaE751114.pairs.gz	E75	epithelial cells
GasaE751115	/Volumes/SumSung500/CSU/0_HiRES/data/hires/GSE223917_RAW/GSM6998707_GasaE751115.pairs.gz	E75	ExE mesoderm
GasaE751116	/Volumes/SumSung500/CSU/0_HiRES/data/hires/GSE223917_RAW/GSM6998708_GasaE751116.pairs.gz	E75	ExE ectoderm
GasaE751117	/Volumes/SumSung500/CSU/0_HiRES/data/hires/GSE223917_RAW/GSM6998709_GasaE751117.pairs.gz	E75	blood
GasaE751118	/Volumes/SumSung500/CSU/0_HiRES/data/hires/GSE223917_RAW/GSM6998710_GasaE751118.pairs.gz	E75	ExE mesoderm
GasaE751120	/Volumes/SumSung500/CSU/0_HiRES/data/hires/GSE223917_RAW/GSM6998712_GasaE751120.pairs.gz	E75	ExE endoderm
GasaE751121	/Volumes/SumSung500/CSU/0_HiRES/data/hires/GSE223917_RAW/GSM6998713_GasaE751121.pairs.gz	E75	neural ectoderm
GasaE751122	/Volumes/SumSung500/CSU/0_HiRES/data/hires/GSE223917_RAW/GSM6998714_GasaE751122.pairs.gz	E75	ExE mesoderm
GasaE751123	/Volumes/SumSung500/CSU/0_HiRES/data/hires/GSE223917_RAW/GSM6998715_GasaE751123.pairs.gz	E75	mitosis
GasaE751125	/Volumes/SumSung500/CSU/0_HiRES/data/hires/GSE223917_RAW/GSM6998717_GasaE751125.pairs.gz	E75	early mesenchyme
GasaE751128	/Volumes/SumSung500/CSU/0_HiRES/data/hires/GSE223917_RAW/GSM6998720_GasaE751128.pairs.gz	E75	neural ectoderm
GasaE751130	/Volumes/SumSung500/CSU/0_HiRES/data/hires/GSE223917_RAW/GSM6998722_GasaE751130.pairs.gz	E75	blood
GasaE751134	/Volumes/SumSung500/CSU/0_HiRES/data/hires/GSE223917_RAW/GSM6998726_GasaE751134.pairs.gz	E75	epithelial cells
GasaE751135	/Volumes/SumSung500/CSU/0_HiRES/data/hires/GSE223917_RAW/GSM6998727_GasaE751135.pairs.gz	E75	ExE ectoderm
GasaE751139	/Volumes/SumSung500/CSU/0_HiRES/data/hires/GSE223917_RAW/GSM6998731_GasaE751139.pairs.gz	E75	ExE endoderm
GasaE751140	/Volumes/SumSung500/CSU/0_HiRES/data/hires/GSE223917_RAW/GSM6998732_GasaE751140.pairs.gz	E75	ExE endoderm
GasaE751143	/Volumes/SumSung500/CSU/0_HiRES/data/hires/GSE223917_RAW/GSM6998735_GasaE751143.pairs.gz	E75	ExE ectoderm
GasaE751144	/Volumes/SumSung500/CSU/0_HiRES/data/hires/GSE223917_RAW/GSM6998736_GasaE751144.pairs.gz	E75	early mesoderm
GasaE751145	/Volumes/SumSung500/CSU/0_HiRES/data/hires/GSE223917_RAW/GSM6998737_GasaE751145.pairs.gz	E75	early mesoderm
GasaE751146	/Volumes/SumSung500/CSU/0_HiRES/data/hires/GSE223917_RAW/GSM6998738_GasaE751146.pairs.gz	E75	ExE ectoderm
GasaE751147	/Volumes/SumSung500/CSU/0_HiRES/data/hires/GSE223917_RAW/GSM6998739_GasaE751147.pairs.gz	E75	early mesoderm
GasaE751149	/Volumes/SumSung500/CSU/0_HiRES/data/hires/GSE223917_RAW/GSM6998741_GasaE751149.pairs.gz	E75	ExE endoderm
GasaE751150	/Volumes/SumSung500/CSU/0_HiRES/data/hires/GSE223917_RAW/GSM6998742_GasaE751150.pairs.gz	E75	neural ectoderm
GasaE751153	/Volumes/SumSung500/CSU/0_HiRES/data/hires/GSE223917_RAW/GSM6998745_GasaE751153.pairs.gz	E75	mitosis
GasaE751154	/Volumes/SumSung500/CSU/0_HiRES/data/hires/GSE223917_RAW/GSM6998746_GasaE751154.pairs.gz	E75	ExE endoderm
GasaE751155	/Volumes/SumSung500/CSU/0_HiRES/data/hires/GSE223917_RAW/GSM6998747_GasaE751155.pairs.gz	E75	ExE endoderm
GasaE751157	/Volumes/SumSung500/CSU/0_HiRES/data/hires/GSE223917_RAW/GSM6998749_GasaE751157.pairs.gz	E75	ExE mesoderm
GasaE751158	/Volumes/SumSung500/CSU/0_HiRES/data/hires/GSE223917_RAW/GSM6998750_GasaE751158.pairs.gz	E75	mitosis
GasaE751161	/Volumes/SumSung500/CSU/0_HiRES/data/hires/GSE223917_RAW/GSM6998753_GasaE751161.pairs.gz	E75	ExE ectoderm
GasaE751162	/Volumes/SumSung500/CSU/0_HiRES/data/hires/GSE223917_RAW/GSM6998754_GasaE751162.pairs.gz	E75	endoderm
GasaE751163	/Volumes/SumSung500/CSU/0_HiRES/data/hires/GSE223917_RAW/GSM6998755_GasaE751163.pairs.gz	E75	ExE ectoderm
GasaE751165	/Volumes/SumSung500/CSU/0_HiRES/data/hires/GSE223917_RAW/GSM6998757_GasaE751165.pairs.gz	E75	neural ectoderm
GasaE751167	/Volumes/SumSung500/CSU/0_HiRES/data/hires/GSE223917_RAW/GSM6998759_GasaE751167.pairs.gz	E75	early mesenchyme
GasaE751169	/Volumes/SumSung500/CSU/0_HiRES/data/hires/GSE223917_RAW/GSM6998761_GasaE751169.pairs.gz	E75	ExE endoderm
GasaE751171	/Volumes/SumSung500/CSU/0_HiRES/data/hires/GSE223917_RAW/GSM6998763_GasaE751171.pairs.gz	E75	ExE ectoderm
GasaE751172	/Volumes/SumSung500/CSU/0_HiRES/data/hires/GSE223917_RAW/GSM6998764_GasaE751172.pairs.gz	E75	neural ectoderm
GasaE751173	/Volumes/SumSung500/CSU/0_HiRES/data/hires/GSE223917_RAW/GSM6998765_GasaE751173.pairs.gz	E75	ExE endoderm
GasaE751175	/Volumes/SumSung500/CSU/0_HiRES/data/hires/GSE223917_RAW/GSM6998767_GasaE751175.pairs.gz	E75	mitosis
GasaE751180	/Volumes/SumSung500/CSU/0_HiRES/data/hires/GSE223917_RAW/GSM6998772_GasaE751180.pairs.gz	E75	ExE endoderm
GasaE751185	/Volumes/SumSung500/CSU/0_HiRES/data/hires/GSE223917_RAW/GSM6998776_GasaE751185.pairs.gz	E75	neural ectoderm
GasaE751189	/Volumes/SumSung500/CSU/0_HiRES/data/hires/GSE223917_RAW/GSM6998780_GasaE751189.pairs.gz	E75	blood
GasaE751191	/Volumes/SumSung500/CSU/0_HiRES/data/hires/GSE223917_RAW/GSM6998782_GasaE751191.pairs.gz	E75	endoderm
GasaE751192	/Volumes/SumSung500/CSU/0_HiRES/data/hires/GSE223917_RAW/GSM6998783_GasaE751192.pairs.gz	E75	ExE ectoderm
GasaE751194	/Volumes/SumSung500/CSU/0_HiRES/data/hires/GSE223917_RAW/GSM6998785_GasaE751194.pairs.gz	E75	ExE ectoderm
GasaE751195	/Volumes/SumSung500/CSU/0_HiRES/data/hires/GSE223917_RAW/GSM6998786_GasaE751195.pairs.gz	E75	ExE endoderm
GasaE751196	/Volumes/SumSung500/CSU/0_HiRES/data/hires/GSE223917_RAW/GSM6998787_GasaE751196.pairs.gz	E75	ExE ectoderm
GasaE751197	/Volumes/SumSung500/CSU/0_HiRES/data/hires/GSE223917_RAW/GSM6998788_GasaE751197.pairs.gz	E75	early mesoderm
GasaE751198	/Volumes/SumSung500/CSU/0_HiRES/data/hires/GSE223917_RAW/GSM6998790_GasaE751198.pairs.gz	E75	ExE ectoderm
GasaE751199	/Volumes/SumSung500/CSU/0_HiRES/data/hires/GSE223917_RAW/GSM6998795_GasaE751199.pairs.gz	E75	mitosis
GasaE751205	/Volumes/SumSung500/CSU/0_HiRES/data/hires/GSE223917_RAW/GSM6998826_GasaE751205.pairs.gz	E75	ExE endoderm
GasaE751207	/Volumes/SumSung500/CSU/0_HiRES/data/hires/GSE223917_RAW/GSM6998839_GasaE751207.pairs.gz	E75	blood
GasaE751209	/Volumes/SumSung500/CSU/0_HiRES/data/hires/GSE223917_RAW/GSM6998847_GasaE751209.pairs.gz	E75	ExE endoderm
GasaE751212	/Volumes/SumSung500/CSU/0_HiRES/data/hires/GSE223917_RAW/GSM6998849_GasaE751212.pairs.gz	E75	neural ectoderm
GasaE751216	/Volumes/SumSung500/CSU/0_HiRES/data/hires/GSE223917_RAW/GSM6998853_GasaE751216.pairs.gz	E75	ExE mesoderm
GasaE751220	/Volumes/SumSung500/CSU/0_HiRES/data/hires/GSE223917_RAW/GSM6998857_GasaE751220.pairs.gz	E75	ExE endoderm
GasaE751222	/Volumes/SumSung500/CSU/0_HiRES/data/hires/GSE223917_RAW/GSM6998859_GasaE751222.pairs.gz	E75	epiblast and PS
GasaE751223	/Volumes/SumSung500/CSU/0_HiRES/data/hires/GSE223917_RAW/GSM6998860_GasaE751223.pairs.gz	E75	ExE ectoderm
GasaE751232	/Volumes/SumSung500/CSU/0_HiRES/data/hires/GSE223917_RAW/GSM6998869_GasaE751232.pairs.gz	E75	endoderm
GasaE751234	/Volumes/SumSung500/CSU/0_HiRES/data/hires/GSE223917_RAW/GSM6998871_GasaE751234.pairs.gz	E75	ExE ectoderm
GasaE751236	/Volumes/SumSung500/CSU/0_HiRES/data/hires/GSE223917_RAW/GSM6998873_GasaE751236.pairs.gz	E75	neural ectoderm
GasaE751239	/Volumes/SumSung500/CSU/0_HiRES/data/hires/GSE223917_RAW/GSM6998876_GasaE751239.pairs.gz	E75	ExE ectoderm
GasaE751242	/Volumes/SumSung500/CSU/0_HiRES/data/hires/GSE223917_RAW/GSM6998878_GasaE751242.pairs.gz	E75	mitosis
GasaE751246	/Volumes/SumSung500/CSU/0_HiRES/data/hires/GSE223917_RAW/GSM6998881_GasaE751246.pairs.gz	E75	neural ectoderm
GasaE751252	/Volumes/SumSung500/CSU/0_HiRES/data/hires/GSE223917_RAW/GSM6998887_GasaE751252.pairs.gz	E75	early mesoderm
GasaE751254	/Volumes/SumSung500/CSU/0_HiRES/data/hires/GSE223917_RAW/GSM6998889_GasaE751254.pairs.gz	E75	ExE ectoderm
GasaE751260	/Volumes/SumSung500/CSU/0_HiRES/data/hires/GSE223917_RAW/GSM6998894_GasaE751260.pairs.gz	E75	blood
GasaE751262	/Volumes/SumSung500/CSU/0_HiRES/data/hires/GSE223917_RAW/GSM6998896_GasaE751262.pairs.gz	E75	epiblast and PS
GasaE751263	/Volumes/SumSung500/CSU/0_HiRES/data/hires/GSE223917_RAW/GSM6998897_GasaE751263.pairs.gz	E75	early mesoderm
GasaE751266	/Volumes/SumSung500/CSU/0_HiRES/data/hires/GSE223917_RAW/GSM6998900_GasaE751266.pairs.gz	E75	early mesenchyme
GasaE751267	/Volumes/SumSung500/CSU/0_HiRES/data/hires/GSE223917_RAW/GSM6998901_GasaE751267.pairs.gz	E75	ExE endoderm
GasaE751269	/Volumes/SumSung500/CSU/0_HiRES/data/hires/GSE223917_RAW/GSM6998903_GasaE751269.pairs.gz	E75	early mesoderm
GasaE751272	/Volumes/SumSung500/CSU/0_HiRES/data/hires/GSE223917_RAW/GSM6998906_GasaE751272.pairs.gz	E75	ExE endoderm
GasaE751273	/Volumes/SumSung500/CSU/0_HiRES/data/hires/GSE223917_RAW/GSM6998907_GasaE751273.pairs.gz	E75	early mesoderm
GasaE751277	/Volumes/SumSung500/CSU/0_HiRES/data/hires/GSE223917_RAW/GSM6998911_GasaE751277.pairs.gz	E75	mitosis
GasaE751278	/Volumes/SumSung500/CSU/0_HiRES/data/hires/GSE223917_RAW/GSM6998912_GasaE751278.pairs.gz	E75	ExE ectoderm
GasaE751279	/Volumes/SumSung500/CSU/0_HiRES/data/hires/GSE223917_RAW/GSM6998913_GasaE751279.pairs.gz	E75	ExE endoderm
GasaE751281	/Volumes/SumSung500/CSU/0_HiRES/data/hires/GSE223917_RAW/GSM6998915_GasaE751281.pairs.gz	E75	ExE ectoderm
GasaE751283	/Volumes/SumSung500/CSU/0_HiRES/data/hires/GSE223917_RAW/GSM6998917_GasaE751283.pairs.gz	E75	neural ectoderm
GasaE751288	/Volumes/SumSung500/CSU/0_HiRES/data/hires/GSE223917_RAW/GSM6998920_GasaE751288.pairs.gz	E75	ExE ectoderm
GasaE751291	/Volumes/SumSung500/CSU/0_HiRES/data/hires/GSE223917_RAW/GSM6998923_GasaE751291.pairs.gz	E75	blood
GasaE751292	/Volumes/SumSung500/CSU/0_HiRES/data/hires/GSE223917_RAW/GSM6998924_GasaE751292.pairs.gz	E75	early mesoderm
GasaE751294	/Volumes/SumSung500/CSU/0_HiRES/data/hires/GSE223917_RAW/GSM6998926_GasaE751294.pairs.gz	E75	mitosis
GasaE751295	/Volumes/SumSung500/CSU/0_HiRES/data/hires/GSE223917_RAW/GSM6998927_GasaE751295.pairs.gz	E75	blood
GasaE751298	/Volumes/SumSung500/CSU/0_HiRES/data/hires/GSE223917_RAW/GSM6998930_GasaE751298.pairs.gz	E75	neural ectoderm
GasaE751299	/Volumes/SumSung500/CSU/0_HiRES/data/hires/GSE223917_RAW/GSM6998931_GasaE751299.pairs.gz	E75	ExE ectoderm
GasaE751301	/Volumes/SumSung500/CSU/0_HiRES/data/hires/GSE223917_RAW/GSM6998933_GasaE751301.pairs.gz	E75	ExE endoderm
GasaE751304	/Volumes/SumSung500/CSU/0_HiRES/data/hires/GSE223917_RAW/GSM6998936_GasaE751304.pairs.gz	E75	neural ectoderm
GasaE751305	/Volumes/SumSung500/CSU/0_HiRES/data/hires/GSE223917_RAW/GSM6998937_GasaE751305.pairs.gz	E75	mitosis
GasaE751306	/Volumes/SumSung500/CSU/0_HiRES/data/hires/GSE223917_RAW/GSM6998938_GasaE751306.pairs.gz	E75	ExE ectoderm
GasaE751311	/Volumes/SumSung500/CSU/0_HiRES/data/hires/GSE223917_RAW/GSM6998943_GasaE751311.pairs.gz	E75	endoderm
GasaE751312	/Volumes/SumSung500/CSU/0_HiRES/data/hires/GSE223917_RAW/GSM6998944_GasaE751312.pairs.gz	E75	ExE endoderm
GasaE751314	/Volumes/SumSung500/CSU/0_HiRES/data/hires/GSE223917_RAW/GSM6998946_GasaE751314.pairs.gz	E75	neural ectoderm
GasaE751315	/Volumes/SumSung500/CSU/0_HiRES/data/hires/GSE223917_RAW/GSM6998947_GasaE751315.pairs.gz	E75	early mesoderm
GasaE751317	/Volumes/SumSung500/CSU/0_HiRES/data/hires/GSE223917_RAW/GSM6998949_GasaE751317.pairs.gz	E75	mitosis
GasaE751318	/Volumes/SumSung500/CSU/0_HiRES/data/hires/GSE223917_RAW/GSM6998950_GasaE751318.pairs.gz	E75	ExE ectoderm
GasaE751322	/Volumes/SumSung500/CSU/0_HiRES/data/hires/GSE223917_RAW/GSM6998953_GasaE751322.pairs.gz	E75	ExE ectoderm
GasaE751323	/Volumes/SumSung500/CSU/0_HiRES/data/hires/GSE223917_RAW/GSM6998954_GasaE751323.pairs.gz	E75	ExE mesoderm
GasaE751325	/Volumes/SumSung500/CSU/0_HiRES/data/hires/GSE223917_RAW/GSM6998956_GasaE751325.pairs.gz	E75	blood
GasaE751333	/Volumes/SumSung500/CSU/0_HiRES/data/hires/GSE223917_RAW/GSM6998964_GasaE751333.pairs.gz	E75	ExE ectoderm
GasaE751336	/Volumes/SumSung500/CSU/0_HiRES/data/hires/GSE223917_RAW/GSM6998967_GasaE751336.pairs.gz	E75	ExE endoderm
GasaE751337	/Volumes/SumSung500/CSU/0_HiRES/data/hires/GSE223917_RAW/GSM6998968_GasaE751337.pairs.gz	E75	ExE endoderm
GasaE751338	/Volumes/SumSung500/CSU/0_HiRES/data/hires/GSE223917_RAW/GSM6998969_GasaE751338.pairs.gz	E75	early mesoderm
GasaE751340	/Volumes/SumSung500/CSU/0_HiRES/data/hires/GSE223917_RAW/GSM6998971_GasaE751340.pairs.gz	E75	ExE ectoderm
GasaE751341	/Volumes/SumSung500/CSU/0_HiRES/data/hires/GSE223917_RAW/GSM6998972_GasaE751341.pairs.gz	E75	mitosis
GasaE751344	/Volumes/SumSung500/CSU/0_HiRES/data/hires/GSE223917_RAW/GSM6998975_GasaE751344.pairs.gz	E75	early mesenchyme
GasaE751345	/Volumes/SumSung500/CSU/0_HiRES/data/hires/GSE223917_RAW/GSM6998976_GasaE751345.pairs.gz	E75	neural ectoderm
GasaE751347	/Volumes/SumSung500/CSU/0_HiRES/data/hires/GSE223917_RAW/GSM6998978_GasaE751347.pairs.gz	E75	early mesenchyme
GasaE751350	/Volumes/SumSung500/CSU/0_HiRES/data/hires/GSE223917_RAW/GSM6998981_GasaE751350.pairs.gz	E75	endoderm
GasaE751351	/Volumes/SumSung500/CSU/0_HiRES/data/hires/GSE223917_RAW/GSM6998982_GasaE751351.pairs.gz	E75	ExE endoderm
GasaE751353	/Volumes/SumSung500/CSU/0_HiRES/data/hires/GSE223917_RAW/GSM6998984_GasaE751353.pairs.gz	E75	mitosis
GasaE751354	/Volumes/SumSung500/CSU/0_HiRES/data/hires/GSE223917_RAW/GSM6998985_GasaE751354.pairs.gz	E75	neural ectoderm
GasaE751359	/Volumes/SumSung500/CSU/0_HiRES/data/hires/GSE223917_RAW/GSM6998990_GasaE751359.pairs.gz	E75	ExE endoderm
GasaE751361	/Volumes/SumSung500/CSU/0_HiRES/data/hires/GSE223917_RAW/GSM6998992_GasaE751361.pairs.gz	E75	neural ectoderm
GasaE751363	/Volumes/SumSung500/CSU/0_HiRES/data/hires/GSE223917_RAW/GSM6998994_GasaE751363.pairs.gz	E75	neural ectoderm
GasaE751366	/Volumes/SumSung500/CSU/0_HiRES/data/hires/GSE223917_RAW/GSM6998996_GasaE751366.pairs.gz	E75	blood
GasaE751372	/Volumes/SumSung500/CSU/0_HiRES/data/hires/GSE223917_RAW/GSM6999002_GasaE751372.pairs.gz	E75	ExE mesoderm
GasaE751373	/Volumes/SumSung500/CSU/0_HiRES/data/hires/GSE223917_RAW/GSM6999003_GasaE751373.pairs.gz	E75	ExE ectoderm
GasaE751376	/Volumes/SumSung500/CSU/0_HiRES/data/hires/GSE223917_RAW/GSM6999006_GasaE751376.pairs.gz	E75	mitosis
GasaE751377	/Volumes/SumSung500/CSU/0_HiRES/data/hires/GSE223917_RAW/GSM6999007_GasaE751377.pairs.gz	E75	ExE ectoderm
GasaE751378	/Volumes/SumSung500/CSU/0_HiRES/data/hires/GSE223917_RAW/GSM6999008_GasaE751378.pairs.gz	E75	epithelial cells
GasaE751379	/Volumes/SumSung500/CSU/0_HiRES/data/hires/GSE223917_RAW/GSM6999009_GasaE751379.pairs.gz	E75	ExE endoderm
GasaE751380	/Volumes/SumSung500/CSU/0_HiRES/data/hires/GSE223917_RAW/GSM6999010_GasaE751380.pairs.gz	E75	neural ectoderm
GasaE751381	/Volumes/SumSung500/CSU/0_HiRES/data/hires/GSE223917_RAW/GSM6999011_GasaE751381.pairs.gz	E75	ExE ectoderm
GasaE751383	/Volumes/SumSung500/CSU/0_HiRES/data/hires/GSE223917_RAW/GSM6999013_GasaE751383.pairs.gz	E75	ExE ectoderm
GasaE751384	/Volumes/SumSung500/CSU/0_HiRES/data/hires/GSE223917_RAW/GSM6999014_GasaE751384.pairs.gz	E75	ExE ectoderm
GasbE751011	/Volumes/SumSung500/CSU/0_HiRES/data/hires/GSE223917_RAW/GSM6999017_GasbE751011.pairs.gz	E75	blood
GasbE751019	/Volumes/SumSung500/CSU/0_HiRES/data/hires/GSE223917_RAW/GSM6999025_GasbE751019.pairs.gz	E75	neural ectoderm
GasbE751023	/Volumes/SumSung500/CSU/0_HiRES/data/hires/GSE223917_RAW/GSM6999029_GasbE751023.pairs.gz	E75	blood
GasbE751024	/Volumes/SumSung500/CSU/0_HiRES/data/hires/GSE223917_RAW/GSM6999030_GasbE751024.pairs.gz	E75	ExE ectoderm
GasbE751027	/Volumes/SumSung500/CSU/0_HiRES/data/hires/GSE223917_RAW/GSM6999033_GasbE751027.pairs.gz	E75	ExE endoderm
GasbE751030	/Volumes/SumSung500/CSU/0_HiRES/data/hires/GSE223917_RAW/GSM6999036_GasbE751030.pairs.gz	E75	early mesoderm
GasbE751031	/Volumes/SumSung500/CSU/0_HiRES/data/hires/GSE223917_RAW/GSM6999037_GasbE751031.pairs.gz	E75	neural ectoderm
GasbE751032	/Volumes/SumSung500/CSU/0_HiRES/data/hires/GSE223917_RAW/GSM6999038_GasbE751032.pairs.gz	E75	ExE endoderm
GasbE751033	/Volumes/SumSung500/CSU/0_HiRES/data/hires/GSE223917_RAW/GSM6999039_GasbE751033.pairs.gz	E75	ExE ectoderm
GasbE751036	/Volumes/SumSung500/CSU/0_HiRES/data/hires/GSE223917_RAW/GSM6999042_GasbE751036.pairs.gz	E75	ExE endoderm
GasbE751041	/Volumes/SumSung500/CSU/0_HiRES/data/hires/GSE223917_RAW/GSM6999047_GasbE751041.pairs.gz	E75	ExE ectoderm
GasbE751043	/Volumes/SumSung500/CSU/0_HiRES/data/hires/GSE223917_RAW/GSM6999049_GasbE751043.pairs.gz	E75	ExE endoderm
GasbE751050	/Volumes/SumSung500/CSU/0_HiRES/data/hires/GSE223917_RAW/GSM6999056_GasbE751050.pairs.gz	E75	neural ectoderm
GasbE751051	/Volumes/SumSung500/CSU/0_HiRES/data/hires/GSE223917_RAW/GSM6999057_GasbE751051.pairs.gz	E75	early mesoderm
GasbE751054	/Volumes/SumSung500/CSU/0_HiRES/data/hires/GSE223917_RAW/GSM6999060_GasbE751054.pairs.gz	E75	early mesenchyme
GasbE751058	/Volumes/SumSung500/CSU/0_HiRES/data/hires/GSE223917_RAW/GSM6999064_GasbE751058.pairs.gz	E75	ExE ectoderm
GasbE751060	/Volumes/SumSung500/CSU/0_HiRES/data/hires/GSE223917_RAW/GSM6999066_GasbE751060.pairs.gz	E75	neural ectoderm
GasbE751064	/Volumes/SumSung500/CSU/0_HiRES/data/hires/GSE223917_RAW/GSM6999070_GasbE751064.pairs.gz	E75	ExE endoderm
GasbE751065	/Volumes/SumSung500/CSU/0_HiRES/data/hires/GSE223917_RAW/GSM6999071_GasbE751065.pairs.gz	E75	ExE endoderm
GasbE751069	/Volumes/SumSung500/CSU/0_HiRES/data/hires/GSE223917_RAW/GSM6999075_GasbE751069.pairs.gz	E75	endoderm
GasbE751070	/Volumes/SumSung500/CSU/0_HiRES/data/hires/GSE223917_RAW/GSM6999076_GasbE751070.pairs.gz	E75	neural ectoderm
GasbE751075	/Volumes/SumSung500/CSU/0_HiRES/data/hires/GSE223917_RAW/GSM6999081_GasbE751075.pairs.gz	E75	early mesenchyme
GasbE751078	/Volumes/SumSung500/CSU/0_HiRES/data/hires/GSE223917_RAW/GSM6999084_GasbE751078.pairs.gz	E75	mitosis
GasbE751080	/Volumes/SumSung500/CSU/0_HiRES/data/hires/GSE223917_RAW/GSM6999086_GasbE751080.pairs.gz	E75	mitosis
GasbE751082	/Volumes/SumSung500/CSU/0_HiRES/data/hires/GSE223917_RAW/GSM6999088_GasbE751082.pairs.gz	E75	ExE endoderm
GasbE751085	/Volumes/SumSung500/CSU/0_HiRES/data/hires/GSE223917_RAW/GSM6999091_GasbE751085.pairs.gz	E75	ExE endoderm
GasbE751090	/Volumes/SumSung500/CSU/0_HiRES/data/hires/GSE223917_RAW/GSM6999096_GasbE751090.pairs.gz	E75	ExE mesoderm
GasbE751092	/Volumes/SumSung500/CSU/0_HiRES/data/hires/GSE223917_RAW/GSM6999098_GasbE751092.pairs.gz	E75	early mesoderm
GasbE751097	/Volumes/SumSung500/CSU/0_HiRES/data/hires/GSE223917_RAW/GSM6999103_GasbE751097.pairs.gz	E75	ExE mesoderm
GasbE751101	/Volumes/SumSung500/CSU/0_HiRES/data/hires/GSE223917_RAW/GSM6999107_GasbE751101.pairs.gz	E75	epiblast and PS
GasbE751103	/Volumes/SumSung500/CSU/0_HiRES/data/hires/GSE223917_RAW/GSM6999109_GasbE751103.pairs.gz	E75	ExE ectoderm
GasbE751104	/Volumes/SumSung500/CSU/0_HiRES/data/hires/GSE223917_RAW/GSM6999110_GasbE751104.pairs.gz	E75	ExE ectoderm
GasbE751109	/Volumes/SumSung500/CSU/0_HiRES/data/hires/GSE223917_RAW/GSM6999115_GasbE751109.pairs.gz	E75	epiblast and PS
GasbE751110	/Volumes/SumSung500/CSU/0_HiRES/data/hires/GSE223917_RAW/GSM6999116_GasbE751110.pairs.gz	E75	blood
GasbE751113	/Volumes/SumSung500/CSU/0_HiRES/data/hires/GSE223917_RAW/GSM6999119_GasbE751113.pairs.gz	E75	ExE ectoderm
GasbE751120	/Volumes/SumSung500/CSU/0_HiRES/data/hires/GSE223917_RAW/GSM6999125_GasbE751120.pairs.gz	E75	endoderm
GasbE751121	/Volumes/SumSung500/CSU/0_HiRES/data/hires/GSE223917_RAW/GSM6999126_GasbE751121.pairs.gz	E75	ExE ectoderm
GasbE751129	/Volumes/SumSung500/CSU/0_HiRES/data/hires/GSE223917_RAW/GSM6999134_GasbE751129.pairs.gz	E75	ExE ectoderm
GasbE751131	/Volumes/SumSung500/CSU/0_HiRES/data/hires/GSE223917_RAW/GSM6999136_GasbE751131.pairs.gz	E75	ExE endoderm
GasbE751133	/Volumes/SumSung500/CSU/0_HiRES/data/hires/GSE223917_RAW/GSM6999138_GasbE751133.pairs.gz	E75	neural ectoderm
GasbE751139	/Volumes/SumSung500/CSU/0_HiRES/data/hires/GSE223917_RAW/GSM6999144_GasbE751139.pairs.gz	E75	blood
GasbE751140	/Volumes/SumSung500/CSU/0_HiRES/data/hires/GSE223917_RAW/GSM6999145_GasbE751140.pairs.gz	E75	ExE endoderm
GasbE751141	/Volumes/SumSung500/CSU/0_HiRES/data/hires/GSE223917_RAW/GSM6999146_GasbE751141.pairs.gz	E75	blood
GasbE751147	/Volumes/SumSung500/CSU/0_HiRES/data/hires/GSE223917_RAW/GSM6999152_GasbE751147.pairs.gz	E75	blood
GasbE751148	/Volumes/SumSung500/CSU/0_HiRES/data/hires/GSE223917_RAW/GSM6999153_GasbE751148.pairs.gz	E75	ExE mesoderm
GasbE751151	/Volumes/SumSung500/CSU/0_HiRES/data/hires/GSE223917_RAW/GSM6999156_GasbE751151.pairs.gz	E75	ExE endoderm
GasbE751153	/Volumes/SumSung500/CSU/0_HiRES/data/hires/GSE223917_RAW/GSM6999158_GasbE751153.pairs.gz	E75	early mesoderm
GasbE751163	/Volumes/SumSung500/CSU/0_HiRES/data/hires/GSE223917_RAW/GSM6999167_GasbE751163.pairs.gz	E75	endoderm
GasbE751164	/Volumes/SumSung500/CSU/0_HiRES/data/hires/GSE223917_RAW/GSM6999168_GasbE751164.pairs.gz	E75	ExE mesoderm
GasbE751166	/Volumes/SumSung500/CSU/0_HiRES/data/hires/GSE223917_RAW/GSM6999170_GasbE751166.pairs.gz	E75	ExE endoderm
GasbE751180	/Volumes/SumSung500/CSU/0_HiRES/data/hires/GSE223917_RAW/GSM6999183_GasbE751180.pairs.gz	E75	early mesenchyme
GasbE751181	/Volumes/SumSung500/CSU/0_HiRES/data/hires/GSE223917_RAW/GSM6999184_GasbE751181.pairs.gz	E75	ExE ectoderm
GasbE751190	/Volumes/SumSung500/CSU/0_HiRES/data/hires/GSE223917_RAW/GSM6999193_GasbE751190.pairs.gz	E75	early mesoderm
GasbE751191	/Volumes/SumSung500/CSU/0_HiRES/data/hires/GSE223917_RAW/GSM6999194_GasbE751191.pairs.gz	E75	early mesenchyme
GasbE751195	/Volumes/SumSung500/CSU/0_HiRES/data/hires/GSE223917_RAW/GSM6999198_GasbE751195.pairs.gz	E75	early mesoderm
GasbE751196	/Volumes/SumSung500/CSU/0_HiRES/data/hires/GSE223917_RAW/GSM6999199_GasbE751196.pairs.gz	E75	neural ectoderm
GasbE751197	/Volumes/SumSung500/CSU/0_HiRES/data/hires/GSE223917_RAW/GSM6999200_GasbE751197.pairs.gz	E75	ExE ectoderm
GasbE751202	/Volumes/SumSung500/CSU/0_HiRES/data/hires/GSE223917_RAW/GSM6999205_GasbE751202.pairs.gz	E75	ExE ectoderm
GasbE751203	/Volumes/SumSung500/CSU/0_HiRES/data/hires/GSE223917_RAW/GSM6999206_GasbE751203.pairs.gz	E75	mitosis
GasbE751204	/Volumes/SumSung500/CSU/0_HiRES/data/hires/GSE223917_RAW/GSM6999207_GasbE751204.pairs.gz	E75	blood
GasbE751208	/Volumes/SumSung500/CSU/0_HiRES/data/hires/GSE223917_RAW/GSM6999211_GasbE751208.pairs.gz	E75	epithelial cells
GasbE751210	/Volumes/SumSung500/CSU/0_HiRES/data/hires/GSE223917_RAW/GSM6999213_GasbE751210.pairs.gz	E75	early mesoderm
GasbE751214	/Volumes/SumSung500/CSU/0_HiRES/data/hires/GSE223917_RAW/GSM6999217_GasbE751214.pairs.gz	E75	neural ectoderm
GasbE751215	/Volumes/SumSung500/CSU/0_HiRES/data/hires/GSE223917_RAW/GSM6999218_GasbE751215.pairs.gz	E75	neural ectoderm
GasbE751216	/Volumes/SumSung500/CSU/0_HiRES/data/hires/GSE223917_RAW/GSM6999219_GasbE751216.pairs.gz	E75	ExE mesoderm
GasbE751218	/Volumes/SumSung500/CSU/0_HiRES/data/hires/GSE223917_RAW/GSM6999221_GasbE751218.pairs.gz	E75	neural ectoderm
GasbE751219	/Volumes/SumSung500/CSU/0_HiRES/data/hires/GSE223917_RAW/GSM6999222_GasbE751219.pairs.gz	E75	epithelial cells
GasbE751220	/Volumes/SumSung500/CSU/0_HiRES/data/hires/GSE223917_RAW/GSM6999223_GasbE751220.pairs.gz	E75	neural ectoderm
GasbE751222	/Volumes/SumSung500/CSU/0_HiRES/data/hires/GSE223917_RAW/GSM6999225_GasbE751222.pairs.gz	E75	neural ectoderm
GasbE751223	/Volumes/SumSung500/CSU/0_HiRES/data/hires/GSE223917_RAW/GSM6999226_GasbE751223.pairs.gz	E75	epithelial cells
GasbE751224	/Volumes/SumSung500/CSU/0_HiRES/data/hires/GSE223917_RAW/GSM6999227_GasbE751224.pairs.gz	E75	neural ectoderm
GasbE751225	/Volumes/SumSung500/CSU/0_HiRES/data/hires/GSE223917_RAW/GSM6999228_GasbE751225.pairs.gz	E75	early mesenchyme
GasbE751227	/Volumes/SumSung500/CSU/0_HiRES/data/hires/GSE223917_RAW/GSM6999230_GasbE751227.pairs.gz	E75	neural ectoderm
GasbE751228	/Volumes/SumSung500/CSU/0_HiRES/data/hires/GSE223917_RAW/GSM6999231_GasbE751228.pairs.gz	E75	early mesenchyme
GasbE751229	/Volumes/SumSung500/CSU/0_HiRES/data/hires/GSE223917_RAW/GSM6999232_GasbE751229.pairs.gz	E75	ExE endoderm
GasbE751230	/Volumes/SumSung500/CSU/0_HiRES/data/hires/GSE223917_RAW/GSM6999233_GasbE751230.pairs.gz	E75	mitosis
GasbE751231	/Volumes/SumSung500/CSU/0_HiRES/data/hires/GSE223917_RAW/GSM6999234_GasbE751231.pairs.gz	E75	early mesenchyme
GasbE751232	/Volumes/SumSung500/CSU/0_HiRES/data/hires/GSE223917_RAW/GSM6999235_GasbE751232.pairs.gz	E75	ExE ectoderm
GasbE751233	/Volumes/SumSung500/CSU/0_HiRES/data/hires/GSE223917_RAW/GSM6999236_GasbE751233.pairs.gz	E75	early mesenchyme
GasbE751234	/Volumes/SumSung500/CSU/0_HiRES/data/hires/GSE223917_RAW/GSM6999237_GasbE751234.pairs.gz	E75	endoderm
GasbE751235	/Volumes/SumSung500/CSU/0_HiRES/data/hires/GSE223917_RAW/GSM6999238_GasbE751235.pairs.gz	E75	early mesenchyme
GasbE751237	/Volumes/SumSung500/CSU/0_HiRES/data/hires/GSE223917_RAW/GSM6999240_GasbE751237.pairs.gz	E75	ExE ectoderm
GasbE751240	/Volumes/SumSung500/CSU/0_HiRES/data/hires/GSE223917_RAW/GSM6999242_GasbE751240.pairs.gz	E75	neural ectoderm
GasbE751241	/Volumes/SumSung500/CSU/0_HiRES/data/hires/GSE223917_RAW/GSM6999243_GasbE751241.pairs.gz	E75	ExE endoderm
GasbE751243	/Volumes/SumSung500/CSU/0_HiRES/data/hires/GSE223917_RAW/GSM6999245_GasbE751243.pairs.gz	E75	ExE ectoderm
GasbE751244	/Volumes/SumSung500/CSU/0_HiRES/data/hires/GSE223917_RAW/GSM6999246_GasbE751244.pairs.gz	E75	early mesenchyme
GasbE751245	/Volumes/SumSung500/CSU/0_HiRES/data/hires/GSE223917_RAW/GSM6999247_GasbE751245.pairs.gz	E75	early mesoderm
GasbE751247	/Volumes/SumSung500/CSU/0_HiRES/data/hires/GSE223917_RAW/GSM6999248_GasbE751247.pairs.gz	E75	blood
GasbE751255	/Volumes/SumSung500/CSU/0_HiRES/data/hires/GSE223917_RAW/GSM6999255_GasbE751255.pairs.gz	E75	early mesoderm
GasbE751256	/Volumes/SumSung500/CSU/0_HiRES/data/hires/GSE223917_RAW/GSM6999256_GasbE751256.pairs.gz	E75	ExE ectoderm
GasbE751258	/Volumes/SumSung500/CSU/0_HiRES/data/hires/GSE223917_RAW/GSM6999258_GasbE751258.pairs.gz	E75	blood
GasbE751259	/Volumes/SumSung500/CSU/0_HiRES/data/hires/GSE223917_RAW/GSM6999259_GasbE751259.pairs.gz	E75	blood
GasbE751260	/Volumes/SumSung500/CSU/0_HiRES/data/hires/GSE223917_RAW/GSM6999260_GasbE751260.pairs.gz	E75	epithelial cells
GasbE751261	/Volumes/SumSung500/CSU/0_HiRES/data/hires/GSE223917_RAW/GSM6999261_GasbE751261.pairs.gz	E75	neural ectoderm
GasbE751264	/Volumes/SumSung500/CSU/0_HiRES/data/hires/GSE223917_RAW/GSM6999264_GasbE751264.pairs.gz	E75	early mesenchyme
GasbE751266	/Volumes/SumSung500/CSU/0_HiRES/data/hires/GSE223917_RAW/GSM6999266_GasbE751266.pairs.gz	E75	neural ectoderm
GasbE751267	/Volumes/SumSung500/CSU/0_HiRES/data/hires/GSE223917_RAW/GSM6999267_GasbE751267.pairs.gz	E75	ExE endoderm
GasbE751268	/Volumes/SumSung500/CSU/0_HiRES/data/hires/GSE223917_RAW/GSM6999268_GasbE751268.pairs.gz	E75	early mesenchyme
GasbE751275	/Volumes/SumSung500/CSU/0_HiRES/data/hires/GSE223917_RAW/GSM6999275_GasbE751275.pairs.gz	E75	ExE mesoderm
GasbE751276	/Volumes/SumSung500/CSU/0_HiRES/data/hires/GSE223917_RAW/GSM6999276_GasbE751276.pairs.gz	E75	neural ectoderm
GasbE751277	/Volumes/SumSung500/CSU/0_HiRES/data/hires/GSE223917_RAW/GSM6999277_GasbE751277.pairs.gz	E75	neural ectoderm
GasbE751279	/Volumes/SumSung500/CSU/0_HiRES/data/hires/GSE223917_RAW/GSM6999279_GasbE751279.pairs.gz	E75	neural ectoderm
GasbE751286	/Volumes/SumSung500/CSU/0_HiRES/data/hires/GSE223917_RAW/GSM6999284_GasbE751286.pairs.gz	E75	epithelial cells
GasbE751293	/Volumes/SumSung500/CSU/0_HiRES/data/hires/GSE223917_RAW/GSM6999291_GasbE751293.pairs.gz	E75	mitosis
GasbE751296	/Volumes/SumSung500/CSU/0_HiRES/data/hires/GSE223917_RAW/GSM6999294_GasbE751296.pairs.gz	E75	early mesenchyme
GasbE751297	/Volumes/SumSung500/CSU/0_HiRES/data/hires/GSE223917_RAW/GSM6999295_GasbE751297.pairs.gz	E75	neural ectoderm
GasbE751298	/Volumes/SumSung500/CSU/0_HiRES/data/hires/GSE223917_RAW/GSM6999296_GasbE751298.pairs.gz	E75	early mesenchyme
GasbE751299	/Volumes/SumSung500/CSU/0_HiRES/data/hires/GSE223917_RAW/GSM6999297_GasbE751299.pairs.gz	E75	ExE ectoderm
GasbE751300	/Volumes/SumSung500/CSU/0_HiRES/data/hires/GSE223917_RAW/GSM6999298_GasbE751300.pairs.gz	E75	ExE ectoderm
GasbE751303	/Volumes/SumSung500/CSU/0_HiRES/data/hires/GSE223917_RAW/GSM6999301_GasbE751303.pairs.gz	E75	early mesoderm
GasbE751306	/Volumes/SumSung500/CSU/0_HiRES/data/hires/GSE223917_RAW/GSM6999304_GasbE751306.pairs.gz	E75	neural ectoderm
GasbE751307	/Volumes/SumSung500/CSU/0_HiRES/data/hires/GSE223917_RAW/GSM6999305_GasbE751307.pairs.gz	E75	blood
GasbE751310	/Volumes/SumSung500/CSU/0_HiRES/data/hires/GSE223917_RAW/GSM6999308_GasbE751310.pairs.gz	E75	ExE ectoderm
GasbE751311	/Volumes/SumSung500/CSU/0_HiRES/data/hires/GSE223917_RAW/GSM6999309_GasbE751311.pairs.gz	E75	blood
GasbE751312	/Volumes/SumSung500/CSU/0_HiRES/data/hires/GSE223917_RAW/GSM6999310_GasbE751312.pairs.gz	E75	early mesoderm
GasbE751317	/Volumes/SumSung500/CSU/0_HiRES/data/hires/GSE223917_RAW/GSM6999315_GasbE751317.pairs.gz	E75	mitosis
GasbE751320	/Volumes/SumSung500/CSU/0_HiRES/data/hires/GSE223917_RAW/GSM6999318_GasbE751320.pairs.gz	E75	ExE mesoderm
GasbE751321	/Volumes/SumSung500/CSU/0_HiRES/data/hires/GSE223917_RAW/GSM6999319_GasbE751321.pairs.gz	E75	neural ectoderm
GasbE751322	/Volumes/SumSung500/CSU/0_HiRES/data/hires/GSE223917_RAW/GSM6999320_GasbE751322.pairs.gz	E75	neural ectoderm
GasbE751323	/Volumes/SumSung500/CSU/0_HiRES/data/hires/GSE223917_RAW/GSM6999321_GasbE751323.pairs.gz	E75	ExE ectoderm
GasbE751331	/Volumes/SumSung500/CSU/0_HiRES/data/hires/GSE223917_RAW/GSM6999329_GasbE751331.pairs.gz	E75	neural ectoderm
GasbE751334	/Volumes/SumSung500/CSU/0_HiRES/data/hires/GSE223917_RAW/GSM6999332_GasbE751334.pairs.gz	E75	ExE endoderm
GasbE751335	/Volumes/SumSung500/CSU/0_HiRES/data/hires/GSE223917_RAW/GSM6999333_GasbE751335.pairs.gz	E75	neural ectoderm
GasbE751337	/Volumes/SumSung500/CSU/0_HiRES/data/hires/GSE223917_RAW/GSM6999335_GasbE751337.pairs.gz	E75	neural ectoderm
GasbE751338	/Volumes/SumSung500/CSU/0_HiRES/data/hires/GSE223917_RAW/GSM6999336_GasbE751338.pairs.gz	E75	endoderm
GasbE751339	/Volumes/SumSung500/CSU/0_HiRES/data/hires/GSE223917_RAW/GSM6999337_GasbE751339.pairs.gz	E75	ExE endoderm
GasbE751340	/Volumes/SumSung500/CSU/0_HiRES/data/hires/GSE223917_RAW/GSM6999338_GasbE751340.pairs.gz	E75	ExE ectoderm
GasbE751341	/Volumes/SumSung500/CSU/0_HiRES/data/hires/GSE223917_RAW/GSM6999339_GasbE751341.pairs.gz	E75	ExE mesoderm
GasbE751342	/Volumes/SumSung500/CSU/0_HiRES/data/hires/GSE223917_RAW/GSM6999340_GasbE751342.pairs.gz	E75	ExE mesoderm
GasbE751344	/Volumes/SumSung500/CSU/0_HiRES/data/hires/GSE223917_RAW/GSM6999342_GasbE751344.pairs.gz	E75	early mesoderm
GasbE751345	/Volumes/SumSung500/CSU/0_HiRES/data/hires/GSE223917_RAW/GSM6999343_GasbE751345.pairs.gz	E75	early mesoderm
GasbE751349	/Volumes/SumSung500/CSU/0_HiRES/data/hires/GSE223917_RAW/GSM6999347_GasbE751349.pairs.gz	E75	neural ectoderm
GasbE751350	/Volumes/SumSung500/CSU/0_HiRES/data/hires/GSE223917_RAW/GSM6999348_GasbE751350.pairs.gz	E75	ExE mesoderm
GasbE751351	/Volumes/SumSung500/CSU/0_HiRES/data/hires/GSE223917_RAW/GSM6999349_GasbE751351.pairs.gz	E75	endoderm
GasbE751353	/Volumes/SumSung500/CSU/0_HiRES/data/hires/GSE223917_RAW/GSM6999351_GasbE751353.pairs.gz	E75	early mesenchyme
GasbE751354	/Volumes/SumSung500/CSU/0_HiRES/data/hires/GSE223917_RAW/GSM6999352_GasbE751354.pairs.gz	E75	ExE ectoderm
GasbE751357	/Volumes/SumSung500/CSU/0_HiRES/data/hires/GSE223917_RAW/GSM6999355_GasbE751357.pairs.gz	E75	ExE ectoderm
GasbE751358	/Volumes/SumSung500/CSU/0_HiRES/data/hires/GSE223917_RAW/GSM6999356_GasbE751358.pairs.gz	E75	mitosis
GasbE751359	/Volumes/SumSung500/CSU/0_HiRES/data/hires/GSE223917_RAW/GSM6999357_GasbE751359.pairs.gz	E75	ExE mesoderm
GasbE751361	/Volumes/SumSung500/CSU/0_HiRES/data/hires/GSE223917_RAW/GSM6999359_GasbE751361.pairs.gz	E75	neural ectoderm
GasbE751362	/Volumes/SumSung500/CSU/0_HiRES/data/hires/GSE223917_RAW/GSM6999360_GasbE751362.pairs.gz	E75	ExE endoderm
GasbE751365	/Volumes/SumSung500/CSU/0_HiRES/data/hires/GSE223917_RAW/GSM6999363_GasbE751365.pairs.gz	E75	mitosis
GasbE751366	/Volumes/SumSung500/CSU/0_HiRES/data/hires/GSE223917_RAW/GSM6999364_GasbE751366.pairs.gz	E75	early mesoderm
GasbE751367	/Volumes/SumSung500/CSU/0_HiRES/data/hires/GSE223917_RAW/GSM6999365_GasbE751367.pairs.gz	E75	blood
GasbE751368	/Volumes/SumSung500/CSU/0_HiRES/data/hires/GSE223917_RAW/GSM6999366_GasbE751368.pairs.gz	E75	ExE mesoderm
GasbE751371	/Volumes/SumSung500/CSU/0_HiRES/data/hires/GSE223917_RAW/GSM6999369_GasbE751371.pairs.gz	E75	neural ectoderm
GasbE751372	/Volumes/SumSung500/CSU/0_HiRES/data/hires/GSE223917_RAW/GSM6999370_GasbE751372.pairs.gz	E75	early mesoderm
GasbE751375	/Volumes/SumSung500/CSU/0_HiRES/data/hires/GSE223917_RAW/GSM6999373_GasbE751375.pairs.gz	E75	neural ectoderm
GasbE751377	/Volumes/SumSung500/CSU/0_HiRES/data/hires/GSE223917_RAW/GSM6999375_GasbE751377.pairs.gz	E75	early mesoderm
GasbE751378	/Volumes/SumSung500/CSU/0_HiRES/data/hires/GSE223917_RAW/GSM6999376_GasbE751378.pairs.gz	E75	endoderm
GasbE751380	/Volumes/SumSung500/CSU/0_HiRES/data/hires/GSE223917_RAW/GSM6999378_GasbE751380.pairs.gz	E75	ExE mesoderm
GasbE751381	/Volumes/SumSung500/CSU/0_HiRES/data/hires/GSE223917_RAW/GSM6999379_GasbE751381.pairs.gz	E75	neural ectoderm
GascE753001	/Volumes/SumSung500/CSU/0_HiRES/data/hires/GSE223917_RAW/GSM6999380_GascE753001.pairs.gz	E75	neural ectoderm
GascE753002	/Volumes/SumSung500/CSU/0_HiRES/data/hires/GSE223917_RAW/GSM6999381_GascE753002.pairs.gz	E75	ExE mesoderm
GascE753012	/Volumes/SumSung500/CSU/0_HiRES/data/hires/GSE223917_RAW/GSM6999391_GascE753012.pairs.gz	E75	neural ectoderm
GascE753021	/Volumes/SumSung500/CSU/0_HiRES/data/hires/GSE223917_RAW/GSM6999400_GascE753021.pairs.gz	E75	mitosis
GascE753026	/Volumes/SumSung500/CSU/0_HiRES/data/hires/GSE223917_RAW/GSM6999405_GascE753026.pairs.gz	E75	neural ectoderm
GascE753028	/Volumes/SumSung500/CSU/0_HiRES/data/hires/GSE223917_RAW/GSM6999407_GascE753028.pairs.gz	E75	ExE endoderm
GascE753029	/Volumes/SumSung500/CSU/0_HiRES/data/hires/GSE223917_RAW/GSM6999408_GascE753029.pairs.gz	E75	ExE mesoderm
GascE753036	/Volumes/SumSung500/CSU/0_HiRES/data/hires/GSE223917_RAW/GSM6999415_GascE753036.pairs.gz	E75	ExE ectoderm
GascE753040	/Volumes/SumSung500/CSU/0_HiRES/data/hires/GSE223917_RAW/GSM6999418_GascE753040.pairs.gz	E75	endoderm
GascE753054	/Volumes/SumSung500/CSU/0_HiRES/data/hires/GSE223917_RAW/GSM6999432_GascE753054.pairs.gz	E75	blood
GascE753055	/Volumes/SumSung500/CSU/0_HiRES/data/hires/GSE223917_RAW/GSM6999433_GascE753055.pairs.gz	E75	early mesoderm
GascE753085	/Volumes/SumSung500/CSU/0_HiRES/data/hires/GSE223917_RAW/GSM6999463_GascE753085.pairs.gz	E75	endoderm
GascE753093	/Volumes/SumSung500/CSU/0_HiRES/data/hires/GSE223917_RAW/GSM6999471_GascE753093.pairs.gz	E75	ExE mesoderm
GascE753097	/Volumes/SumSung500/CSU/0_HiRES/data/hires/GSE223917_RAW/GSM6999475_GascE753097.pairs.gz	E75	neural ectoderm
GascE753098	/Volumes/SumSung500/CSU/0_HiRES/data/hires/GSE223917_RAW/GSM6999476_GascE753098.pairs.gz	E75	neural ectoderm
GascE753101	/Volumes/SumSung500/CSU/0_HiRES/data/hires/GSE223917_RAW/GSM6999479_GascE753101.pairs.gz	E75	early mesenchyme
GascE753108	/Volumes/SumSung500/CSU/0_HiRES/data/hires/GSE223917_RAW/GSM6999486_GascE753108.pairs.gz	E75	neural ectoderm
GascE753112	/Volumes/SumSung500/CSU/0_HiRES/data/hires/GSE223917_RAW/GSM6999490_GascE753112.pairs.gz	E75	early mesoderm
GascE753116	/Volumes/SumSung500/CSU/0_HiRES/data/hires/GSE223917_RAW/GSM6999494_GascE753116.pairs.gz	E75	ExE endoderm
GascE753119	/Volumes/SumSung500/CSU/0_HiRES/data/hires/GSE223917_RAW/GSM6999497_GascE753119.pairs.gz	E75	neural ectoderm
GascE753120	/Volumes/SumSung500/CSU/0_HiRES/data/hires/GSE223917_RAW/GSM6999498_GascE753120.pairs.gz	E75	early mesenchyme
GascE753124	/Volumes/SumSung500/CSU/0_HiRES/data/hires/GSE223917_RAW/GSM6999502_GascE753124.pairs.gz	E75	neural ectoderm
GascE753125	/Volumes/SumSung500/CSU/0_HiRES/data/hires/GSE223917_RAW/GSM6999503_GascE753125.pairs.gz	E75	ExE endoderm
GascE753130	/Volumes/SumSung500/CSU/0_HiRES/data/hires/GSE223917_RAW/GSM6999508_GascE753130.pairs.gz	E75	ExE endoderm
GascE753136	/Volumes/SumSung500/CSU/0_HiRES/data/hires/GSE223917_RAW/GSM6999513_GascE753136.pairs.gz	E75	ExE ectoderm
GascE753140	/Volumes/SumSung500/CSU/0_HiRES/data/hires/GSE223917_RAW/GSM6999517_GascE753140.pairs.gz	E75	neural ectoderm
GasdE701022	/Volumes/SumSung500/CSU/0_HiRES/data/hires/GSE223917_RAW/GSM6999542_GasdE701022.pairs.gz	E70	neural ectoderm
GasdE701023	/Volumes/SumSung500/CSU/0_HiRES/data/hires/GSE223917_RAW/GSM6999543_GasdE701023.pairs.gz	E70	ExE endoderm
GasdE701033	/Volumes/SumSung500/CSU/0_HiRES/data/hires/GSE223917_RAW/GSM6999553_GasdE701033.pairs.gz	E70	epiblast and PS
GasdE701039	/Volumes/SumSung500/CSU/0_HiRES/data/hires/GSE223917_RAW/GSM6999559_GasdE701039.pairs.gz	E70	blood
GasdE701043	/Volumes/SumSung500/CSU/0_HiRES/data/hires/GSE223917_RAW/GSM6999563_GasdE701043.pairs.gz	E70	early mesoderm
GasdE701046	/Volumes/SumSung500/CSU/0_HiRES/data/hires/GSE223917_RAW/GSM6999566_GasdE701046.pairs.gz	E70	epiblast and PS
GasdE701053	/Volumes/SumSung500/CSU/0_HiRES/data/hires/GSE223917_RAW/GSM6999573_GasdE701053.pairs.gz	E70	mitosis
GasdE701055	/Volumes/SumSung500/CSU/0_HiRES/data/hires/GSE223917_RAW/GSM6999575_GasdE701055.pairs.gz	E70	epiblast and PS
GasdE701062	/Volumes/SumSung500/CSU/0_HiRES/data/hires/GSE223917_RAW/GSM6999582_GasdE701062.pairs.gz	E70	endoderm
GasdE701067	/Volumes/SumSung500/CSU/0_HiRES/data/hires/GSE223917_RAW/GSM6999587_GasdE701067.pairs.gz	E70	ExE ectoderm
GasdE701072	/Volumes/SumSung500/CSU/0_HiRES/data/hires/GSE223917_RAW/GSM6999592_GasdE701072.pairs.gz	E70	epiblast and PS
GasdE701073	/Volumes/SumSung500/CSU/0_HiRES/data/hires/GSE223917_RAW/GSM6999593_GasdE701073.pairs.gz	E70	early mesoderm
GasdE701094	/Volumes/SumSung500/CSU/0_HiRES/data/hires/GSE223917_RAW/GSM6999614_GasdE701094.pairs.gz	E70	epiblast and PS
GasdE701106	/Volumes/SumSung500/CSU/0_HiRES/data/hires/GSE223917_RAW/GSM6999626_GasdE701106.pairs.gz	E70	epiblast and PS
GasdE701135	/Volumes/SumSung500/CSU/0_HiRES/data/hires/GSE223917_RAW/GSM6999654_GasdE701135.pairs.gz	E70	epiblast and PS
GasdE701141	/Volumes/SumSung500/CSU/0_HiRES/data/hires/GSE223917_RAW/GSM6999660_GasdE701141.pairs.gz	E70	epiblast and PS
GasdE701173	/Volumes/SumSung500/CSU/0_HiRES/data/hires/GSE223917_RAW/GSM6999691_GasdE701173.pairs.gz	E70	blood
GasdE701177	/Volumes/SumSung500/CSU/0_HiRES/data/hires/GSE223917_RAW/GSM6999695_GasdE701177.pairs.gz	E70	epiblast and PS
GasdE701185	/Volumes/SumSung500/CSU/0_HiRES/data/hires/GSE223917_RAW/GSM6999703_GasdE701185.pairs.gz	E70	ExE endoderm
GasdE701193	/Volumes/SumSung500/CSU/0_HiRES/data/hires/GSE223917_RAW/GSM6999711_GasdE701193.pairs.gz	E70	epiblast and PS
GasdE701198	/Volumes/SumSung500/CSU/0_HiRES/data/hires/GSE223917_RAW/GSM6999715_GasdE701198.pairs.gz	E70	epiblast and PS
GasdE701204	/Volumes/SumSung500/CSU/0_HiRES/data/hires/GSE223917_RAW/GSM6999721_GasdE701204.pairs.gz	E70	early mesoderm
GasdE701239	/Volumes/SumSung500/CSU/0_HiRES/data/hires/GSE223917_RAW/GSM6999755_GasdE701239.pairs.gz	E70	early mesoderm
GasdE701246	/Volumes/SumSung500/CSU/0_HiRES/data/hires/GSE223917_RAW/GSM6999761_GasdE701246.pairs.gz	E70	epiblast and PS
GasdE701281	/Volumes/SumSung500/CSU/0_HiRES/data/hires/GSE223917_RAW/GSM6999792_GasdE701281.pairs.gz	E70	early mesoderm
GasdE701286	/Volumes/SumSung500/CSU/0_HiRES/data/hires/GSE223917_RAW/GSM6999797_GasdE701286.pairs.gz	E70	ExE ectoderm
GasdE701293	/Volumes/SumSung500/CSU/0_HiRES/data/hires/GSE223917_RAW/GSM6999804_GasdE701293.pairs.gz	E70	blood
GasdE701313	/Volumes/SumSung500/CSU/0_HiRES/data/hires/GSE223917_RAW/GSM6999823_GasdE701313.pairs.gz	E70	mitosis
GasdE701315	/Volumes/SumSung500/CSU/0_HiRES/data/hires/GSE223917_RAW/GSM6999825_GasdE701315.pairs.gz	E70	epiblast and PS
GasdE701318	/Volumes/SumSung500/CSU/0_HiRES/data/hires/GSE223917_RAW/GSM6999828_GasdE701318.pairs.gz	E70	ExE endoderm
GasdE701333	/Volumes/SumSung500/CSU/0_HiRES/data/hires/GSE223917_RAW/GSM6999843_GasdE701333.pairs.gz	E70	epiblast and PS
GasdE701368	/Volumes/SumSung500/CSU/0_HiRES/data/hires/GSE223917_RAW/GSM6999877_GasdE701368.pairs.gz	E70	neural ectoderm
GasdE701369	/Volumes/SumSung500/CSU/0_HiRES/data/hires/GSE223917_RAW/GSM6999878_GasdE701369.pairs.gz	E70	epiblast and PS
GasdE701370	/Volumes/SumSung500/CSU/0_HiRES/data/hires/GSE223917_RAW/GSM6999879_GasdE701370.pairs.gz	E70	epiblast and PS
GasdE701371	/Volumes/SumSung500/CSU/0_HiRES/data/hires/GSE223917_RAW/GSM6999880_GasdE701371.pairs.gz	E70	epiblast and PS
GasdE701384	/Volumes/SumSung500/CSU/0_HiRES/data/hires/GSE223917_RAW/GSM6999893_GasdE701384.pairs.gz	E70	epiblast and PS
GaseE751001	/Volumes/SumSung500/CSU/0_HiRES/data/hires/GSE223917_RAW/GSM6999894_GaseE751001.pairs.gz	E75	blood
GaseE751002	/Volumes/SumSung500/CSU/0_HiRES/data/hires/GSE223917_RAW/GSM6999895_GaseE751002.pairs.gz	E75	ExE endoderm
GaseE751005	/Volumes/SumSung500/CSU/0_HiRES/data/hires/GSE223917_RAW/GSM6999898_GaseE751005.pairs.gz	E75	ExE mesoderm
GaseE751006	/Volumes/SumSung500/CSU/0_HiRES/data/hires/GSE223917_RAW/GSM6999899_GaseE751006.pairs.gz	E75	blood
GaseE751010	/Volumes/SumSung500/CSU/0_HiRES/data/hires/GSE223917_RAW/GSM6999903_GaseE751010.pairs.gz	E75	ExE mesoderm
GaseE751011	/Volumes/SumSung500/CSU/0_HiRES/data/hires/GSE223917_RAW/GSM6999904_GaseE751011.pairs.gz	E75	early mesoderm
GaseE751016	/Volumes/SumSung500/CSU/0_HiRES/data/hires/GSE223917_RAW/GSM6999909_GaseE751016.pairs.gz	E75	ExE ectoderm
GaseE751023	/Volumes/SumSung500/CSU/0_HiRES/data/hires/GSE223917_RAW/GSM6999915_GaseE751023.pairs.gz	E75	epiblast and PS
GaseE751029	/Volumes/SumSung500/CSU/0_HiRES/data/hires/GSE223917_RAW/GSM6999921_GaseE751029.pairs.gz	E75	ExE endoderm
GaseE751030	/Volumes/SumSung500/CSU/0_HiRES/data/hires/GSE223917_RAW/GSM6999922_GaseE751030.pairs.gz	E75	ExE endoderm
GaseE751031	/Volumes/SumSung500/CSU/0_HiRES/data/hires/GSE223917_RAW/GSM6999923_GaseE751031.pairs.gz	E75	early mesenchyme
GaseE751042	/Volumes/SumSung500/CSU/0_HiRES/data/hires/GSE223917_RAW/GSM6999933_GaseE751042.pairs.gz	E75	ExE endoderm
GaseE751044	/Volumes/SumSung500/CSU/0_HiRES/data/hires/GSE223917_RAW/GSM6999935_GaseE751044.pairs.gz	E75	ExE mesoderm
GaseE751046	/Volumes/SumSung500/CSU/0_HiRES/data/hires/GSE223917_RAW/GSM6999937_GaseE751046.pairs.gz	E75	early mesenchyme
GaseE751051	/Volumes/SumSung500/CSU/0_HiRES/data/hires/GSE223917_RAW/GSM6999942_GaseE751051.pairs.gz	E75	ExE endoderm
GaseE751057	/Volumes/SumSung500/CSU/0_HiRES/data/hires/GSE223917_RAW/GSM6999947_GaseE751057.pairs.gz	E75	ExE ectoderm
GaseE751059	/Volumes/SumSung500/CSU/0_HiRES/data/hires/GSE223917_RAW/GSM6999949_GaseE751059.pairs.gz	E75	ExE endoderm
GaseE751066	/Volumes/SumSung500/CSU/0_HiRES/data/hires/GSE223917_RAW/GSM6999956_GaseE751066.pairs.gz	E75	mitosis
GaseE751069	/Volumes/SumSung500/CSU/0_HiRES/data/hires/GSE223917_RAW/GSM6999959_GaseE751069.pairs.gz	E75	ExE endoderm
GaseE751072	/Volumes/SumSung500/CSU/0_HiRES/data/hires/GSE223917_RAW/GSM6999962_GaseE751072.pairs.gz	E75	ExE ectoderm
GaseE751076	/Volumes/SumSung500/CSU/0_HiRES/data/hires/GSE223917_RAW/GSM6999965_GaseE751076.pairs.gz	E75	endoderm
GaseE751077	/Volumes/SumSung500/CSU/0_HiRES/data/hires/GSE223917_RAW/GSM6999966_GaseE751077.pairs.gz	E75	early mesenchyme
GaseE751080	/Volumes/SumSung500/CSU/0_HiRES/data/hires/GSE223917_RAW/GSM6999969_GaseE751080.pairs.gz	E75	neural ectoderm
GaseE751084	/Volumes/SumSung500/CSU/0_HiRES/data/hires/GSE223917_RAW/GSM6999973_GaseE751084.pairs.gz	E75	early mesoderm
GaseE751085	/Volumes/SumSung500/CSU/0_HiRES/data/hires/GSE223917_RAW/GSM6999974_GaseE751085.pairs.gz	E75	blood
GaseE751086	/Volumes/SumSung500/CSU/0_HiRES/data/hires/GSE223917_RAW/GSM6999975_GaseE751086.pairs.gz	E75	neural ectoderm
GaseE751090	/Volumes/SumSung500/CSU/0_HiRES/data/hires/GSE223917_RAW/GSM6999979_GaseE751090.pairs.gz	E75	early mesoderm
GaseE751091	/Volumes/SumSung500/CSU/0_HiRES/data/hires/GSE223917_RAW/GSM6999980_GaseE751091.pairs.gz	E75	early mesenchyme
GaseE751092	/Volumes/SumSung500/CSU/0_HiRES/data/hires/GSE223917_RAW/GSM6999981_GaseE751092.pairs.gz	E75	endoderm
GaseE751095	/Volumes/SumSung500/CSU/0_HiRES/data/hires/GSE223917_RAW/GSM6999984_GaseE751095.pairs.gz	E75	ExE endoderm
GaseE751096	/Volumes/SumSung500/CSU/0_HiRES/data/hires/GSE223917_RAW/GSM6999985_GaseE751096.pairs.gz	E75	ExE endoderm
GaseE751098	/Volumes/SumSung500/CSU/0_HiRES/data/hires/GSE223917_RAW/GSM6999987_GaseE751098.pairs.gz	E75	epiblast and PS
GaseE751099	/Volumes/SumSung500/CSU/0_HiRES/data/hires/GSE223917_RAW/GSM6999988_GaseE751099.pairs.gz	E75	ExE ectoderm
GaseE751100	/Volumes/SumSung500/CSU/0_HiRES/data/hires/GSE223917_RAW/GSM6999989_GaseE751100.pairs.gz	E75	ExE endoderm
GaseE751105	/Volumes/SumSung500/CSU/0_HiRES/data/hires/GSE223917_RAW/GSM6999993_GaseE751105.pairs.gz	E75	ExE ectoderm
GaseE751106	/Volumes/SumSung500/CSU/0_HiRES/data/hires/GSE223917_RAW/GSM6999994_GaseE751106.pairs.gz	E75	epiblast and PS
GaseE751108	/Volumes/SumSung500/CSU/0_HiRES/data/hires/GSE223917_RAW/GSM6999996_GaseE751108.pairs.gz	E75	ExE endoderm
GaseE751110	/Volumes/SumSung500/CSU/0_HiRES/data/hires/GSE223917_RAW/GSM6999998_GaseE751110.pairs.gz	E75	early mesoderm
GaseE751111	/Volumes/SumSung500/CSU/0_HiRES/data/hires/GSE223917_RAW/GSM6999999_GaseE751111.pairs.gz	E75	blood
GaseE751113	/Volumes/SumSung500/CSU/0_HiRES/data/hires/GSE223917_RAW/GSM7000001_GaseE751113.pairs.gz	E75	ExE ectoderm
GaseE751114	/Volumes/SumSung500/CSU/0_HiRES/data/hires/GSE223917_RAW/GSM7000002_GaseE751114.pairs.gz	E75	ExE ectoderm
GaseE751115	/Volumes/SumSung500/CSU/0_HiRES/data/hires/GSE223917_RAW/GSM7000003_GaseE751115.pairs.gz	E75	epiblast and PS
GaseE751123	/Volumes/SumSung500/CSU/0_HiRES/data/hires/GSE223917_RAW/GSM7000011_GaseE751123.pairs.gz	E75	neural ectoderm
GaseE751124	/Volumes/SumSung500/CSU/0_HiRES/data/hires/GSE223917_RAW/GSM7000012_GaseE751124.pairs.gz	E75	ExE ectoderm
GaseE751125	/Volumes/SumSung500/CSU/0_HiRES/data/hires/GSE223917_RAW/GSM7000013_GaseE751125.pairs.gz	E75	early mesoderm
GaseE751126	/Volumes/SumSung500/CSU/0_HiRES/data/hires/GSE223917_RAW/GSM7000014_GaseE751126.pairs.gz	E75	ExE endoderm
GaseE751127	/Volumes/SumSung500/CSU/0_HiRES/data/hires/GSE223917_RAW/GSM7000015_GaseE751127.pairs.gz	E75	blood
GaseE751130	/Volumes/SumSung500/CSU/0_HiRES/data/hires/GSE223917_RAW/GSM7000018_GaseE751130.pairs.gz	E75	epithelial cells
GaseE751134	/Volumes/SumSung500/CSU/0_HiRES/data/hires/GSE223917_RAW/GSM7000022_GaseE751134.pairs.gz	E75	epiblast and PS
GaseE751135	/Volumes/SumSung500/CSU/0_HiRES/data/hires/GSE223917_RAW/GSM7000023_GaseE751135.pairs.gz	E75	early mesoderm
GaseE751141	/Volumes/SumSung500/CSU/0_HiRES/data/hires/GSE223917_RAW/GSM7000028_GaseE751141.pairs.gz	E75	ExE ectoderm
GaseE751143	/Volumes/SumSung500/CSU/0_HiRES/data/hires/GSE223917_RAW/GSM7000030_GaseE751143.pairs.gz	E75	ExE mesoderm
GaseE751144	/Volumes/SumSung500/CSU/0_HiRES/data/hires/GSE223917_RAW/GSM7000031_GaseE751144.pairs.gz	E75	ExE endoderm
GaseE751149	/Volumes/SumSung500/CSU/0_HiRES/data/hires/GSE223917_RAW/GSM7000036_GaseE751149.pairs.gz	E75	neural ectoderm
GaseE751151	/Volumes/SumSung500/CSU/0_HiRES/data/hires/GSE223917_RAW/GSM7000038_GaseE751151.pairs.gz	E75	epiblast and PS
GaseE751152	/Volumes/SumSung500/CSU/0_HiRES/data/hires/GSE223917_RAW/GSM7000039_GaseE751152.pairs.gz	E75	early mesoderm
GaseE751154	/Volumes/SumSung500/CSU/0_HiRES/data/hires/GSE223917_RAW/GSM7000041_GaseE751154.pairs.gz	E75	ExE ectoderm
GaseE751158	/Volumes/SumSung500/CSU/0_HiRES/data/hires/GSE223917_RAW/GSM7000045_GaseE751158.pairs.gz	E75	early mesoderm
GaseE751160	/Volumes/SumSung500/CSU/0_HiRES/data/hires/GSE223917_RAW/GSM7000047_GaseE751160.pairs.gz	E75	epiblast and PS
GaseE751162	/Volumes/SumSung500/CSU/0_HiRES/data/hires/GSE223917_RAW/GSM7000049_GaseE751162.pairs.gz	E75	ExE ectoderm
GaseE751164	/Volumes/SumSung500/CSU/0_HiRES/data/hires/GSE223917_RAW/GSM7000050_GaseE751164.pairs.gz	E75	ExE mesoderm
GaseE751167	/Volumes/SumSung500/CSU/0_HiRES/data/hires/GSE223917_RAW/GSM7000053_GaseE751167.pairs.gz	E75	mitosis
GaseE751168	/Volumes/SumSung500/CSU/0_HiRES/data/hires/GSE223917_RAW/GSM7000054_GaseE751168.pairs.gz	E75	epiblast and PS
GaseE751169	/Volumes/SumSung500/CSU/0_HiRES/data/hires/GSE223917_RAW/GSM7000055_GaseE751169.pairs.gz	E75	neural ectoderm
GaseE751176	/Volumes/SumSung500/CSU/0_HiRES/data/hires/GSE223917_RAW/GSM7000062_GaseE751176.pairs.gz	E75	epiblast and PS
GaseE751177	/Volumes/SumSung500/CSU/0_HiRES/data/hires/GSE223917_RAW/GSM7000063_GaseE751177.pairs.gz	E75	epithelial cells
GaseE751179	/Volumes/SumSung500/CSU/0_HiRES/data/hires/GSE223917_RAW/GSM7000065_GaseE751179.pairs.gz	E75	epiblast and PS
GaseE751180	/Volumes/SumSung500/CSU/0_HiRES/data/hires/GSE223917_RAW/GSM7000066_GaseE751180.pairs.gz	E75	ExE mesoderm
GaseE751182	/Volumes/SumSung500/CSU/0_HiRES/data/hires/GSE223917_RAW/GSM7000068_GaseE751182.pairs.gz	E75	mitosis
GaseE751186	/Volumes/SumSung500/CSU/0_HiRES/data/hires/GSE223917_RAW/GSM7000072_GaseE751186.pairs.gz	E75	ExE endoderm
GaseE751189	/Volumes/SumSung500/CSU/0_HiRES/data/hires/GSE223917_RAW/GSM7000075_GaseE751189.pairs.gz	E75	ExE ectoderm
GaseE751190	/Volumes/SumSung500/CSU/0_HiRES/data/hires/GSE223917_RAW/GSM7000076_GaseE751190.pairs.gz	E75	epiblast and PS
GaseE751191	/Volumes/SumSung500/CSU/0_HiRES/data/hires/GSE223917_RAW/GSM7000077_GaseE751191.pairs.gz	E75	ExE endoderm
GaseE751192	/Volumes/SumSung500/CSU/0_HiRES/data/hires/GSE223917_RAW/GSM7000078_GaseE751192.pairs.gz	E75	endoderm
GaseE751194	/Volumes/SumSung500/CSU/0_HiRES/data/hires/GSE223917_RAW/GSM7000079_GaseE751194.pairs.gz	E75	early mesenchyme
GaseE751196	/Volumes/SumSung500/CSU/0_HiRES/data/hires/GSE223917_RAW/GSM7000081_GaseE751196.pairs.gz	E75	ExE mesoderm
GaseE751199	/Volumes/SumSung500/CSU/0_HiRES/data/hires/GSE223917_RAW/GSM7000084_GaseE751199.pairs.gz	E75	endoderm
GaseE751201	/Volumes/SumSung500/CSU/0_HiRES/data/hires/GSE223917_RAW/GSM7000086_GaseE751201.pairs.gz	E75	ExE mesoderm
GaseE751203	/Volumes/SumSung500/CSU/0_HiRES/data/hires/GSE223917_RAW/GSM7000088_GaseE751203.pairs.gz	E75	neural ectoderm
GaseE751204	/Volumes/SumSung500/CSU/0_HiRES/data/hires/GSE223917_RAW/GSM7000089_GaseE751204.pairs.gz	E75	blood
GaseE751205	/Volumes/SumSung500/CSU/0_HiRES/data/hires/GSE223917_RAW/GSM7000090_GaseE751205.pairs.gz	E75	early mesenchyme
GaseE751208	/Volumes/SumSung500/CSU/0_HiRES/data/hires/GSE223917_RAW/GSM7000093_GaseE751208.pairs.gz	E75	mitosis
GaseE751212	/Volumes/SumSung500/CSU/0_HiRES/data/hires/GSE223917_RAW/GSM7000096_GaseE751212.pairs.gz	E75	early mesenchyme
GaseE751214	/Volumes/SumSung500/CSU/0_HiRES/data/hires/GSE223917_RAW/GSM7000098_GaseE751214.pairs.gz	E75	early mesenchyme
GaseE751216	/Volumes/SumSung500/CSU/0_HiRES/data/hires/GSE223917_RAW/GSM7000100_GaseE751216.pairs.gz	E75	neural ectoderm
GaseE751219	/Volumes/SumSung500/CSU/0_HiRES/data/hires/GSE223917_RAW/GSM7000103_GaseE751219.pairs.gz	E75	neural ectoderm
GaseE751220	/Volumes/SumSung500/CSU/0_HiRES/data/hires/GSE223917_RAW/GSM7000104_GaseE751220.pairs.gz	E75	ExE ectoderm
GaseE751222	/Volumes/SumSung500/CSU/0_HiRES/data/hires/GSE223917_RAW/GSM7000106_GaseE751222.pairs.gz	E75	epithelial cells
GaseE751224	/Volumes/SumSung500/CSU/0_HiRES/data/hires/GSE223917_RAW/GSM7000108_GaseE751224.pairs.gz	E75	early mesenchyme
GaseE751225	/Volumes/SumSung500/CSU/0_HiRES/data/hires/GSE223917_RAW/GSM7000109_GaseE751225.pairs.gz	E75	epithelial cells
GaseE751226	/Volumes/SumSung500/CSU/0_HiRES/data/hires/GSE223917_RAW/GSM7000110_GaseE751226.pairs.gz	E75	early mesenchyme
GaseE751230	/Volumes/SumSung500/CSU/0_HiRES/data/hires/GSE223917_RAW/GSM7000114_GaseE751230.pairs.gz	E75	early mesenchyme
GaseE751232	/Volumes/SumSung500/CSU/0_HiRES/data/hires/GSE223917_RAW/GSM7000116_GaseE751232.pairs.gz	E75	neural ectoderm
GaseE751233	/Volumes/SumSung500/CSU/0_HiRES/data/hires/GSE223917_RAW/GSM7000117_GaseE751233.pairs.gz	E75	early mesenchyme
GaseE751234	/Volumes/SumSung500/CSU/0_HiRES/data/hires/GSE223917_RAW/GSM7000118_GaseE751234.pairs.gz	E75	neural ectoderm
GaseE751242	/Volumes/SumSung500/CSU/0_HiRES/data/hires/GSE223917_RAW/GSM7000125_GaseE751242.pairs.gz	E75	neural ectoderm
GaseE751244	/Volumes/SumSung500/CSU/0_HiRES/data/hires/GSE223917_RAW/GSM7000127_GaseE751244.pairs.gz	E75	endoderm
GaseE751245	/Volumes/SumSung500/CSU/0_HiRES/data/hires/GSE223917_RAW/GSM7000128_GaseE751245.pairs.gz	E75	neural ectoderm
GaseE751251	/Volumes/SumSung500/CSU/0_HiRES/data/hires/GSE223917_RAW/GSM7000134_GaseE751251.pairs.gz	E75	blood
GaseE751253	/Volumes/SumSung500/CSU/0_HiRES/data/hires/GSE223917_RAW/GSM7000136_GaseE751253.pairs.gz	E75	ExE endoderm
GaseE751258	/Volumes/SumSung500/CSU/0_HiRES/data/hires/GSE223917_RAW/GSM7000140_GaseE751258.pairs.gz	E75	early mesenchyme
GaseE751260	/Volumes/SumSung500/CSU/0_HiRES/data/hires/GSE223917_RAW/GSM7000142_GaseE751260.pairs.gz	E75	ExE mesoderm
GaseE751263	/Volumes/SumSung500/CSU/0_HiRES/data/hires/GSE223917_RAW/GSM7000145_GaseE751263.pairs.gz	E75	ExE endoderm
GaseE751265	/Volumes/SumSung500/CSU/0_HiRES/data/hires/GSE223917_RAW/GSM7000147_GaseE751265.pairs.gz	E75	neural ectoderm
GaseE751268	/Volumes/SumSung500/CSU/0_HiRES/data/hires/GSE223917_RAW/GSM7000150_GaseE751268.pairs.gz	E75	blood
GaseE751270	/Volumes/SumSung500/CSU/0_HiRES/data/hires/GSE223917_RAW/GSM7000152_GaseE751270.pairs.gz	E75	ExE mesoderm
GaseE751271	/Volumes/SumSung500/CSU/0_HiRES/data/hires/GSE223917_RAW/GSM7000153_GaseE751271.pairs.gz	E75	ExE ectoderm
GaseE751273	/Volumes/SumSung500/CSU/0_HiRES/data/hires/GSE223917_RAW/GSM7000155_GaseE751273.pairs.gz	E75	early mesoderm
GaseE751274	/Volumes/SumSung500/CSU/0_HiRES/data/hires/GSE223917_RAW/GSM7000156_GaseE751274.pairs.gz	E75	ExE endoderm
GaseE751276	/Volumes/SumSung500/CSU/0_HiRES/data/hires/GSE223917_RAW/GSM7000158_GaseE751276.pairs.gz	E75	ExE mesoderm
GaseE751277	/Volumes/SumSung500/CSU/0_HiRES/data/hires/GSE223917_RAW/GSM7000159_GaseE751277.pairs.gz	E75	ExE endoderm
GaseE751278	/Volumes/SumSung500/CSU/0_HiRES/data/hires/GSE223917_RAW/GSM7000160_GaseE751278.pairs.gz	E75	early mesoderm
GaseE751290	/Volumes/SumSung500/CSU/0_HiRES/data/hires/GSE223917_RAW/GSM7000169_GaseE751290.pairs.gz	E75	mitosis
GaseE751293	/Volumes/SumSung500/CSU/0_HiRES/data/hires/GSE223917_RAW/GSM7000172_GaseE751293.pairs.gz	E75	neural ectoderm
GaseE751296	/Volumes/SumSung500/CSU/0_HiRES/data/hires/GSE223917_RAW/GSM7000175_GaseE751296.pairs.gz	E75	mitosis
GaseE751298	/Volumes/SumSung500/CSU/0_HiRES/data/hires/GSE223917_RAW/GSM7000177_GaseE751298.pairs.gz	E75	neural ectoderm
GaseE751299	/Volumes/SumSung500/CSU/0_HiRES/data/hires/GSE223917_RAW/GSM7000178_GaseE751299.pairs.gz	E75	endoderm
GaseE751302	/Volumes/SumSung500/CSU/0_HiRES/data/hires/GSE223917_RAW/GSM7000180_GaseE751302.pairs.gz	E75	ExE ectoderm
GaseE751303	/Volumes/SumSung500/CSU/0_HiRES/data/hires/GSE223917_RAW/GSM7000181_GaseE751303.pairs.gz	E75	ExE ectoderm
GaseE751307	/Volumes/SumSung500/CSU/0_HiRES/data/hires/GSE223917_RAW/GSM7000184_GaseE751307.pairs.gz	E75	mitosis
GaseE751313	/Volumes/SumSung500/CSU/0_HiRES/data/hires/GSE223917_RAW/GSM7000190_GaseE751313.pairs.gz	E75	early mesenchyme
GaseE751322	/Volumes/SumSung500/CSU/0_HiRES/data/hires/GSE223917_RAW/GSM7000199_GaseE751322.pairs.gz	E75	early mesoderm
GaseE751323	/Volumes/SumSung500/CSU/0_HiRES/data/hires/GSE223917_RAW/GSM7000200_GaseE751323.pairs.gz	E75	early mesenchyme
GaseE751325	/Volumes/SumSung500/CSU/0_HiRES/data/hires/GSE223917_RAW/GSM7000202_GaseE751325.pairs.gz	E75	early mesoderm
GaseE751333	/Volumes/SumSung500/CSU/0_HiRES/data/hires/GSE223917_RAW/GSM7000210_GaseE751333.pairs.gz	E75	ExE ectoderm
GaseE751338	/Volumes/SumSung500/CSU/0_HiRES/data/hires/GSE223917_RAW/GSM7000215_GaseE751338.pairs.gz	E75	endoderm
GaseE751342	/Volumes/SumSung500/CSU/0_HiRES/data/hires/GSE223917_RAW/GSM7000218_GaseE751342.pairs.gz	E75	ExE ectoderm
GaseE751345	/Volumes/SumSung500/CSU/0_HiRES/data/hires/GSE223917_RAW/GSM7000221_GaseE751345.pairs.gz	E75	ExE endoderm
GaseE751346	/Volumes/SumSung500/CSU/0_HiRES/data/hires/GSE223917_RAW/GSM7000222_GaseE751346.pairs.gz	E75	early mesoderm
GaseE751347	/Volumes/SumSung500/CSU/0_HiRES/data/hires/GSE223917_RAW/GSM7000223_GaseE751347.pairs.gz	E75	blood
GaseE751348	/Volumes/SumSung500/CSU/0_HiRES/data/hires/GSE223917_RAW/GSM7000224_GaseE751348.pairs.gz	E75	epiblast and PS
GaseE751349	/Volumes/SumSung500/CSU/0_HiRES/data/hires/GSE223917_RAW/GSM7000225_GaseE751349.pairs.gz	E75	ExE ectoderm
GaseE751358	/Volumes/SumSung500/CSU/0_HiRES/data/hires/GSE223917_RAW/GSM7000233_GaseE751358.pairs.gz	E75	ExE endoderm
GaseE751359	/Volumes/SumSung500/CSU/0_HiRES/data/hires/GSE223917_RAW/GSM7000234_GaseE751359.pairs.gz	E75	ExE endoderm
GaseE751361	/Volumes/SumSung500/CSU/0_HiRES/data/hires/GSE223917_RAW/GSM7000236_GaseE751361.pairs.gz	E75	epiblast and PS
GaseE751362	/Volumes/SumSung500/CSU/0_HiRES/data/hires/GSE223917_RAW/GSM7000237_GaseE751362.pairs.gz	E75	ExE endoderm
GaseE751365	/Volumes/SumSung500/CSU/0_HiRES/data/hires/GSE223917_RAW/GSM7000239_GaseE751365.pairs.gz	E75	ExE mesoderm
GaseE751366	/Volumes/SumSung500/CSU/0_HiRES/data/hires/GSE223917_RAW/GSM7000240_GaseE751366.pairs.gz	E75	ExE ectoderm
GaseE751371	/Volumes/SumSung500/CSU/0_HiRES/data/hires/GSE223917_RAW/GSM7000245_GaseE751371.pairs.gz	E75	neural ectoderm
GaseE751377	/Volumes/SumSung500/CSU/0_HiRES/data/hires/GSE223917_RAW/GSM7000251_GaseE751377.pairs.gz	E75	ExE endoderm
GaseE751379	/Volumes/SumSung500/CSU/0_HiRES/data/hires/GSE223917_RAW/GSM7000252_GaseE751379.pairs.gz	E75	mitosis
GaseE751383	/Volumes/SumSung500/CSU/0_HiRES/data/hires/GSE223917_RAW/GSM7000255_GaseE751383.pairs.gz	E75	mitosis
GaseE751384	/Volumes/SumSung500/CSU/0_HiRES/data/hires/GSE223917_RAW/GSM7000256_GaseE751384.pairs.gz	E75	ExE endoderm
GaseE752003	/Volumes/SumSung500/CSU/0_HiRES/data/hires/GSE223917_RAW/GSM7000259_GaseE752003.pairs.gz	E75	ExE mesoderm
GaseE752005	/Volumes/SumSung500/CSU/0_HiRES/data/hires/GSE223917_RAW/GSM7000261_GaseE752005.pairs.gz	E75	early mesoderm
GaseE752006	/Volumes/SumSung500/CSU/0_HiRES/data/hires/GSE223917_RAW/GSM7000262_GaseE752006.pairs.gz	E75	neural ectoderm
GaseE752010	/Volumes/SumSung500/CSU/0_HiRES/data/hires/GSE223917_RAW/GSM7000264_GaseE752010.pairs.gz	E75	epiblast and PS
GaseE752030	/Volumes/SumSung500/CSU/0_HiRES/data/hires/GSE223917_RAW/GSM7000280_GaseE752030.pairs.gz	E75	ExE ectoderm
GaseE752031	/Volumes/SumSung500/CSU/0_HiRES/data/hires/GSE223917_RAW/GSM7000281_GaseE752031.pairs.gz	E75	early mesoderm
GaseE752036	/Volumes/SumSung500/CSU/0_HiRES/data/hires/GSE223917_RAW/GSM7000285_GaseE752036.pairs.gz	E75	neural ectoderm
GaseE752037	/Volumes/SumSung500/CSU/0_HiRES/data/hires/GSE223917_RAW/GSM7000286_GaseE752037.pairs.gz	E75	neural ectoderm
GaseE752038	/Volumes/SumSung500/CSU/0_HiRES/data/hires/GSE223917_RAW/GSM7000287_GaseE752038.pairs.gz	E75	ExE mesoderm
GaseE752042	/Volumes/SumSung500/CSU/0_HiRES/data/hires/GSE223917_RAW/GSM7000290_GaseE752042.pairs.gz	E75	ExE endoderm
GaseE752054	/Volumes/SumSung500/CSU/0_HiRES/data/hires/GSE223917_RAW/GSM7000299_GaseE752054.pairs.gz	E75	ExE ectoderm
GaseE752055	/Volumes/SumSung500/CSU/0_HiRES/data/hires/GSE223917_RAW/GSM7000300_GaseE752055.pairs.gz	E75	ExE mesoderm
GaseE752056	/Volumes/SumSung500/CSU/0_HiRES/data/hires/GSE223917_RAW/GSM7000301_GaseE752056.pairs.gz	E75	ExE endoderm
GaseE752060	/Volumes/SumSung500/CSU/0_HiRES/data/hires/GSE223917_RAW/GSM7000305_GaseE752060.pairs.gz	E75	neural ectoderm
GaseE752066	/Volumes/SumSung500/CSU/0_HiRES/data/hires/GSE223917_RAW/GSM7000308_GaseE752066.pairs.gz	E75	ExE mesoderm
GaseE752067	/Volumes/SumSung500/CSU/0_HiRES/data/hires/GSE223917_RAW/GSM7000309_GaseE752067.pairs.gz	E75	early mesenchyme
GaseE752068	/Volumes/SumSung500/CSU/0_HiRES/data/hires/GSE223917_RAW/GSM7000310_GaseE752068.pairs.gz	E75	mitosis
GaseE752073	/Volumes/SumSung500/CSU/0_HiRES/data/hires/GSE223917_RAW/GSM7000315_GaseE752073.pairs.gz	E75	mitosis
GaseE752076	/Volumes/SumSung500/CSU/0_HiRES/data/hires/GSE223917_RAW/GSM7000318_GaseE752076.pairs.gz	E75	early mesenchyme
GaseE752087	/Volumes/SumSung500/CSU/0_HiRES/data/hires/GSE223917_RAW/GSM7000325_GaseE752087.pairs.gz	E75	ExE endoderm
GaseE752091	/Volumes/SumSung500/CSU/0_HiRES/data/hires/GSE223917_RAW/GSM7000328_GaseE752091.pairs.gz	E75	mitosis
GaseE752092	/Volumes/SumSung500/CSU/0_HiRES/data/hires/GSE223917_RAW/GSM7000329_GaseE752092.pairs.gz	E75	neural ectoderm
GaseE752098	/Volumes/SumSung500/CSU/0_HiRES/data/hires/GSE223917_RAW/GSM7000333_GaseE752098.pairs.gz	E75	ExE ectoderm
GaseE752101	/Volumes/SumSung500/CSU/0_HiRES/data/hires/GSE223917_RAW/GSM7000336_GaseE752101.pairs.gz	E75	ExE endoderm
GaseE752103	/Volumes/SumSung500/CSU/0_HiRES/data/hires/GSE223917_RAW/GSM7000338_GaseE752103.pairs.gz	E75	epithelial cells
GaseE752105	/Volumes/SumSung500/CSU/0_HiRES/data/hires/GSE223917_RAW/GSM7000340_GaseE752105.pairs.gz	E75	ExE ectoderm
GaseE752110	/Volumes/SumSung500/CSU/0_HiRES/data/hires/GSE223917_RAW/GSM7000344_GaseE752110.pairs.gz	E75	early mesenchyme
GaseE752111	/Volumes/SumSung500/CSU/0_HiRES/data/hires/GSE223917_RAW/GSM7000345_GaseE752111.pairs.gz	E75	ExE ectoderm
GaseE752118	/Volumes/SumSung500/CSU/0_HiRES/data/hires/GSE223917_RAW/GSM7000351_GaseE752118.pairs.gz	E75	epithelial cells
GaseE752123	/Volumes/SumSung500/CSU/0_HiRES/data/hires/GSE223917_RAW/GSM7000356_GaseE752123.pairs.gz	E75	neural ectoderm
GaseE752125	/Volumes/SumSung500/CSU/0_HiRES/data/hires/GSE223917_RAW/GSM7000358_GaseE752125.pairs.gz	E75	ExE endoderm
GaseE752127	/Volumes/SumSung500/CSU/0_HiRES/data/hires/GSE223917_RAW/GSM7000360_GaseE752127.pairs.gz	E75	blood
GaseE752130	/Volumes/SumSung500/CSU/0_HiRES/data/hires/GSE223917_RAW/GSM7000363_GaseE752130.pairs.gz	E75	mitosis
GaseE752134	/Volumes/SumSung500/CSU/0_HiRES/data/hires/GSE223917_RAW/GSM7000366_GaseE752134.pairs.gz	E75	ExE endoderm
GaseE752137	/Volumes/SumSung500/CSU/0_HiRES/data/hires/GSE223917_RAW/GSM7000369_GaseE752137.pairs.gz	E75	blood
GaseE752140	/Volumes/SumSung500/CSU/0_HiRES/data/hires/GSE223917_RAW/GSM7000371_GaseE752140.pairs.gz	E75	mitosis
GaseE752141	/Volumes/SumSung500/CSU/0_HiRES/data/hires/GSE223917_RAW/GSM7000372_GaseE752141.pairs.gz	E75	mitosis
GaseE752142	/Volumes/SumSung500/CSU/0_HiRES/data/hires/GSE223917_RAW/GSM7000373_GaseE752142.pairs.gz	E75	early mesenchyme
GaseE752144	/Volumes/SumSung500/CSU/0_HiRES/data/hires/GSE223917_RAW/GSM7000375_GaseE752144.pairs.gz	E75	early mesenchyme
GaseE752146	/Volumes/SumSung500/CSU/0_HiRES/data/hires/GSE223917_RAW/GSM7000377_GaseE752146.pairs.gz	E75	ExE mesoderm
GaseE752147	/Volumes/SumSung500/CSU/0_HiRES/data/hires/GSE223917_RAW/GSM7000378_GaseE752147.pairs.gz	E75	ExE mesoderm
GaseE752148	/Volumes/SumSung500/CSU/0_HiRES/data/hires/GSE223917_RAW/GSM7000379_GaseE752148.pairs.gz	E75	ExE mesoderm
GaseE752151	/Volumes/SumSung500/CSU/0_HiRES/data/hires/GSE223917_RAW/GSM7000382_GaseE752151.pairs.gz	E75	early mesoderm
GaseE752152	/Volumes/SumSung500/CSU/0_HiRES/data/hires/GSE223917_RAW/GSM7000383_GaseE752152.pairs.gz	E75	blood
GaseE752154	/Volumes/SumSung500/CSU/0_HiRES/data/hires/GSE223917_RAW/GSM7000385_GaseE752154.pairs.gz	E75	blood
GaseE752155	/Volumes/SumSung500/CSU/0_HiRES/data/hires/GSE223917_RAW/GSM7000386_GaseE752155.pairs.gz	E75	early mesoderm
GaseE752158	/Volumes/SumSung500/CSU/0_HiRES/data/hires/GSE223917_RAW/GSM7000389_GaseE752158.pairs.gz	E75	early mesoderm
GaseE752160	/Volumes/SumSung500/CSU/0_HiRES/data/hires/GSE223917_RAW/GSM7000391_GaseE752160.pairs.gz	E75	blood
GaseE752162	/Volumes/SumSung500/CSU/0_HiRES/data/hires/GSE223917_RAW/GSM7000393_GaseE752162.pairs.gz	E75	ExE mesoderm
GaseE752167	/Volumes/SumSung500/CSU/0_HiRES/data/hires/GSE223917_RAW/GSM7000398_GaseE752167.pairs.gz	E75	ExE ectoderm
GaseE752172	/Volumes/SumSung500/CSU/0_HiRES/data/hires/GSE223917_RAW/GSM7000403_GaseE752172.pairs.gz	E75	early mesenchyme
GaseE752179	/Volumes/SumSung500/CSU/0_HiRES/data/hires/GSE223917_RAW/GSM7000410_GaseE752179.pairs.gz	E75	ExE endoderm
GaseE752181	/Volumes/SumSung500/CSU/0_HiRES/data/hires/GSE223917_RAW/GSM7000412_GaseE752181.pairs.gz	E75	early mesoderm
GaseE752183	/Volumes/SumSung500/CSU/0_HiRES/data/hires/GSE223917_RAW/GSM7000414_GaseE752183.pairs.gz	E75	mitosis
GaseE752185	/Volumes/SumSung500/CSU/0_HiRES/data/hires/GSE223917_RAW/GSM7000416_GaseE752185.pairs.gz	E75	neural ectoderm
GaseE752187	/Volumes/SumSung500/CSU/0_HiRES/data/hires/GSE223917_RAW/GSM7000418_GaseE752187.pairs.gz	E75	mitosis
GaseE752188	/Volumes/SumSung500/CSU/0_HiRES/data/hires/GSE223917_RAW/GSM7000419_GaseE752188.pairs.gz	E75	early mesoderm
GaseE752192	/Volumes/SumSung500/CSU/0_HiRES/data/hires/GSE223917_RAW/GSM7000423_GaseE752192.pairs.gz	E75	neural ectoderm
GaseE752195	/Volumes/SumSung500/CSU/0_HiRES/data/hires/GSE223917_RAW/GSM7000426_GaseE752195.pairs.gz	E75	early mesoderm
GaseE752197	/Volumes/SumSung500/CSU/0_HiRES/data/hires/GSE223917_RAW/GSM7000428_GaseE752197.pairs.gz	E75	neural ectoderm
GaseE752218	/Volumes/SumSung500/CSU/0_HiRES/data/hires/GSE223917_RAW/GSM7000449_GaseE752218.pairs.gz	E75	mitosis
GaseE752222	/Volumes/SumSung500/CSU/0_HiRES/data/hires/GSE223917_RAW/GSM7000453_GaseE752222.pairs.gz	E75	ExE endoderm
GaseE752227	/Volumes/SumSung500/CSU/0_HiRES/data/hires/GSE223917_RAW/GSM7000458_GaseE752227.pairs.gz	E75	neural ectoderm
GaseE752235	/Volumes/SumSung500/CSU/0_HiRES/data/hires/GSE223917_RAW/GSM7000466_GaseE752235.pairs.gz	E75	neural ectoderm
GaseE752240	/Volumes/SumSung500/CSU/0_HiRES/data/hires/GSE223917_RAW/GSM7000471_GaseE752240.pairs.gz	E75	ExE endoderm
GaseE752245	/Volumes/SumSung500/CSU/0_HiRES/data/hires/GSE223917_RAW/GSM7000474_GaseE752245.pairs.gz	E75	ExE ectoderm
GaseE752246	/Volumes/SumSung500/CSU/0_HiRES/data/hires/GSE223917_RAW/GSM7000475_GaseE752246.pairs.gz	E75	neural ectoderm
GaseE752250	/Volumes/SumSung500/CSU/0_HiRES/data/hires/GSE223917_RAW/GSM7000478_GaseE752250.pairs.gz	E75	early mesoderm
GaseE752252	/Volumes/SumSung500/CSU/0_HiRES/data/hires/GSE223917_RAW/GSM7000480_GaseE752252.pairs.gz	E75	mitosis
GaseE752254	/Volumes/SumSung500/CSU/0_HiRES/data/hires/GSE223917_RAW/GSM7000482_GaseE752254.pairs.gz	E75	ExE ectoderm
GaseE752255	/Volumes/SumSung500/CSU/0_HiRES/data/hires/GSE223917_RAW/GSM7000483_GaseE752255.pairs.gz	E75	early mesenchyme
GaseE752258	/Volumes/SumSung500/CSU/0_HiRES/data/hires/GSE223917_RAW/GSM7000485_GaseE752258.pairs.gz	E75	ExE ectoderm
GaseE752260	/Volumes/SumSung500/CSU/0_HiRES/data/hires/GSE223917_RAW/GSM7000487_GaseE752260.pairs.gz	E75	ExE endoderm
GaseE752263	/Volumes/SumSung500/CSU/0_HiRES/data/hires/GSE223917_RAW/GSM7000489_GaseE752263.pairs.gz	E75	ExE endoderm
GaseE752264	/Volumes/SumSung500/CSU/0_HiRES/data/hires/GSE223917_RAW/GSM7000490_GaseE752264.pairs.gz	E75	ExE endoderm
GaseE752270	/Volumes/SumSung500/CSU/0_HiRES/data/hires/GSE223917_RAW/GSM7000495_GaseE752270.pairs.gz	E75	ExE mesoderm
GaseE752273	/Volumes/SumSung500/CSU/0_HiRES/data/hires/GSE223917_RAW/GSM7000498_GaseE752273.pairs.gz	E75	neural ectoderm
GaseE752279	/Volumes/SumSung500/CSU/0_HiRES/data/hires/GSE223917_RAW/GSM7000504_GaseE752279.pairs.gz	E75	neural ectoderm
GaseE752280	/Volumes/SumSung500/CSU/0_HiRES/data/hires/GSE223917_RAW/GSM7000505_GaseE752280.pairs.gz	E75	ExE endoderm
GaseE752281	/Volumes/SumSung500/CSU/0_HiRES/data/hires/GSE223917_RAW/GSM7000506_GaseE752281.pairs.gz	E75	early mesoderm
GaseE752282	/Volumes/SumSung500/CSU/0_HiRES/data/hires/GSE223917_RAW/GSM7000507_GaseE752282.pairs.gz	E75	ExE mesoderm
GaseE752288	/Volumes/SumSung500/CSU/0_HiRES/data/hires/GSE223917_RAW/GSM7000511_GaseE752288.pairs.gz	E75	mitosis
GaseE752289	/Volumes/SumSung500/CSU/0_HiRES/data/hires/GSE223917_RAW/GSM7000512_GaseE752289.pairs.gz	E75	early mesenchyme
GaseE752292	/Volumes/SumSung500/CSU/0_HiRES/data/hires/GSE223917_RAW/GSM7000515_GaseE752292.pairs.gz	E75	ExE mesoderm
GaseE752297	/Volumes/SumSung500/CSU/0_HiRES/data/hires/GSE223917_RAW/GSM7000520_GaseE752297.pairs.gz	E75	early mesenchyme
GaseE752298	/Volumes/SumSung500/CSU/0_HiRES/data/hires/GSE223917_RAW/GSM7000521_GaseE752298.pairs.gz	E75	early mesenchyme
GaseE752303	/Volumes/SumSung500/CSU/0_HiRES/data/hires/GSE223917_RAW/GSM7000526_GaseE752303.pairs.gz	E75	ExE endoderm
GaseE752305	/Volumes/SumSung500/CSU/0_HiRES/data/hires/GSE223917_RAW/GSM7000528_GaseE752305.pairs.gz	E75	ExE ectoderm
GaseE752307	/Volumes/SumSung500/CSU/0_HiRES/data/hires/GSE223917_RAW/GSM7000530_GaseE752307.pairs.gz	E75	ExE ectoderm
GaseE752308	/Volumes/SumSung500/CSU/0_HiRES/data/hires/GSE223917_RAW/GSM7000531_GaseE752308.pairs.gz	E75	ExE ectoderm
GaseE752309	/Volumes/SumSung500/CSU/0_HiRES/data/hires/GSE223917_RAW/GSM7000532_GaseE752309.pairs.gz	E75	early mesoderm
GaseE752310	/Volumes/SumSung500/CSU/0_HiRES/data/hires/GSE223917_RAW/GSM7000533_GaseE752310.pairs.gz	E75	ExE endoderm
GaseE752317	/Volumes/SumSung500/CSU/0_HiRES/data/hires/GSE223917_RAW/GSM7000540_GaseE752317.pairs.gz	E75	neural ectoderm
GaseE752325	/Volumes/SumSung500/CSU/0_HiRES/data/hires/GSE223917_RAW/GSM7000548_GaseE752325.pairs.gz	E75	blood
GaseE752334	/Volumes/SumSung500/CSU/0_HiRES/data/hires/GSE223917_RAW/GSM7000557_GaseE752334.pairs.gz	E75	early mesenchyme
GaseE752335	/Volumes/SumSung500/CSU/0_HiRES/data/hires/GSE223917_RAW/GSM7000558_GaseE752335.pairs.gz	E75	early mesenchyme
GaseE752338	/Volumes/SumSung500/CSU/0_HiRES/data/hires/GSE223917_RAW/GSM7000561_GaseE752338.pairs.gz	E75	ExE endoderm
GaseE752341	/Volumes/SumSung500/CSU/0_HiRES/data/hires/GSE223917_RAW/GSM7000564_GaseE752341.pairs.gz	E75	ExE mesoderm
GaseE752342	/Volumes/SumSung500/CSU/0_HiRES/data/hires/GSE223917_RAW/GSM7000565_GaseE752342.pairs.gz	E75	mitosis
GaseE752344	/Volumes/SumSung500/CSU/0_HiRES/data/hires/GSE223917_RAW/GSM7000567_GaseE752344.pairs.gz	E75	ExE mesoderm
GaseE752345	/Volumes/SumSung500/CSU/0_HiRES/data/hires/GSE223917_RAW/GSM7000568_GaseE752345.pairs.gz	E75	ExE mesoderm
GaseE752346	/Volumes/SumSung500/CSU/0_HiRES/data/hires/GSE223917_RAW/GSM7000569_GaseE752346.pairs.gz	E75	neural ectoderm
GaseE752350	/Volumes/SumSung500/CSU/0_HiRES/data/hires/GSE223917_RAW/GSM7000573_GaseE752350.pairs.gz	E75	ExE endoderm
GaseE752351	/Volumes/SumSung500/CSU/0_HiRES/data/hires/GSE223917_RAW/GSM7000574_GaseE752351.pairs.gz	E75	mitosis
GaseE752352	/Volumes/SumSung500/CSU/0_HiRES/data/hires/GSE223917_RAW/GSM7000575_GaseE752352.pairs.gz	E75	neural ectoderm
GaseE752356	/Volumes/SumSung500/CSU/0_HiRES/data/hires/GSE223917_RAW/GSM7000579_GaseE752356.pairs.gz	E75	mitosis
GaseE752357	/Volumes/SumSung500/CSU/0_HiRES/data/hires/GSE223917_RAW/GSM7000580_GaseE752357.pairs.gz	E75	ExE mesoderm
GaseE752359	/Volumes/SumSung500/CSU/0_HiRES/data/hires/GSE223917_RAW/GSM7000582_GaseE752359.pairs.gz	E75	ExE endoderm
GaseE752361	/Volumes/SumSung500/CSU/0_HiRES/data/hires/GSE223917_RAW/GSM7000584_GaseE752361.pairs.gz	E75	neural ectoderm
GaseE752362	/Volumes/SumSung500/CSU/0_HiRES/data/hires/GSE223917_RAW/GSM7000585_GaseE752362.pairs.gz	E75	neural ectoderm
GaseE752363	/Volumes/SumSung500/CSU/0_HiRES/data/hires/GSE223917_RAW/GSM7000586_GaseE752363.pairs.gz	E75	ExE ectoderm
GaseE752364	/Volumes/SumSung500/CSU/0_HiRES/data/hires/GSE223917_RAW/GSM7000587_GaseE752364.pairs.gz	E75	endoderm
GaseE752374	/Volumes/SumSung500/CSU/0_HiRES/data/hires/GSE223917_RAW/GSM7000597_GaseE752374.pairs.gz	E75	ExE mesoderm
GaseE752376	/Volumes/SumSung500/CSU/0_HiRES/data/hires/GSE223917_RAW/GSM7000599_GaseE752376.pairs.gz	E75	blood
GaseE752379	/Volumes/SumSung500/CSU/0_HiRES/data/hires/GSE223917_RAW/GSM7000602_GaseE752379.pairs.gz	E75	ExE mesoderm
GaseE752381	/Volumes/SumSung500/CSU/0_HiRES/data/hires/GSE223917_RAW/GSM7000604_GaseE752381.pairs.gz	E75	neural ectoderm
GaseE752384	/Volumes/SumSung500/CSU/0_HiRES/data/hires/GSE223917_RAW/GSM7000607_GaseE752384.pairs.gz	E75	blood
GaseE753001	/Volumes/SumSung500/CSU/0_HiRES/data/hires/GSE223917_RAW/GSM7000608_GaseE753001.pairs.gz	E75	ExE mesoderm
GaseE753002	/Volumes/SumSung500/CSU/0_HiRES/data/hires/GSE223917_RAW/GSM7000609_GaseE753002.pairs.gz	E75	endoderm
GaseE753004	/Volumes/SumSung500/CSU/0_HiRES/data/hires/GSE223917_RAW/GSM7000611_GaseE753004.pairs.gz	E75	early mesoderm
GaseE753005	/Volumes/SumSung500/CSU/0_HiRES/data/hires/GSE223917_RAW/GSM7000612_GaseE753005.pairs.gz	E75	early mesoderm
GaseE753008	/Volumes/SumSung500/CSU/0_HiRES/data/hires/GSE223917_RAW/GSM7000615_GaseE753008.pairs.gz	E75	mitosis
GaseE753010	/Volumes/SumSung500/CSU/0_HiRES/data/hires/GSE223917_RAW/GSM7000617_GaseE753010.pairs.gz	E75	neural ectoderm
GaseE753011	/Volumes/SumSung500/CSU/0_HiRES/data/hires/GSE223917_RAW/GSM7000618_GaseE753011.pairs.gz	E75	early mesenchyme
GaseE753014	/Volumes/SumSung500/CSU/0_HiRES/data/hires/GSE223917_RAW/GSM7000621_GaseE753014.pairs.gz	E75	early mesenchyme
GaseE753021	/Volumes/SumSung500/CSU/0_HiRES/data/hires/GSE223917_RAW/GSM7000628_GaseE753021.pairs.gz	E75	mitosis
GaseE753022	/Volumes/SumSung500/CSU/0_HiRES/data/hires/GSE223917_RAW/GSM7000629_GaseE753022.pairs.gz	E75	blood
GaseE753028	/Volumes/SumSung500/CSU/0_HiRES/data/hires/GSE223917_RAW/GSM7000634_GaseE753028.pairs.gz	E75	mitosis
GaseE753029	/Volumes/SumSung500/CSU/0_HiRES/data/hires/GSE223917_RAW/GSM7000635_GaseE753029.pairs.gz	E75	early mesenchyme
GaseE753031	/Volumes/SumSung500/CSU/0_HiRES/data/hires/GSE223917_RAW/GSM7000637_GaseE753031.pairs.gz	E75	ExE mesoderm
GaseE753036	/Volumes/SumSung500/CSU/0_HiRES/data/hires/GSE223917_RAW/GSM7000642_GaseE753036.pairs.gz	E75	mitosis
GaseE753037	/Volumes/SumSung500/CSU/0_HiRES/data/hires/GSE223917_RAW/GSM7000643_GaseE753037.pairs.gz	E75	endoderm
GaseE753038	/Volumes/SumSung500/CSU/0_HiRES/data/hires/GSE223917_RAW/GSM7000644_GaseE753038.pairs.gz	E75	endoderm
GaseE753039	/Volumes/SumSung500/CSU/0_HiRES/data/hires/GSE223917_RAW/GSM7000645_GaseE753039.pairs.gz	E75	epithelial cells
GaseE753041	/Volumes/SumSung500/CSU/0_HiRES/data/hires/GSE223917_RAW/GSM7000649_GaseE753041.pairs.gz	E75	neural ectoderm
GaseE753042	/Volumes/SumSung500/CSU/0_HiRES/data/hires/GSE223917_RAW/GSM7000654_GaseE753042.pairs.gz	E75	ExE mesoderm
GaseE753043	/Volumes/SumSung500/CSU/0_HiRES/data/hires/GSE223917_RAW/GSM7000661_GaseE753043.pairs.gz	E75	neural ectoderm
GaseE753048	/Volumes/SumSung500/CSU/0_HiRES/data/hires/GSE223917_RAW/GSM7000681_GaseE753048.pairs.gz	E75	neural ectoderm
GaseE753049	/Volumes/SumSung500/CSU/0_HiRES/data/hires/GSE223917_RAW/GSM7000685_GaseE753049.pairs.gz	E75	ExE endoderm
GaseE753050	/Volumes/SumSung500/CSU/0_HiRES/data/hires/GSE223917_RAW/GSM7000689_GaseE753050.pairs.gz	E75	neural ectoderm
GaseE753051	/Volumes/SumSung500/CSU/0_HiRES/data/hires/GSE223917_RAW/GSM7000693_GaseE753051.pairs.gz	E75	ExE ectoderm
GaseE753055	/Volumes/SumSung500/CSU/0_HiRES/data/hires/GSE223917_RAW/GSM7000701_GaseE753055.pairs.gz	E75	ExE ectoderm
GaseE753056	/Volumes/SumSung500/CSU/0_HiRES/data/hires/GSE223917_RAW/GSM7000703_GaseE753056.pairs.gz	E75	neural ectoderm
GaseE753063	/Volumes/SumSung500/CSU/0_HiRES/data/hires/GSE223917_RAW/GSM7000712_GaseE753063.pairs.gz	E75	mitosis
GaseE753064	/Volumes/SumSung500/CSU/0_HiRES/data/hires/GSE223917_RAW/GSM7000713_GaseE753064.pairs.gz	E75	blood
GaseE753065	/Volumes/SumSung500/CSU/0_HiRES/data/hires/GSE223917_RAW/GSM7000714_GaseE753065.pairs.gz	E75	ExE endoderm
GaseE753066	/Volumes/SumSung500/CSU/0_HiRES/data/hires/GSE223917_RAW/GSM7000715_GaseE753066.pairs.gz	E75	ExE ectoderm
GaseE753067	/Volumes/SumSung500/CSU/0_HiRES/data/hires/GSE223917_RAW/GSM7000716_GaseE753067.pairs.gz	E75	mitosis
GaseE753071	/Volumes/SumSung500/CSU/0_HiRES/data/hires/GSE223917_RAW/GSM7000720_GaseE753071.pairs.gz	E75	ExE endoderm
GaseE753073	/Volumes/SumSung500/CSU/0_HiRES/data/hires/GSE223917_RAW/GSM7000722_GaseE753073.pairs.gz	E75	neural ectoderm
GaseE753080	/Volumes/SumSung500/CSU/0_HiRES/data/hires/GSE223917_RAW/GSM7000729_GaseE753080.pairs.gz	E75	neural ectoderm
GaseE753081	/Volumes/SumSung500/CSU/0_HiRES/data/hires/GSE223917_RAW/GSM7000730_GaseE753081.pairs.gz	E75	mitosis
GaseE753084	/Volumes/SumSung500/CSU/0_HiRES/data/hires/GSE223917_RAW/GSM7000733_GaseE753084.pairs.gz	E75	endoderm
GaseE753087	/Volumes/SumSung500/CSU/0_HiRES/data/hires/GSE223917_RAW/GSM7000736_GaseE753087.pairs.gz	E75	ExE ectoderm
GaseE753088	/Volumes/SumSung500/CSU/0_HiRES/data/hires/GSE223917_RAW/GSM7000737_GaseE753088.pairs.gz	E75	blood
GaseE753089	/Volumes/SumSung500/CSU/0_HiRES/data/hires/GSE223917_RAW/GSM7000738_GaseE753089.pairs.gz	E75	endoderm
GaseE753099	/Volumes/SumSung500/CSU/0_HiRES/data/hires/GSE223917_RAW/GSM7000748_GaseE753099.pairs.gz	E75	neural ectoderm
GaseE753100	/Volumes/SumSung500/CSU/0_HiRES/data/hires/GSE223917_RAW/GSM7000749_GaseE753100.pairs.gz	E75	epithelial cells
GaseE753111	/Volumes/SumSung500/CSU/0_HiRES/data/hires/GSE223917_RAW/GSM7000760_GaseE753111.pairs.gz	E75	ExE endoderm
GaseE753120	/Volumes/SumSung500/CSU/0_HiRES/data/hires/GSE223917_RAW/GSM7000769_GaseE753120.pairs.gz	E75	ExE endoderm
GaseE753126	/Volumes/SumSung500/CSU/0_HiRES/data/hires/GSE223917_RAW/GSM7000775_GaseE753126.pairs.gz	E75	mitosis
GaseE753131	/Volumes/SumSung500/CSU/0_HiRES/data/hires/GSE223917_RAW/GSM7000780_GaseE753131.pairs.gz	E75	ExE ectoderm
GaseE753132	/Volumes/SumSung500/CSU/0_HiRES/data/hires/GSE223917_RAW/GSM7000781_GaseE753132.pairs.gz	E75	ExE mesoderm
GaseE753135	/Volumes/SumSung500/CSU/0_HiRES/data/hires/GSE223917_RAW/GSM7000784_GaseE753135.pairs.gz	E75	early mesoderm
GaseE753137	/Volumes/SumSung500/CSU/0_HiRES/data/hires/GSE223917_RAW/GSM7000786_GaseE753137.pairs.gz	E75	blood
GaseE753139	/Volumes/SumSung500/CSU/0_HiRES/data/hires/GSE223917_RAW/GSM7000788_GaseE753139.pairs.gz	E75	ExE endoderm
GaseE753140	/Volumes/SumSung500/CSU/0_HiRES/data/hires/GSE223917_RAW/GSM7000789_GaseE753140.pairs.gz	E75	blood
GaseE753141	/Volumes/SumSung500/CSU/0_HiRES/data/hires/GSE223917_RAW/GSM7000790_GaseE753141.pairs.gz	E75	early mesenchyme
GaseE753142	/Volumes/SumSung500/CSU/0_HiRES/data/hires/GSE223917_RAW/GSM7000791_GaseE753142.pairs.gz	E75	early mesenchyme
GaseE753147	/Volumes/SumSung500/CSU/0_HiRES/data/hires/GSE223917_RAW/GSM7000796_GaseE753147.pairs.gz	E75	ExE ectoderm
GaseE753148	/Volumes/SumSung500/CSU/0_HiRES/data/hires/GSE223917_RAW/GSM7000797_GaseE753148.pairs.gz	E75	ExE mesoderm
GaseE753149	/Volumes/SumSung500/CSU/0_HiRES/data/hires/GSE223917_RAW/GSM7000798_GaseE753149.pairs.gz	E75	ExE ectoderm
GaseE753151	/Volumes/SumSung500/CSU/0_HiRES/data/hires/GSE223917_RAW/GSM7000800_GaseE753151.pairs.gz	E75	mitosis
GaseE753155	/Volumes/SumSung500/CSU/0_HiRES/data/hires/GSE223917_RAW/GSM7000804_GaseE753155.pairs.gz	E75	mitosis
GaseE753159	/Volumes/SumSung500/CSU/0_HiRES/data/hires/GSE223917_RAW/GSM7000808_GaseE753159.pairs.gz	E75	early mesoderm
GaseE753162	/Volumes/SumSung500/CSU/0_HiRES/data/hires/GSE223917_RAW/GSM7000811_GaseE753162.pairs.gz	E75	neural ectoderm
GaseE753172	/Volumes/SumSung500/CSU/0_HiRES/data/hires/GSE223917_RAW/GSM7000821_GaseE753172.pairs.gz	E75	neural ectoderm
GaseE753174	/Volumes/SumSung500/CSU/0_HiRES/data/hires/GSE223917_RAW/GSM7000823_GaseE753174.pairs.gz	E75	mitosis
GaseE753175	/Volumes/SumSung500/CSU/0_HiRES/data/hires/GSE223917_RAW/GSM7000824_GaseE753175.pairs.gz	E75	ExE mesoderm
GaseE753177	/Volumes/SumSung500/CSU/0_HiRES/data/hires/GSE223917_RAW/GSM7000826_GaseE753177.pairs.gz	E75	ExE ectoderm
GaseE753179	/Volumes/SumSung500/CSU/0_HiRES/data/hires/GSE223917_RAW/GSM7000828_GaseE753179.pairs.gz	E75	neural ectoderm
GaseE753182	/Volumes/SumSung500/CSU/0_HiRES/data/hires/GSE223917_RAW/GSM7000831_GaseE753182.pairs.gz	E75	ExE endoderm
GaseE753186	/Volumes/SumSung500/CSU/0_HiRES/data/hires/GSE223917_RAW/GSM7000835_GaseE753186.pairs.gz	E75	neural ectoderm
GaseE753188	/Volumes/SumSung500/CSU/0_HiRES/data/hires/GSE223917_RAW/GSM7000837_GaseE753188.pairs.gz	E75	early mesoderm
GaseE753190	/Volumes/SumSung500/CSU/0_HiRES/data/hires/GSE223917_RAW/GSM7000839_GaseE753190.pairs.gz	E75	early mesenchyme
GaseE753191	/Volumes/SumSung500/CSU/0_HiRES/data/hires/GSE223917_RAW/GSM7000840_GaseE753191.pairs.gz	E75	ExE endoderm
GaseE753192	/Volumes/SumSung500/CSU/0_HiRES/data/hires/GSE223917_RAW/GSM7000841_GaseE753192.pairs.gz	E75	neural ectoderm
GaseE753194	/Volumes/SumSung500/CSU/0_HiRES/data/hires/GSE223917_RAW/GSM7000842_GaseE753194.pairs.gz	E75	mitosis
GaseE753196	/Volumes/SumSung500/CSU/0_HiRES/data/hires/GSE223917_RAW/GSM7000844_GaseE753196.pairs.gz	E75	early mesoderm
GaseE753197	/Volumes/SumSung500/CSU/0_HiRES/data/hires/GSE223917_RAW/GSM7000845_GaseE753197.pairs.gz	E75	blood
GaseE753198	/Volumes/SumSung500/CSU/0_HiRES/data/hires/GSE223917_RAW/GSM7000846_GaseE753198.pairs.gz	E75	blood
GaseE753199	/Volumes/SumSung500/CSU/0_HiRES/data/hires/GSE223917_RAW/GSM7000847_GaseE753199.pairs.gz	E75	ExE ectoderm
GaseE753202	/Volumes/SumSung500/CSU/0_HiRES/data/hires/GSE223917_RAW/GSM7000850_GaseE753202.pairs.gz	E75	neural ectoderm
GaseE753203	/Volumes/SumSung500/CSU/0_HiRES/data/hires/GSE223917_RAW/GSM7000851_GaseE753203.pairs.gz	E75	epithelial cells
GaseE753204	/Volumes/SumSung500/CSU/0_HiRES/data/hires/GSE223917_RAW/GSM7000852_GaseE753204.pairs.gz	E75	ExE endoderm
GaseE753205	/Volumes/SumSung500/CSU/0_HiRES/data/hires/GSE223917_RAW/GSM7000853_GaseE753205.pairs.gz	E75	early mesoderm
GaseE753210	/Volumes/SumSung500/CSU/0_HiRES/data/hires/GSE223917_RAW/GSM7000858_GaseE753210.pairs.gz	E75	neural ectoderm
GaseE753212	/Volumes/SumSung500/CSU/0_HiRES/data/hires/GSE223917_RAW/GSM7000860_GaseE753212.pairs.gz	E75	ExE mesoderm
GaseE753213	/Volumes/SumSung500/CSU/0_HiRES/data/hires/GSE223917_RAW/GSM7000861_GaseE753213.pairs.gz	E75	early mesoderm
GaseE753215	/Volumes/SumSung500/CSU/0_HiRES/data/hires/GSE223917_RAW/GSM7000863_GaseE753215.pairs.gz	E75	mitosis
GaseE753220	/Volumes/SumSung500/CSU/0_HiRES/data/hires/GSE223917_RAW/GSM7000868_GaseE753220.pairs.gz	E75	blood
GaseE753221	/Volumes/SumSung500/CSU/0_HiRES/data/hires/GSE223917_RAW/GSM7000869_GaseE753221.pairs.gz	E75	early mesoderm
GaseE753222	/Volumes/SumSung500/CSU/0_HiRES/data/hires/GSE223917_RAW/GSM7000870_GaseE753222.pairs.gz	E75	early mesenchyme
GaseE753223	/Volumes/SumSung500/CSU/0_HiRES/data/hires/GSE223917_RAW/GSM7000871_GaseE753223.pairs.gz	E75	ExE endoderm
GaseE753226	/Volumes/SumSung500/CSU/0_HiRES/data/hires/GSE223917_RAW/GSM7000874_GaseE753226.pairs.gz	E75	early mesoderm
GaseE753227	/Volumes/SumSung500/CSU/0_HiRES/data/hires/GSE223917_RAW/GSM7000875_GaseE753227.pairs.gz	E75	endoderm
GaseE753230	/Volumes/SumSung500/CSU/0_HiRES/data/hires/GSE223917_RAW/GSM7000878_GaseE753230.pairs.gz	E75	neural ectoderm
GaseE753234	/Volumes/SumSung500/CSU/0_HiRES/data/hires/GSE223917_RAW/GSM7000882_GaseE753234.pairs.gz	E75	early mesenchyme
GaseE753235	/Volumes/SumSung500/CSU/0_HiRES/data/hires/GSE223917_RAW/GSM7000883_GaseE753235.pairs.gz	E75	early mesoderm
GaseE753238	/Volumes/SumSung500/CSU/0_HiRES/data/hires/GSE223917_RAW/GSM7000886_GaseE753238.pairs.gz	E75	blood
GaseE753240	/Volumes/SumSung500/CSU/0_HiRES/data/hires/GSE223917_RAW/GSM7000888_GaseE753240.pairs.gz	E75	early mesenchyme
GaseE753242	/Volumes/SumSung500/CSU/0_HiRES/data/hires/GSE223917_RAW/GSM7000889_GaseE753242.pairs.gz	E75	ExE ectoderm
GaseE753245	/Volumes/SumSung500/CSU/0_HiRES/data/hires/GSE223917_RAW/GSM7000892_GaseE753245.pairs.gz	E75	endoderm
GaseE753246	/Volumes/SumSung500/CSU/0_HiRES/data/hires/GSE223917_RAW/GSM7000893_GaseE753246.pairs.gz	E75	mitosis
GaseE753255	/Volumes/SumSung500/CSU/0_HiRES/data/hires/GSE223917_RAW/GSM7000901_GaseE753255.pairs.gz	E75	epithelial cells
GaseE753258	/Volumes/SumSung500/CSU/0_HiRES/data/hires/GSE223917_RAW/GSM7000903_GaseE753258.pairs.gz	E75	neural ectoderm
GaseE753260	/Volumes/SumSung500/CSU/0_HiRES/data/hires/GSE223917_RAW/GSM7000905_GaseE753260.pairs.gz	E75	blood
GaseE753265	/Volumes/SumSung500/CSU/0_HiRES/data/hires/GSE223917_RAW/GSM7000910_GaseE753265.pairs.gz	E75	early mesenchyme
GaseE753267	/Volumes/SumSung500/CSU/0_HiRES/data/hires/GSE223917_RAW/GSM7000912_GaseE753267.pairs.gz	E75	early mesoderm
GaseE753268	/Volumes/SumSung500/CSU/0_HiRES/data/hires/GSE223917_RAW/GSM7000913_GaseE753268.pairs.gz	E75	neural ectoderm
GaseE753270	/Volumes/SumSung500/CSU/0_HiRES/data/hires/GSE223917_RAW/GSM7000915_GaseE753270.pairs.gz	E75	neural ectoderm
GaseE753271	/Volumes/SumSung500/CSU/0_HiRES/data/hires/GSE223917_RAW/GSM7000916_GaseE753271.pairs.gz	E75	neural ectoderm
GaseE753274	/Volumes/SumSung500/CSU/0_HiRES/data/hires/GSE223917_RAW/GSM7000918_GaseE753274.pairs.gz	E75	early mesoderm
GaseE753275	/Volumes/SumSung500/CSU/0_HiRES/data/hires/GSE223917_RAW/GSM7000919_GaseE753275.pairs.gz	E75	neural ectoderm
GaseE753278	/Volumes/SumSung500/CSU/0_HiRES/data/hires/GSE223917_RAW/GSM7000922_GaseE753278.pairs.gz	E75	ExE ectoderm
GaseE753279	/Volumes/SumSung500/CSU/0_HiRES/data/hires/GSE223917_RAW/GSM7000923_GaseE753279.pairs.gz	E75	neural ectoderm
GaseE753280	/Volumes/SumSung500/CSU/0_HiRES/data/hires/GSE223917_RAW/GSM7000924_GaseE753280.pairs.gz	E75	ExE ectoderm
GaseE753283	/Volumes/SumSung500/CSU/0_HiRES/data/hires/GSE223917_RAW/GSM7000927_GaseE753283.pairs.gz	E75	ExE ectoderm
GaseE753284	/Volumes/SumSung500/CSU/0_HiRES/data/hires/GSE223917_RAW/GSM7000928_GaseE753284.pairs.gz	E75	mitosis
GaseE803001	/Volumes/SumSung500/CSU/0_HiRES/data/hires/GSE223917_RAW/GSM7000930_GaseE803001.pairs.gz	E80	ExE ectoderm
GaseE803002	/Volumes/SumSung500/CSU/0_HiRES/data/hires/GSE223917_RAW/GSM7000931_GaseE803002.pairs.gz	E80	endoderm
GaseE803003	/Volumes/SumSung500/CSU/0_HiRES/data/hires/GSE223917_RAW/GSM7000932_GaseE803003.pairs.gz	E80	ExE mesoderm
GaseE803004	/Volumes/SumSung500/CSU/0_HiRES/data/hires/GSE223917_RAW/GSM7000933_GaseE803004.pairs.gz	E80	mitosis
GaseE803005	/Volumes/SumSung500/CSU/0_HiRES/data/hires/GSE223917_RAW/GSM7000934_GaseE803005.pairs.gz	E80	epithelial cells
GaseE803009	/Volumes/SumSung500/CSU/0_HiRES/data/hires/GSE223917_RAW/GSM7000938_GaseE803009.pairs.gz	E80	early mesenchyme
GaseE803012	/Volumes/SumSung500/CSU/0_HiRES/data/hires/GSE223917_RAW/GSM7000941_GaseE803012.pairs.gz	E80	early mesenchyme
GaseE803013	/Volumes/SumSung500/CSU/0_HiRES/data/hires/GSE223917_RAW/GSM7000942_GaseE803013.pairs.gz	E80	ExE mesoderm
GaseE803015	/Volumes/SumSung500/CSU/0_HiRES/data/hires/GSE223917_RAW/GSM7000944_GaseE803015.pairs.gz	E80	neural tube
GaseE803017	/Volumes/SumSung500/CSU/0_HiRES/data/hires/GSE223917_RAW/GSM7000946_GaseE803017.pairs.gz	E80	epithelial cells
GaseE803019	/Volumes/SumSung500/CSU/0_HiRES/data/hires/GSE223917_RAW/GSM7000948_GaseE803019.pairs.gz	E80	neural tube
GaseE803024	/Volumes/SumSung500/CSU/0_HiRES/data/hires/GSE223917_RAW/GSM7000952_GaseE803024.pairs.gz	E80	mitosis
GaseE803025	/Volumes/SumSung500/CSU/0_HiRES/data/hires/GSE223917_RAW/GSM7000953_GaseE803025.pairs.gz	E80	ExE endoderm
GaseE803027	/Volumes/SumSung500/CSU/0_HiRES/data/hires/GSE223917_RAW/GSM7000955_GaseE803027.pairs.gz	E80	early mesoderm
GaseE803031	/Volumes/SumSung500/CSU/0_HiRES/data/hires/GSE223917_RAW/GSM7000959_GaseE803031.pairs.gz	E80	neural ectoderm
GaseE803033	/Volumes/SumSung500/CSU/0_HiRES/data/hires/GSE223917_RAW/GSM7000961_GaseE803033.pairs.gz	E80	neural tube
GaseE803034	/Volumes/SumSung500/CSU/0_HiRES/data/hires/GSE223917_RAW/GSM7000962_GaseE803034.pairs.gz	E80	neural tube
GaseE803035	/Volumes/SumSung500/CSU/0_HiRES/data/hires/GSE223917_RAW/GSM7000963_GaseE803035.pairs.gz	E80	ExE mesoderm
GaseE803038	/Volumes/SumSung500/CSU/0_HiRES/data/hires/GSE223917_RAW/GSM7000966_GaseE803038.pairs.gz	E80	neural tube
GaseE803041	/Volumes/SumSung500/CSU/0_HiRES/data/hires/GSE223917_RAW/GSM7000969_GaseE803041.pairs.gz	E80	NMP
GaseE803043	/Volumes/SumSung500/CSU/0_HiRES/data/hires/GSE223917_RAW/GSM7000971_GaseE803043.pairs.gz	E80	ExE ectoderm
GaseE803044	/Volumes/SumSung500/CSU/0_HiRES/data/hires/GSE223917_RAW/GSM7000972_GaseE803044.pairs.gz	E80	ExE endoderm
GaseE803051	/Volumes/SumSung500/CSU/0_HiRES/data/hires/GSE223917_RAW/GSM7000979_GaseE803051.pairs.gz	E80	blood
GaseE803052	/Volumes/SumSung500/CSU/0_HiRES/data/hires/GSE223917_RAW/GSM7000980_GaseE803052.pairs.gz	E80	ExE mesoderm
GaseE803053	/Volumes/SumSung500/CSU/0_HiRES/data/hires/GSE223917_RAW/GSM7000981_GaseE803053.pairs.gz	E80	blood
GaseE803054	/Volumes/SumSung500/CSU/0_HiRES/data/hires/GSE223917_RAW/GSM7000982_GaseE803054.pairs.gz	E80	neural ectoderm
GaseE803057	/Volumes/SumSung500/CSU/0_HiRES/data/hires/GSE223917_RAW/GSM7000985_GaseE803057.pairs.gz	E80	neural tube
GaseE803059	/Volumes/SumSung500/CSU/0_HiRES/data/hires/GSE223917_RAW/GSM7000987_GaseE803059.pairs.gz	E80	early mesenchyme
GaseE803063	/Volumes/SumSung500/CSU/0_HiRES/data/hires/GSE223917_RAW/GSM7000990_GaseE803063.pairs.gz	E80	neural ectoderm
GaseE803064	/Volumes/SumSung500/CSU/0_HiRES/data/hires/GSE223917_RAW/GSM7000991_GaseE803064.pairs.gz	E80	epithelial cells
GaseE803065	/Volumes/SumSung500/CSU/0_HiRES/data/hires/GSE223917_RAW/GSM7000992_GaseE803065.pairs.gz	E80	ExE ectoderm
GaseE803066	/Volumes/SumSung500/CSU/0_HiRES/data/hires/GSE223917_RAW/GSM7000993_GaseE803066.pairs.gz	E80	neural tube
GaseE803067	/Volumes/SumSung500/CSU/0_HiRES/data/hires/GSE223917_RAW/GSM7000994_GaseE803067.pairs.gz	E80	NMP
GaseE803073	/Volumes/SumSung500/CSU/0_HiRES/data/hires/GSE223917_RAW/GSM7001000_GaseE803073.pairs.gz	E80	neural tube
GaseE803074	/Volumes/SumSung500/CSU/0_HiRES/data/hires/GSE223917_RAW/GSM7001001_GaseE803074.pairs.gz	E80	ExE mesoderm
GaseE803078	/Volumes/SumSung500/CSU/0_HiRES/data/hires/GSE223917_RAW/GSM7001005_GaseE803078.pairs.gz	E80	early mesenchyme
GaseE803083	/Volumes/SumSung500/CSU/0_HiRES/data/hires/GSE223917_RAW/GSM7001010_GaseE803083.pairs.gz	E80	ExE endoderm
GaseE803085	/Volumes/SumSung500/CSU/0_HiRES/data/hires/GSE223917_RAW/GSM7001012_GaseE803085.pairs.gz	E80	ExE mesoderm
GaseE803086	/Volumes/SumSung500/CSU/0_HiRES/data/hires/GSE223917_RAW/GSM7001013_GaseE803086.pairs.gz	E80	mitosis
GaseE803087	/Volumes/SumSung500/CSU/0_HiRES/data/hires/GSE223917_RAW/GSM7001014_GaseE803087.pairs.gz	E80	epithelial cells
GaseE803092	/Volumes/SumSung500/CSU/0_HiRES/data/hires/GSE223917_RAW/GSM7001018_GaseE803092.pairs.gz	E80	early mesenchyme
GaseE803096	/Volumes/SumSung500/CSU/0_HiRES/data/hires/GSE223917_RAW/GSM7001021_GaseE803096.pairs.gz	E80	epithelial cells
GaseE804002	/Volumes/SumSung500/CSU/0_HiRES/data/hires/GSE223917_RAW/GSM7001023_GaseE804002.pairs.gz	E80	mitosis
GaseE804003	/Volumes/SumSung500/CSU/0_HiRES/data/hires/GSE223917_RAW/GSM7001024_GaseE804003.pairs.gz	E80	NMP
GaseE804004	/Volumes/SumSung500/CSU/0_HiRES/data/hires/GSE223917_RAW/GSM7001025_GaseE804004.pairs.gz	E80	ExE endoderm
GaseE804006	/Volumes/SumSung500/CSU/0_HiRES/data/hires/GSE223917_RAW/GSM7001027_GaseE804006.pairs.gz	E80	ExE mesoderm
GaseE804009	/Volumes/SumSung500/CSU/0_HiRES/data/hires/GSE223917_RAW/GSM7001030_GaseE804009.pairs.gz	E80	neural ectoderm
GaseE804016	/Volumes/SumSung500/CSU/0_HiRES/data/hires/GSE223917_RAW/GSM7001037_GaseE804016.pairs.gz	E80	mitosis
GaseE804017	/Volumes/SumSung500/CSU/0_HiRES/data/hires/GSE223917_RAW/GSM7001038_GaseE804017.pairs.gz	E80	early mesoderm
GaseE804018	/Volumes/SumSung500/CSU/0_HiRES/data/hires/GSE223917_RAW/GSM7001039_GaseE804018.pairs.gz	E80	neural tube
GaseE804020	/Volumes/SumSung500/CSU/0_HiRES/data/hires/GSE223917_RAW/GSM7001041_GaseE804020.pairs.gz	E80	neural ectoderm
GaseE804022	/Volumes/SumSung500/CSU/0_HiRES/data/hires/GSE223917_RAW/GSM7001043_GaseE804022.pairs.gz	E80	ExE endoderm
GaseE804024	/Volumes/SumSung500/CSU/0_HiRES/data/hires/GSE223917_RAW/GSM7001045_GaseE804024.pairs.gz	E80	blood
GaseE804025	/Volumes/SumSung500/CSU/0_HiRES/data/hires/GSE223917_RAW/GSM7001046_GaseE804025.pairs.gz	E80	neural tube
GaseE804027	/Volumes/SumSung500/CSU/0_HiRES/data/hires/GSE223917_RAW/GSM7001048_GaseE804027.pairs.gz	E80	neural ectoderm
GaseE804029	/Volumes/SumSung500/CSU/0_HiRES/data/hires/GSE223917_RAW/GSM7001050_GaseE804029.pairs.gz	E80	ExE ectoderm
GaseE804031	/Volumes/SumSung500/CSU/0_HiRES/data/hires/GSE223917_RAW/GSM7001052_GaseE804031.pairs.gz	E80	neural ectoderm
GaseE804032	/Volumes/SumSung500/CSU/0_HiRES/data/hires/GSE223917_RAW/GSM7001053_GaseE804032.pairs.gz	E80	epithelial cells
GaseE804034	/Volumes/SumSung500/CSU/0_HiRES/data/hires/GSE223917_RAW/GSM7001055_GaseE804034.pairs.gz	E80	early mesenchyme
GaseE804036	/Volumes/SumSung500/CSU/0_HiRES/data/hires/GSE223917_RAW/GSM7001057_GaseE804036.pairs.gz	E80	NMP
GaseE804040	/Volumes/SumSung500/CSU/0_HiRES/data/hires/GSE223917_RAW/GSM7001061_GaseE804040.pairs.gz	E80	ExE mesoderm
GaseE804044	/Volumes/SumSung500/CSU/0_HiRES/data/hires/GSE223917_RAW/GSM7001065_GaseE804044.pairs.gz	E80	ExE endoderm
GaseE804046	/Volumes/SumSung500/CSU/0_HiRES/data/hires/GSE223917_RAW/GSM7001067_GaseE804046.pairs.gz	E80	ExE mesoderm
GaseE804049	/Volumes/SumSung500/CSU/0_HiRES/data/hires/GSE223917_RAW/GSM7001070_GaseE804049.pairs.gz	E80	ExE mesoderm
GaseE804050	/Volumes/SumSung500/CSU/0_HiRES/data/hires/GSE223917_RAW/GSM7001071_GaseE804050.pairs.gz	E80	early mesenchyme
GaseE804051	/Volumes/SumSung500/CSU/0_HiRES/data/hires/GSE223917_RAW/GSM7001072_GaseE804051.pairs.gz	E80	ExE mesoderm
GaseE804052	/Volumes/SumSung500/CSU/0_HiRES/data/hires/GSE223917_RAW/GSM7001073_GaseE804052.pairs.gz	E80	neural tube
GaseE804054	/Volumes/SumSung500/CSU/0_HiRES/data/hires/GSE223917_RAW/GSM7001075_GaseE804054.pairs.gz	E80	epithelial cells
GaseE804063	/Volumes/SumSung500/CSU/0_HiRES/data/hires/GSE223917_RAW/GSM7001084_GaseE804063.pairs.gz	E80	early mesoderm
GaseE804065	/Volumes/SumSung500/CSU/0_HiRES/data/hires/GSE223917_RAW/GSM7001086_GaseE804065.pairs.gz	E80	ExE endoderm
GaseE804067	/Volumes/SumSung500/CSU/0_HiRES/data/hires/GSE223917_RAW/GSM7001088_GaseE804067.pairs.gz	E80	blood
GaseE804068	/Volumes/SumSung500/CSU/0_HiRES/data/hires/GSE223917_RAW/GSM7001089_GaseE804068.pairs.gz	E80	blood
GaseE804069	/Volumes/SumSung500/CSU/0_HiRES/data/hires/GSE223917_RAW/GSM7001090_GaseE804069.pairs.gz	E80	ExE ectoderm
GaseE804072	/Volumes/SumSung500/CSU/0_HiRES/data/hires/GSE223917_RAW/GSM7001093_GaseE804072.pairs.gz	E80	neural tube
GaseE804074	/Volumes/SumSung500/CSU/0_HiRES/data/hires/GSE223917_RAW/GSM7001095_GaseE804074.pairs.gz	E80	mitosis
GaseE804079	/Volumes/SumSung500/CSU/0_HiRES/data/hires/GSE223917_RAW/GSM7001100_GaseE804079.pairs.gz	E80	early mesenchyme
GaseE804080	/Volumes/SumSung500/CSU/0_HiRES/data/hires/GSE223917_RAW/GSM7001101_GaseE804080.pairs.gz	E80	blood
GaseE804087	/Volumes/SumSung500/CSU/0_HiRES/data/hires/GSE223917_RAW/GSM7001108_GaseE804087.pairs.gz	E80	ExE mesoderm
GaseE804091	/Volumes/SumSung500/CSU/0_HiRES/data/hires/GSE223917_RAW/GSM7001112_GaseE804091.pairs.gz	E80	neural tube
GaseE804094	/Volumes/SumSung500/CSU/0_HiRES/data/hires/GSE223917_RAW/GSM7001115_GaseE804094.pairs.gz	E80	ExE endoderm
GaseE804104	/Volumes/SumSung500/CSU/0_HiRES/data/hires/GSE223917_RAW/GSM7001125_GaseE804104.pairs.gz	E80	early mesenchyme
GaseE804105	/Volumes/SumSung500/CSU/0_HiRES/data/hires/GSE223917_RAW/GSM7001126_GaseE804105.pairs.gz	E80	blood
GaseE804106	/Volumes/SumSung500/CSU/0_HiRES/data/hires/GSE223917_RAW/GSM7001127_GaseE804106.pairs.gz	E80	early mesenchyme
GaseE804107	/Volumes/SumSung500/CSU/0_HiRES/data/hires/GSE223917_RAW/GSM7001128_GaseE804107.pairs.gz	E80	ExE mesoderm
GaseE804113	/Volumes/SumSung500/CSU/0_HiRES/data/hires/GSE223917_RAW/GSM7001133_GaseE804113.pairs.gz	E80	epithelial cells
GaseE804114	/Volumes/SumSung500/CSU/0_HiRES/data/hires/GSE223917_RAW/GSM7001134_GaseE804114.pairs.gz	E80	epithelial cells
GaseE804117	/Volumes/SumSung500/CSU/0_HiRES/data/hires/GSE223917_RAW/GSM7001137_GaseE804117.pairs.gz	E80	epithelial cells
GaseE804119	/Volumes/SumSung500/CSU/0_HiRES/data/hires/GSE223917_RAW/GSM7001139_GaseE804119.pairs.gz	E80	neural tube
GaseE804121	/Volumes/SumSung500/CSU/0_HiRES/data/hires/GSE223917_RAW/GSM7001141_GaseE804121.pairs.gz	E80	ExE ectoderm
GaseE804123	/Volumes/SumSung500/CSU/0_HiRES/data/hires/GSE223917_RAW/GSM7001143_GaseE804123.pairs.gz	E80	early mesoderm
GaseE804126	/Volumes/SumSung500/CSU/0_HiRES/data/hires/GSE223917_RAW/GSM7001145_GaseE804126.pairs.gz	E80	neural ectoderm
GaseE804128	/Volumes/SumSung500/CSU/0_HiRES/data/hires/GSE223917_RAW/GSM7001147_GaseE804128.pairs.gz	E80	blood
GaseE804129	/Volumes/SumSung500/CSU/0_HiRES/data/hires/GSE223917_RAW/GSM7001148_GaseE804129.pairs.gz	E80	ExE endoderm
GaseE804131	/Volumes/SumSung500/CSU/0_HiRES/data/hires/GSE223917_RAW/GSM7001150_GaseE804131.pairs.gz	E80	blood
GaseE804133	/Volumes/SumSung500/CSU/0_HiRES/data/hires/GSE223917_RAW/GSM7001152_GaseE804133.pairs.gz	E80	NMP
GaseE804134	/Volumes/SumSung500/CSU/0_HiRES/data/hires/GSE223917_RAW/GSM7001153_GaseE804134.pairs.gz	E80	NMP
GaseE804136	/Volumes/SumSung500/CSU/0_HiRES/data/hires/GSE223917_RAW/GSM7001155_GaseE804136.pairs.gz	E80	ExE ectoderm
GaseE804137	/Volumes/SumSung500/CSU/0_HiRES/data/hires/GSE223917_RAW/GSM7001156_GaseE804137.pairs.gz	E80	early mesoderm
GaseE804139	/Volumes/SumSung500/CSU/0_HiRES/data/hires/GSE223917_RAW/GSM7001158_GaseE804139.pairs.gz	E80	blood
GaseE804140	/Volumes/SumSung500/CSU/0_HiRES/data/hires/GSE223917_RAW/GSM7001159_GaseE804140.pairs.gz	E80	early mesoderm
GaseE804143	/Volumes/SumSung500/CSU/0_HiRES/data/hires/GSE223917_RAW/GSM7001162_GaseE804143.pairs.gz	E80	ExE ectoderm
GaseE804144	/Volumes/SumSung500/CSU/0_HiRES/data/hires/GSE223917_RAW/GSM7001163_GaseE804144.pairs.gz	E80	neural tube
GaseE804149	/Volumes/SumSung500/CSU/0_HiRES/data/hires/GSE223917_RAW/GSM7001168_GaseE804149.pairs.gz	E80	ExE ectoderm
GaseE804151	/Volumes/SumSung500/CSU/0_HiRES/data/hires/GSE223917_RAW/GSM7001170_GaseE804151.pairs.gz	E80	ExE endoderm
GaseE804153	/Volumes/SumSung500/CSU/0_HiRES/data/hires/GSE223917_RAW/GSM7001172_GaseE804153.pairs.gz	E80	early mesoderm
GaseE804157	/Volumes/SumSung500/CSU/0_HiRES/data/hires/GSE223917_RAW/GSM7001176_GaseE804157.pairs.gz	E80	blood
GaseE804161	/Volumes/SumSung500/CSU/0_HiRES/data/hires/GSE223917_RAW/GSM7001180_GaseE804161.pairs.gz	E80	early mesenchyme
GaseE804166	/Volumes/SumSung500/CSU/0_HiRES/data/hires/GSE223917_RAW/GSM7001185_GaseE804166.pairs.gz	E80	early mesoderm
GaseE804168	/Volumes/SumSung500/CSU/0_HiRES/data/hires/GSE223917_RAW/GSM7001187_GaseE804168.pairs.gz	E80	ExE mesoderm
GaseE804169	/Volumes/SumSung500/CSU/0_HiRES/data/hires/GSE223917_RAW/GSM7001188_GaseE804169.pairs.gz	E80	early mesenchyme
GaseE804170	/Volumes/SumSung500/CSU/0_HiRES/data/hires/GSE223917_RAW/GSM7001189_GaseE804170.pairs.gz	E80	epithelial cells
GaseE804176	/Volumes/SumSung500/CSU/0_HiRES/data/hires/GSE223917_RAW/GSM7001195_GaseE804176.pairs.gz	E80	neural ectoderm
GaseE804177	/Volumes/SumSung500/CSU/0_HiRES/data/hires/GSE223917_RAW/GSM7001196_GaseE804177.pairs.gz	E80	ExE endoderm
GaseE804178	/Volumes/SumSung500/CSU/0_HiRES/data/hires/GSE223917_RAW/GSM7001197_GaseE804178.pairs.gz	E80	early mesoderm
GaseE804179	/Volumes/SumSung500/CSU/0_HiRES/data/hires/GSE223917_RAW/GSM7001198_GaseE804179.pairs.gz	E80	neural ectoderm
GaseE804180	/Volumes/SumSung500/CSU/0_HiRES/data/hires/GSE223917_RAW/GSM7001199_GaseE804180.pairs.gz	E80	ExE ectoderm
GaseE804184	/Volumes/SumSung500/CSU/0_HiRES/data/hires/GSE223917_RAW/GSM7001203_GaseE804184.pairs.gz	E80	early mesenchyme
GaseE804188	/Volumes/SumSung500/CSU/0_HiRES/data/hires/GSE223917_RAW/GSM7001207_GaseE804188.pairs.gz	E80	ExE endoderm
GaseE804193	/Volumes/SumSung500/CSU/0_HiRES/data/hires/GSE223917_RAW/GSM7001212_GaseE804193.pairs.gz	E80	NMP
GaseE804194	/Volumes/SumSung500/CSU/0_HiRES/data/hires/GSE223917_RAW/GSM7001213_GaseE804194.pairs.gz	E80	early mesoderm
GaseE804198	/Volumes/SumSung500/CSU/0_HiRES/data/hires/GSE223917_RAW/GSM7001217_GaseE804198.pairs.gz	E80	ExE ectoderm
GaseE804202	/Volumes/SumSung500/CSU/0_HiRES/data/hires/GSE223917_RAW/GSM7001221_GaseE804202.pairs.gz	E80	epithelial cells
GaseE804210	/Volumes/SumSung500/CSU/0_HiRES/data/hires/GSE223917_RAW/GSM7001228_GaseE804210.pairs.gz	E80	ExE ectoderm
GaseE804212	/Volumes/SumSung500/CSU/0_HiRES/data/hires/GSE223917_RAW/GSM7001230_GaseE804212.pairs.gz	E80	early mesenchyme
GaseE804215	/Volumes/SumSung500/CSU/0_HiRES/data/hires/GSE223917_RAW/GSM7001233_GaseE804215.pairs.gz	E80	ExE mesoderm
GaseE804216	/Volumes/SumSung500/CSU/0_HiRES/data/hires/GSE223917_RAW/GSM7001234_GaseE804216.pairs.gz	E80	ExE ectoderm
GaseE804217	/Volumes/SumSung500/CSU/0_HiRES/data/hires/GSE223917_RAW/GSM7001235_GaseE804217.pairs.gz	E80	NMP
GaseE804218	/Volumes/SumSung500/CSU/0_HiRES/data/hires/GSE223917_RAW/GSM7001236_GaseE804218.pairs.gz	E80	blood
GaseE804219	/Volumes/SumSung500/CSU/0_HiRES/data/hires/GSE223917_RAW/GSM7001237_GaseE804219.pairs.gz	E80	blood
GaseE804220	/Volumes/SumSung500/CSU/0_HiRES/data/hires/GSE223917_RAW/GSM7001238_GaseE804220.pairs.gz	E80	early mesoderm
GaseE804222	/Volumes/SumSung500/CSU/0_HiRES/data/hires/GSE223917_RAW/GSM7001240_GaseE804222.pairs.gz	E80	ExE endoderm
GaseE804223	/Volumes/SumSung500/CSU/0_HiRES/data/hires/GSE223917_RAW/GSM7001241_GaseE804223.pairs.gz	E80	early mesenchyme
GaseE804224	/Volumes/SumSung500/CSU/0_HiRES/data/hires/GSE223917_RAW/GSM7001242_GaseE804224.pairs.gz	E80	neural tube
GaseE804235	/Volumes/SumSung500/CSU/0_HiRES/data/hires/GSE223917_RAW/GSM7001252_GaseE804235.pairs.gz	E80	ExE endoderm
GaseE804236	/Volumes/SumSung500/CSU/0_HiRES/data/hires/GSE223917_RAW/GSM7001253_GaseE804236.pairs.gz	E80	mitosis
GaseE804238	/Volumes/SumSung500/CSU/0_HiRES/data/hires/GSE223917_RAW/GSM7001255_GaseE804238.pairs.gz	E80	early mesoderm
GaseE804239	/Volumes/SumSung500/CSU/0_HiRES/data/hires/GSE223917_RAW/GSM7001256_GaseE804239.pairs.gz	E80	mitosis
GaseE804242	/Volumes/SumSung500/CSU/0_HiRES/data/hires/GSE223917_RAW/GSM7001258_GaseE804242.pairs.gz	E80	ExE endoderm
GaseE804245	/Volumes/SumSung500/CSU/0_HiRES/data/hires/GSE223917_RAW/GSM7001261_GaseE804245.pairs.gz	E80	neural tube
GaseE804247	/Volumes/SumSung500/CSU/0_HiRES/data/hires/GSE223917_RAW/GSM7001263_GaseE804247.pairs.gz	E80	blood
GaseE804248	/Volumes/SumSung500/CSU/0_HiRES/data/hires/GSE223917_RAW/GSM7001264_GaseE804248.pairs.gz	E80	early mesenchyme
GaseE804250	/Volumes/SumSung500/CSU/0_HiRES/data/hires/GSE223917_RAW/GSM7001266_GaseE804250.pairs.gz	E80	epithelial cells
GaseE804254	/Volumes/SumSung500/CSU/0_HiRES/data/hires/GSE223917_RAW/GSM7001270_GaseE804254.pairs.gz	E80	mitosis
GaseE804261	/Volumes/SumSung500/CSU/0_HiRES/data/hires/GSE223917_RAW/GSM7001276_GaseE804261.pairs.gz	E80	early mesenchyme
GaseE804266	/Volumes/SumSung500/CSU/0_HiRES/data/hires/GSE223917_RAW/GSM7001281_GaseE804266.pairs.gz	E80	epithelial cells
GaseE804269	/Volumes/SumSung500/CSU/0_HiRES/data/hires/GSE223917_RAW/GSM7001284_GaseE804269.pairs.gz	E80	epithelial cells
GaseE804270	/Volumes/SumSung500/CSU/0_HiRES/data/hires/GSE223917_RAW/GSM7001285_GaseE804270.pairs.gz	E80	ExE ectoderm
GaseE804278	/Volumes/SumSung500/CSU/0_HiRES/data/hires/GSE223917_RAW/GSM7001293_GaseE804278.pairs.gz	E80	early mesoderm
GaseE804283	/Volumes/SumSung500/CSU/0_HiRES/data/hires/GSE223917_RAW/GSM7001298_GaseE804283.pairs.gz	E80	epithelial cells
GaseE804287	/Volumes/SumSung500/CSU/0_HiRES/data/hires/GSE223917_RAW/GSM7001300_GaseE804287.pairs.gz	E80	ExE mesoderm
GaseE804291	/Volumes/SumSung500/CSU/0_HiRES/data/hires/GSE223917_RAW/GSM7001304_GaseE804291.pairs.gz	E80	ExE endoderm
GaseE804292	/Volumes/SumSung500/CSU/0_HiRES/data/hires/GSE223917_RAW/GSM7001305_GaseE804292.pairs.gz	E80	NMP
GaseE804294	/Volumes/SumSung500/CSU/0_HiRES/data/hires/GSE223917_RAW/GSM7001307_GaseE804294.pairs.gz	E80	ExE endoderm
GaseE804296	/Volumes/SumSung500/CSU/0_HiRES/data/hires/GSE223917_RAW/GSM7001309_GaseE804296.pairs.gz	E80	blood
GaseE804298	/Volumes/SumSung500/CSU/0_HiRES/data/hires/GSE223917_RAW/GSM7001311_GaseE804298.pairs.gz	E80	early mesenchyme
GaseE804299	/Volumes/SumSung500/CSU/0_HiRES/data/hires/GSE223917_RAW/GSM7001312_GaseE804299.pairs.gz	E80	mitosis
GaseE804302	/Volumes/SumSung500/CSU/0_HiRES/data/hires/GSE223917_RAW/GSM7001315_GaseE804302.pairs.gz	E80	ExE mesoderm
GaseE804304	/Volumes/SumSung500/CSU/0_HiRES/data/hires/GSE223917_RAW/GSM7001317_GaseE804304.pairs.gz	E80	mitosis
GaseE804307	/Volumes/SumSung500/CSU/0_HiRES/data/hires/GSE223917_RAW/GSM7001320_GaseE804307.pairs.gz	E80	ExE endoderm
GaseE804311	/Volumes/SumSung500/CSU/0_HiRES/data/hires/GSE223917_RAW/GSM7001324_GaseE804311.pairs.gz	E80	ExE endoderm
GaseE804313	/Volumes/SumSung500/CSU/0_HiRES/data/hires/GSE223917_RAW/GSM7001326_GaseE804313.pairs.gz	E80	endoderm
GaseE804314	/Volumes/SumSung500/CSU/0_HiRES/data/hires/GSE223917_RAW/GSM7001327_GaseE804314.pairs.gz	E80	blood
GaseE804319	/Volumes/SumSung500/CSU/0_HiRES/data/hires/GSE223917_RAW/GSM7001332_GaseE804319.pairs.gz	E80	early mesenchyme
GaseE804320	/Volumes/SumSung500/CSU/0_HiRES/data/hires/GSE223917_RAW/GSM7001333_GaseE804320.pairs.gz	E80	blood
GaseE804322	/Volumes/SumSung500/CSU/0_HiRES/data/hires/GSE223917_RAW/GSM7001335_GaseE804322.pairs.gz	E80	ExE ectoderm
GaseE804324	/Volumes/SumSung500/CSU/0_HiRES/data/hires/GSE223917_RAW/GSM7001337_GaseE804324.pairs.gz	E80	ExE ectoderm
GaseE804325	/Volumes/SumSung500/CSU/0_HiRES/data/hires/GSE223917_RAW/GSM7001338_GaseE804325.pairs.gz	E80	blood
GaseE804326	/Volumes/SumSung500/CSU/0_HiRES/data/hires/GSE223917_RAW/GSM7001339_GaseE804326.pairs.gz	E80	early mesenchyme
GaseE804328	/Volumes/SumSung500/CSU/0_HiRES/data/hires/GSE223917_RAW/GSM7001341_GaseE804328.pairs.gz	E80	endoderm
GaseE804330	/Volumes/SumSung500/CSU/0_HiRES/data/hires/GSE223917_RAW/GSM7001343_GaseE804330.pairs.gz	E80	neural ectoderm
GaseE804332	/Volumes/SumSung500/CSU/0_HiRES/data/hires/GSE223917_RAW/GSM7001345_GaseE804332.pairs.gz	E80	blood
GaseE804334	/Volumes/SumSung500/CSU/0_HiRES/data/hires/GSE223917_RAW/GSM7001347_GaseE804334.pairs.gz	E80	blood
GaseE804335	/Volumes/SumSung500/CSU/0_HiRES/data/hires/GSE223917_RAW/GSM7001348_GaseE804335.pairs.gz	E80	blood
GaseE804339	/Volumes/SumSung500/CSU/0_HiRES/data/hires/GSE223917_RAW/GSM7001352_GaseE804339.pairs.gz	E80	epithelial cells
GaseE804340	/Volumes/SumSung500/CSU/0_HiRES/data/hires/GSE223917_RAW/GSM7001353_GaseE804340.pairs.gz	E80	blood
GaseE804341	/Volumes/SumSung500/CSU/0_HiRES/data/hires/GSE223917_RAW/GSM7001354_GaseE804341.pairs.gz	E80	blood
GaseE804342	/Volumes/SumSung500/CSU/0_HiRES/data/hires/GSE223917_RAW/GSM7001355_GaseE804342.pairs.gz	E80	mitosis
GaseE804343	/Volumes/SumSung500/CSU/0_HiRES/data/hires/GSE223917_RAW/GSM7001356_GaseE804343.pairs.gz	E80	early mesenchyme
GaseE804344	/Volumes/SumSung500/CSU/0_HiRES/data/hires/GSE223917_RAW/GSM7001357_GaseE804344.pairs.gz	E80	NMP
GaseE804345	/Volumes/SumSung500/CSU/0_HiRES/data/hires/GSE223917_RAW/GSM7001358_GaseE804345.pairs.gz	E80	ExE mesoderm
GaseE804347	/Volumes/SumSung500/CSU/0_HiRES/data/hires/GSE223917_RAW/GSM7001360_GaseE804347.pairs.gz	E80	ExE mesoderm
GaseE804349	/Volumes/SumSung500/CSU/0_HiRES/data/hires/GSE223917_RAW/GSM7001362_GaseE804349.pairs.gz	E80	neural tube
GaseE804351	/Volumes/SumSung500/CSU/0_HiRES/data/hires/GSE223917_RAW/GSM7001364_GaseE804351.pairs.gz	E80	epithelial cells
GaseE804353	/Volumes/SumSung500/CSU/0_HiRES/data/hires/GSE223917_RAW/GSM7001366_GaseE804353.pairs.gz	E80	ExE mesoderm
GaseE804354	/Volumes/SumSung500/CSU/0_HiRES/data/hires/GSE223917_RAW/GSM7001367_GaseE804354.pairs.gz	E80	epithelial cells
GaseE804355	/Volumes/SumSung500/CSU/0_HiRES/data/hires/GSE223917_RAW/GSM7001368_GaseE804355.pairs.gz	E80	mitosis
GaseE804356	/Volumes/SumSung500/CSU/0_HiRES/data/hires/GSE223917_RAW/GSM7001369_GaseE804356.pairs.gz	E80	ExE endoderm
GaseE804359	/Volumes/SumSung500/CSU/0_HiRES/data/hires/GSE223917_RAW/GSM7001372_GaseE804359.pairs.gz	E80	ExE endoderm
GaseE804360	/Volumes/SumSung500/CSU/0_HiRES/data/hires/GSE223917_RAW/GSM7001373_GaseE804360.pairs.gz	E80	early mesenchyme
GaseE804363	/Volumes/SumSung500/CSU/0_HiRES/data/hires/GSE223917_RAW/GSM7001376_GaseE804363.pairs.gz	E80	mitosis
GaseE804365	/Volumes/SumSung500/CSU/0_HiRES/data/hires/GSE223917_RAW/GSM7001378_GaseE804365.pairs.gz	E80	epithelial cells
GaseE804368	/Volumes/SumSung500/CSU/0_HiRES/data/hires/GSE223917_RAW/GSM7001381_GaseE804368.pairs.gz	E80	ExE endoderm
GaseE804369	/Volumes/SumSung500/CSU/0_HiRES/data/hires/GSE223917_RAW/GSM7001382_GaseE804369.pairs.gz	E80	early mesenchyme
GaseE804370	/Volumes/SumSung500/CSU/0_HiRES/data/hires/GSE223917_RAW/GSM7001383_GaseE804370.pairs.gz	E80	ExE endoderm
GaseE804374	/Volumes/SumSung500/CSU/0_HiRES/data/hires/GSE223917_RAW/GSM7001387_GaseE804374.pairs.gz	E80	epithelial cells
GaseE804375	/Volumes/SumSung500/CSU/0_HiRES/data/hires/GSE223917_RAW/GSM7001388_GaseE804375.pairs.gz	E80	ExE mesoderm
GaseE804376	/Volumes/SumSung500/CSU/0_HiRES/data/hires/GSE223917_RAW/GSM7001389_GaseE804376.pairs.gz	E80	epithelial cells
GaseE804381	/Volumes/SumSung500/CSU/0_HiRES/data/hires/GSE223917_RAW/GSM7001394_GaseE804381.pairs.gz	E80	ExE mesoderm
GaseE804382	/Volumes/SumSung500/CSU/0_HiRES/data/hires/GSE223917_RAW/GSM7001395_GaseE804382.pairs.gz	E80	mitosis
GasfE703002	/Volumes/SumSung500/CSU/0_HiRES/data/hires/GSE223917_RAW/GSM7001399_GasfE703002.pairs.gz	E70	epiblast and PS
GasfE703017	/Volumes/SumSung500/CSU/0_HiRES/data/hires/GSE223917_RAW/GSM7001413_GasfE703017.pairs.gz	E70	epiblast and PS
GasfE703055	/Volumes/SumSung500/CSU/0_HiRES/data/hires/GSE223917_RAW/GSM7001451_GasfE703055.pairs.gz	E70	early mesoderm
GasfE703057	/Volumes/SumSung500/CSU/0_HiRES/data/hires/GSE223917_RAW/GSM7001453_GasfE703057.pairs.gz	E70	early mesoderm
GasfE703093	/Volumes/SumSung500/CSU/0_HiRES/data/hires/GSE223917_RAW/GSM7001488_GasfE703093.pairs.gz	E70	ExE ectoderm
GasfE703122	/Volumes/SumSung500/CSU/0_HiRES/data/hires/GSE223917_RAW/GSM7001516_GasfE703122.pairs.gz	E70	mitosis
GasfE703130	/Volumes/SumSung500/CSU/0_HiRES/data/hires/GSE223917_RAW/GSM7001523_GasfE703130.pairs.gz	E70	mitosis
GasfE703154	/Volumes/SumSung500/CSU/0_HiRES/data/hires/GSE223917_RAW/GSM7001546_GasfE703154.pairs.gz	E70	mitosis
GasfE703160	/Volumes/SumSung500/CSU/0_HiRES/data/hires/GSE223917_RAW/GSM7001552_GasfE703160.pairs.gz	E70	epiblast and PS
GasfE703163	/Volumes/SumSung500/CSU/0_HiRES/data/hires/GSE223917_RAW/GSM7001555_GasfE703163.pairs.gz	E70	early mesoderm
GasfE703167	/Volumes/SumSung500/CSU/0_HiRES/data/hires/GSE223917_RAW/GSM7001559_GasfE703167.pairs.gz	E70	mitosis
GasfE703172	/Volumes/SumSung500/CSU/0_HiRES/data/hires/GSE223917_RAW/GSM7001564_GasfE703172.pairs.gz	E70	ExE endoderm
GasfE703185	/Volumes/SumSung500/CSU/0_HiRES/data/hires/GSE223917_RAW/GSM7001575_GasfE703185.pairs.gz	E70	ExE ectoderm
GasfE803002	/Volumes/SumSung500/CSU/0_HiRES/data/hires/GSE223917_RAW/GSM7001584_GasfE803002.pairs.gz	E80	ExE ectoderm
GasfE803003	/Volumes/SumSung500/CSU/0_HiRES/data/hires/GSE223917_RAW/GSM7001585_GasfE803003.pairs.gz	E80	neural ectoderm
GasfE803004	/Volumes/SumSung500/CSU/0_HiRES/data/hires/GSE223917_RAW/GSM7001586_GasfE803004.pairs.gz	E80	early mesenchyme
GasfE803014	/Volumes/SumSung500/CSU/0_HiRES/data/hires/GSE223917_RAW/GSM7001596_GasfE803014.pairs.gz	E80	neural ectoderm
GasfE803015	/Volumes/SumSung500/CSU/0_HiRES/data/hires/GSE223917_RAW/GSM7001597_GasfE803015.pairs.gz	E80	early mesenchyme
GasfE803018	/Volumes/SumSung500/CSU/0_HiRES/data/hires/GSE223917_RAW/GSM7001600_GasfE803018.pairs.gz	E80	early mesenchyme
GasfE803019	/Volumes/SumSung500/CSU/0_HiRES/data/hires/GSE223917_RAW/GSM7001601_GasfE803019.pairs.gz	E80	ExE endoderm
GasfE803022	/Volumes/SumSung500/CSU/0_HiRES/data/hires/GSE223917_RAW/GSM7001604_GasfE803022.pairs.gz	E80	ExE endoderm
GasfE803023	/Volumes/SumSung500/CSU/0_HiRES/data/hires/GSE223917_RAW/GSM7001605_GasfE803023.pairs.gz	E80	neural ectoderm
GasfE803024	/Volumes/SumSung500/CSU/0_HiRES/data/hires/GSE223917_RAW/GSM7001606_GasfE803024.pairs.gz	E80	NMP
GasfE803027	/Volumes/SumSung500/CSU/0_HiRES/data/hires/GSE223917_RAW/GSM7001609_GasfE803027.pairs.gz	E80	early mesenchyme
GasfE803029	/Volumes/SumSung500/CSU/0_HiRES/data/hires/GSE223917_RAW/GSM7001611_GasfE803029.pairs.gz	E80	mitosis
GasfE803030	/Volumes/SumSung500/CSU/0_HiRES/data/hires/GSE223917_RAW/GSM7001612_GasfE803030.pairs.gz	E80	neural tube
GasfE803032	/Volumes/SumSung500/CSU/0_HiRES/data/hires/GSE223917_RAW/GSM7001614_GasfE803032.pairs.gz	E80	mitosis
GasfE803043	/Volumes/SumSung500/CSU/0_HiRES/data/hires/GSE223917_RAW/GSM7001625_GasfE803043.pairs.gz	E80	early mesenchyme
GasfE803044	/Volumes/SumSung500/CSU/0_HiRES/data/hires/GSE223917_RAW/GSM7001626_GasfE803044.pairs.gz	E80	NMP
GasfE803046	/Volumes/SumSung500/CSU/0_HiRES/data/hires/GSE223917_RAW/GSM7001628_GasfE803046.pairs.gz	E80	neural ectoderm
GasfE803047	/Volumes/SumSung500/CSU/0_HiRES/data/hires/GSE223917_RAW/GSM7001629_GasfE803047.pairs.gz	E80	ExE mesoderm
GasfE803050	/Volumes/SumSung500/CSU/0_HiRES/data/hires/GSE223917_RAW/GSM7001631_GasfE803050.pairs.gz	E80	blood
GasfE803051	/Volumes/SumSung500/CSU/0_HiRES/data/hires/GSE223917_RAW/GSM7001632_GasfE803051.pairs.gz	E80	mitosis
GasfE803052	/Volumes/SumSung500/CSU/0_HiRES/data/hires/GSE223917_RAW/GSM7001633_GasfE803052.pairs.gz	E80	early mesenchyme
GasfE803053	/Volumes/SumSung500/CSU/0_HiRES/data/hires/GSE223917_RAW/GSM7001634_GasfE803053.pairs.gz	E80	neural ectoderm
GasfE803054	/Volumes/SumSung500/CSU/0_HiRES/data/hires/GSE223917_RAW/GSM7001635_GasfE803054.pairs.gz	E80	early mesenchyme
GasfE803055	/Volumes/SumSung500/CSU/0_HiRES/data/hires/GSE223917_RAW/GSM7001636_GasfE803055.pairs.gz	E80	neural tube
GasfE803056	/Volumes/SumSung500/CSU/0_HiRES/data/hires/GSE223917_RAW/GSM7001637_GasfE803056.pairs.gz	E80	ExE endoderm
GasfE803057	/Volumes/SumSung500/CSU/0_HiRES/data/hires/GSE223917_RAW/GSM7001638_GasfE803057.pairs.gz	E80	early mesoderm
GasfE803058	/Volumes/SumSung500/CSU/0_HiRES/data/hires/GSE223917_RAW/GSM7001639_GasfE803058.pairs.gz	E80	neural ectoderm
GasfE803059	/Volumes/SumSung500/CSU/0_HiRES/data/hires/GSE223917_RAW/GSM7001640_GasfE803059.pairs.gz	E80	ExE endoderm
GasfE803060	/Volumes/SumSung500/CSU/0_HiRES/data/hires/GSE223917_RAW/GSM7001641_GasfE803060.pairs.gz	E80	ExE endoderm
GasfE803064	/Volumes/SumSung500/CSU/0_HiRES/data/hires/GSE223917_RAW/GSM7001645_GasfE803064.pairs.gz	E80	blood
GasfE803069	/Volumes/SumSung500/CSU/0_HiRES/data/hires/GSE223917_RAW/GSM7001648_GasfE803069.pairs.gz	E80	early mesenchyme
GasfE803075	/Volumes/SumSung500/CSU/0_HiRES/data/hires/GSE223917_RAW/GSM7001654_GasfE803075.pairs.gz	E80	blood
GasfE803078	/Volumes/SumSung500/CSU/0_HiRES/data/hires/GSE223917_RAW/GSM7001657_GasfE803078.pairs.gz	E80	mitosis
GasfE803080	/Volumes/SumSung500/CSU/0_HiRES/data/hires/GSE223917_RAW/GSM7001659_GasfE803080.pairs.gz	E80	neural ectoderm
GasfE803084	/Volumes/SumSung500/CSU/0_HiRES/data/hires/GSE223917_RAW/GSM7001663_GasfE803084.pairs.gz	E80	ExE ectoderm
GasfE803086	/Volumes/SumSung500/CSU/0_HiRES/data/hires/GSE223917_RAW/GSM7001665_GasfE803086.pairs.gz	E80	endoderm
GasfE803087	/Volumes/SumSung500/CSU/0_HiRES/data/hires/GSE223917_RAW/GSM7001666_GasfE803087.pairs.gz	E80	early mesenchyme
GasfE803090	/Volumes/SumSung500/CSU/0_HiRES/data/hires/GSE223917_RAW/GSM7001668_GasfE803090.pairs.gz	E80	early mesoderm
GasfE803091	/Volumes/SumSung500/CSU/0_HiRES/data/hires/GSE223917_RAW/GSM7001669_GasfE803091.pairs.gz	E80	early mesenchyme
GasfE803095	/Volumes/SumSung500/CSU/0_HiRES/data/hires/GSE223917_RAW/GSM7001672_GasfE803095.pairs.gz	E80	mitosis
OrgaE952004	/Volumes/SumSung500/CSU/0_HiRES/data/hires/GSE223917_RAW/GSM7001676_OrgaE952004.pairs.gz	E95	oligodendrocytes and progenitors
OrgaE952007	/Volumes/SumSung500/CSU/0_HiRES/data/hires/GSE223917_RAW/GSM7001679_OrgaE952007.pairs.gz	E95	mix late mesenchyme
OrgaE952010	/Volumes/SumSung500/CSU/0_HiRES/data/hires/GSE223917_RAW/GSM7001682_OrgaE952010.pairs.gz	E95	radial glias
OrgaE952015	/Volumes/SumSung500/CSU/0_HiRES/data/hires/GSE223917_RAW/GSM7001686_OrgaE952015.pairs.gz	E95	neural tube
OrgaE952016	/Volumes/SumSung500/CSU/0_HiRES/data/hires/GSE223917_RAW/GSM7001687_OrgaE952016.pairs.gz	E95	radial glias
OrgaE952017	/Volumes/SumSung500/CSU/0_HiRES/data/hires/GSE223917_RAW/GSM7001688_OrgaE952017.pairs.gz	E95	mitosis
OrgaE952018	/Volumes/SumSung500/CSU/0_HiRES/data/hires/GSE223917_RAW/GSM7001689_OrgaE952018.pairs.gz	E95	blood
OrgaE952021	/Volumes/SumSung500/CSU/0_HiRES/data/hires/GSE223917_RAW/GSM7001692_OrgaE952021.pairs.gz	E95	notochord
OrgaE952023	/Volumes/SumSung500/CSU/0_HiRES/data/hires/GSE223917_RAW/GSM7001694_OrgaE952023.pairs.gz	E95	radial glias
OrgaE952025	/Volumes/SumSung500/CSU/0_HiRES/data/hires/GSE223917_RAW/GSM7001696_OrgaE952025.pairs.gz	E95	mix late mesenchyme
OrgaE952026	/Volumes/SumSung500/CSU/0_HiRES/data/hires/GSE223917_RAW/GSM7001697_OrgaE952026.pairs.gz	E95	radial glias
OrgaE952030	/Volumes/SumSung500/CSU/0_HiRES/data/hires/GSE223917_RAW/GSM7001701_OrgaE952030.pairs.gz	E95	early neurons
OrgaE952035	/Volumes/SumSung500/CSU/0_HiRES/data/hires/GSE223917_RAW/GSM7001706_OrgaE952035.pairs.gz	E95	mitosis
OrgaE952036	/Volumes/SumSung500/CSU/0_HiRES/data/hires/GSE223917_RAW/GSM7001707_OrgaE952036.pairs.gz	E95	mitosis
OrgaE952038	/Volumes/SumSung500/CSU/0_HiRES/data/hires/GSE223917_RAW/GSM7001708_OrgaE952038.pairs.gz	E95	notochord
OrgaE952039	/Volumes/SumSung500/CSU/0_HiRES/data/hires/GSE223917_RAW/GSM7001709_OrgaE952039.pairs.gz	E95	radial glias
OrgaE952040	/Volumes/SumSung500/CSU/0_HiRES/data/hires/GSE223917_RAW/GSM7001710_OrgaE952040.pairs.gz	E95	early mesenchyme
OrgaE952043	/Volumes/SumSung500/CSU/0_HiRES/data/hires/GSE223917_RAW/GSM7001712_OrgaE952043.pairs.gz	E95	mix late mesenchyme
OrgaE952044	/Volumes/SumSung500/CSU/0_HiRES/data/hires/GSE223917_RAW/GSM7001713_OrgaE952044.pairs.gz	E95	radial glias
OrgaE952045	/Volumes/SumSung500/CSU/0_HiRES/data/hires/GSE223917_RAW/GSM7001714_OrgaE952045.pairs.gz	E95	early mesenchyme
OrgaE952046	/Volumes/SumSung500/CSU/0_HiRES/data/hires/GSE223917_RAW/GSM7001715_OrgaE952046.pairs.gz	E95	mix late mesenchyme
OrgaE952048	/Volumes/SumSung500/CSU/0_HiRES/data/hires/GSE223917_RAW/GSM7001716_OrgaE952048.pairs.gz	E95	intermediate mesoderm
OrgaE952050	/Volumes/SumSung500/CSU/0_HiRES/data/hires/GSE223917_RAW/GSM7001718_OrgaE952050.pairs.gz	E95	mitosis
OrgaE952052	/Volumes/SumSung500/CSU/0_HiRES/data/hires/GSE223917_RAW/GSM7001720_OrgaE952052.pairs.gz	E95	mix late mesenchyme
OrgaE952055	/Volumes/SumSung500/CSU/0_HiRES/data/hires/GSE223917_RAW/GSM7001723_OrgaE952055.pairs.gz	E95	oligodendrocytes and progenitors
OrgaE952057	/Volumes/SumSung500/CSU/0_HiRES/data/hires/GSE223917_RAW/GSM7001725_OrgaE952057.pairs.gz	E95	mitosis
OrgaE952058	/Volumes/SumSung500/CSU/0_HiRES/data/hires/GSE223917_RAW/GSM7001726_OrgaE952058.pairs.gz	E95	epithelial cells
OrgaE952061	/Volumes/SumSung500/CSU/0_HiRES/data/hires/GSE223917_RAW/GSM7001729_OrgaE952061.pairs.gz	E95	intermediate mesoderm
OrgaE952062	/Volumes/SumSung500/CSU/0_HiRES/data/hires/GSE223917_RAW/GSM7001730_OrgaE952062.pairs.gz	E95	mix late mesenchyme
OrgaE952065	/Volumes/SumSung500/CSU/0_HiRES/data/hires/GSE223917_RAW/GSM7001732_OrgaE952065.pairs.gz	E95	oligodendrocytes and progenitors
OrgaE952067	/Volumes/SumSung500/CSU/0_HiRES/data/hires/GSE223917_RAW/GSM7001734_OrgaE952067.pairs.gz	E95	notochord
OrgaE952071	/Volumes/SumSung500/CSU/0_HiRES/data/hires/GSE223917_RAW/GSM7001738_OrgaE952071.pairs.gz	E95	early mesenchyme
OrgaE952073	/Volumes/SumSung500/CSU/0_HiRES/data/hires/GSE223917_RAW/GSM7001740_OrgaE952073.pairs.gz	E95	radial glias
OrgaE952074	/Volumes/SumSung500/CSU/0_HiRES/data/hires/GSE223917_RAW/GSM7001741_OrgaE952074.pairs.gz	E95	mitosis
OrgaE952076	/Volumes/SumSung500/CSU/0_HiRES/data/hires/GSE223917_RAW/GSM7001743_OrgaE952076.pairs.gz	E95	blood
OrgaE952077	/Volumes/SumSung500/CSU/0_HiRES/data/hires/GSE223917_RAW/GSM7001744_OrgaE952077.pairs.gz	E95	notochord
OrgaE952084	/Volumes/SumSung500/CSU/0_HiRES/data/hires/GSE223917_RAW/GSM7001751_OrgaE952084.pairs.gz	E95	early neurons
OrgaE952085	/Volumes/SumSung500/CSU/0_HiRES/data/hires/GSE223917_RAW/GSM7001752_OrgaE952085.pairs.gz	E95	mitosis
OrgaE952086	/Volumes/SumSung500/CSU/0_HiRES/data/hires/GSE223917_RAW/GSM7001753_OrgaE952086.pairs.gz	E95	mix late mesenchyme
OrgaE952088	/Volumes/SumSung500/CSU/0_HiRES/data/hires/GSE223917_RAW/GSM7001755_OrgaE952088.pairs.gz	E95	notochord
OrgaE952094	/Volumes/SumSung500/CSU/0_HiRES/data/hires/GSE223917_RAW/GSM7001761_OrgaE952094.pairs.gz	E95	blood
OrgaE952095	/Volumes/SumSung500/CSU/0_HiRES/data/hires/GSE223917_RAW/GSM7001762_OrgaE952095.pairs.gz	E95	notochord
OrgaE952096	/Volumes/SumSung500/CSU/0_HiRES/data/hires/GSE223917_RAW/GSM7001763_OrgaE952096.pairs.gz	E95	early mesenchyme
OrgaE952099	/Volumes/SumSung500/CSU/0_HiRES/data/hires/GSE223917_RAW/GSM7001765_OrgaE952099.pairs.gz	E95	notochord
OrgaE952101	/Volumes/SumSung500/CSU/0_HiRES/data/hires/GSE223917_RAW/GSM7001767_OrgaE952101.pairs.gz	E95	notochord
OrgaE952102	/Volumes/SumSung500/CSU/0_HiRES/data/hires/GSE223917_RAW/GSM7001768_OrgaE952102.pairs.gz	E95	blood
OrgaE952104	/Volumes/SumSung500/CSU/0_HiRES/data/hires/GSE223917_RAW/GSM7001770_OrgaE952104.pairs.gz	E95	early mesoderm
OrgaE952105	/Volumes/SumSung500/CSU/0_HiRES/data/hires/GSE223917_RAW/GSM7001771_OrgaE952105.pairs.gz	E95	radial glias
OrgaE952106	/Volumes/SumSung500/CSU/0_HiRES/data/hires/GSE223917_RAW/GSM7001772_OrgaE952106.pairs.gz	E95	oligodendrocytes and progenitors
OrgaE952107	/Volumes/SumSung500/CSU/0_HiRES/data/hires/GSE223917_RAW/GSM7001773_OrgaE952107.pairs.gz	E95	radial glias
OrgaE952111	/Volumes/SumSung500/CSU/0_HiRES/data/hires/GSE223917_RAW/GSM7001777_OrgaE952111.pairs.gz	E95	early mesenchyme
OrgaE952114	/Volumes/SumSung500/CSU/0_HiRES/data/hires/GSE223917_RAW/GSM7001780_OrgaE952114.pairs.gz	E95	mix late mesenchyme
OrgaE952115	/Volumes/SumSung500/CSU/0_HiRES/data/hires/GSE223917_RAW/GSM7001781_OrgaE952115.pairs.gz	E95	early neurons
OrgaE952123	/Volumes/SumSung500/CSU/0_HiRES/data/hires/GSE223917_RAW/GSM7001789_OrgaE952123.pairs.gz	E95	notochord
OrgaE952124	/Volumes/SumSung500/CSU/0_HiRES/data/hires/GSE223917_RAW/GSM7001790_OrgaE952124.pairs.gz	E95	radial glias
OrgaE952127	/Volumes/SumSung500/CSU/0_HiRES/data/hires/GSE223917_RAW/GSM7001793_OrgaE952127.pairs.gz	E95	radial glias
OrgaE952129	/Volumes/SumSung500/CSU/0_HiRES/data/hires/GSE223917_RAW/GSM7001795_OrgaE952129.pairs.gz	E95	intermediate mesoderm
OrgaE952132	/Volumes/SumSung500/CSU/0_HiRES/data/hires/GSE223917_RAW/GSM7001798_OrgaE952132.pairs.gz	E95	early mesenchyme
OrgaE952135	/Volumes/SumSung500/CSU/0_HiRES/data/hires/GSE223917_RAW/GSM7001801_OrgaE952135.pairs.gz	E95	mix late mesenchyme
OrgaE952139	/Volumes/SumSung500/CSU/0_HiRES/data/hires/GSE223917_RAW/GSM7001805_OrgaE952139.pairs.gz	E95	blood
OrgaE952143	/Volumes/SumSung500/CSU/0_HiRES/data/hires/GSE223917_RAW/GSM7001809_OrgaE952143.pairs.gz	E95	radial glias
OrgaE952147	/Volumes/SumSung500/CSU/0_HiRES/data/hires/GSE223917_RAW/GSM7001813_OrgaE952147.pairs.gz	E95	mix late mesenchyme
OrgaE952151	/Volumes/SumSung500/CSU/0_HiRES/data/hires/GSE223917_RAW/GSM7001817_OrgaE952151.pairs.gz	E95	schwann cell precursors
OrgaE952152	/Volumes/SumSung500/CSU/0_HiRES/data/hires/GSE223917_RAW/GSM7001818_OrgaE952152.pairs.gz	E95	oligodendrocytes and progenitors
OrgaE952169	/Volumes/SumSung500/CSU/0_HiRES/data/hires/GSE223917_RAW/GSM7001819_OrgaE952169.pairs.gz	E95	early neurons
OrgaE952170	/Volumes/SumSung500/CSU/0_HiRES/data/hires/GSE223917_RAW/GSM7001820_OrgaE952170.pairs.gz	E95	radial glias
OrgaE952172	/Volumes/SumSung500/CSU/0_HiRES/data/hires/GSE223917_RAW/GSM7001822_OrgaE952172.pairs.gz	E95	radial glias
OrgaE952173	/Volumes/SumSung500/CSU/0_HiRES/data/hires/GSE223917_RAW/GSM7001823_OrgaE952173.pairs.gz	E95	intermediate mesoderm
OrgaE952179	/Volumes/SumSung500/CSU/0_HiRES/data/hires/GSE223917_RAW/GSM7001829_OrgaE952179.pairs.gz	E95	radial glias
OrgaE952182	/Volumes/SumSung500/CSU/0_HiRES/data/hires/GSE223917_RAW/GSM7001832_OrgaE952182.pairs.gz	E95	NMP
OrgaE952183	/Volumes/SumSung500/CSU/0_HiRES/data/hires/GSE223917_RAW/GSM7001833_OrgaE952183.pairs.gz	E95	early mesenchyme
OrgaE952184	/Volumes/SumSung500/CSU/0_HiRES/data/hires/GSE223917_RAW/GSM7001834_OrgaE952184.pairs.gz	E95	early mesenchyme
OrgaE952186	/Volumes/SumSung500/CSU/0_HiRES/data/hires/GSE223917_RAW/GSM7001836_OrgaE952186.pairs.gz	E95	radial glias
OrgaE952187	/Volumes/SumSung500/CSU/0_HiRES/data/hires/GSE223917_RAW/GSM7001837_OrgaE952187.pairs.gz	E95	intermediate mesoderm
OrgaE952190	/Volumes/SumSung500/CSU/0_HiRES/data/hires/GSE223917_RAW/GSM7001840_OrgaE952190.pairs.gz	E95	radial glias
OrgaE952191	/Volumes/SumSung500/CSU/0_HiRES/data/hires/GSE223917_RAW/GSM7001841_OrgaE952191.pairs.gz	E95	mitosis
OrgaE952192	/Volumes/SumSung500/CSU/0_HiRES/data/hires/GSE223917_RAW/GSM7001842_OrgaE952192.pairs.gz	E95	intermediate mesoderm
OrgaE952196	/Volumes/SumSung500/CSU/0_HiRES/data/hires/GSE223917_RAW/GSM7001846_OrgaE952196.pairs.gz	E95	epithelial cells
OrgaE952199	/Volumes/SumSung500/CSU/0_HiRES/data/hires/GSE223917_RAW/GSM7001849_OrgaE952199.pairs.gz	E95	schwann cell precursors
OrgaE952201	/Volumes/SumSung500/CSU/0_HiRES/data/hires/GSE223917_RAW/GSM7001851_OrgaE952201.pairs.gz	E95	early neurons
OrgaE952203	/Volumes/SumSung500/CSU/0_HiRES/data/hires/GSE223917_RAW/GSM7001853_OrgaE952203.pairs.gz	E95	mix late mesenchyme
OrgaE952204	/Volumes/SumSung500/CSU/0_HiRES/data/hires/GSE223917_RAW/GSM7001854_OrgaE952204.pairs.gz	E95	radial glias
OrgaE952205	/Volumes/SumSung500/CSU/0_HiRES/data/hires/GSE223917_RAW/GSM7001855_OrgaE952205.pairs.gz	E95	mix late mesenchyme
OrgaE952206	/Volumes/SumSung500/CSU/0_HiRES/data/hires/GSE223917_RAW/GSM7001856_OrgaE952206.pairs.gz	E95	epithelial cells
OrgaE952207	/Volumes/SumSung500/CSU/0_HiRES/data/hires/GSE223917_RAW/GSM7001857_OrgaE952207.pairs.gz	E95	early mesenchyme
OrgaE952208	/Volumes/SumSung500/CSU/0_HiRES/data/hires/GSE223917_RAW/GSM7001858_OrgaE952208.pairs.gz	E95	early mesenchyme
OrgaE952209	/Volumes/SumSung500/CSU/0_HiRES/data/hires/GSE223917_RAW/GSM7001859_OrgaE952209.pairs.gz	E95	oligodendrocytes and progenitors
OrgaE952210	/Volumes/SumSung500/CSU/0_HiRES/data/hires/GSE223917_RAW/GSM7001860_OrgaE952210.pairs.gz	E95	mitosis
OrgaE952211	/Volumes/SumSung500/CSU/0_HiRES/data/hires/GSE223917_RAW/GSM7001861_OrgaE952211.pairs.gz	E95	mix late mesenchyme
OrgaE952212	/Volumes/SumSung500/CSU/0_HiRES/data/hires/GSE223917_RAW/GSM7001862_OrgaE952212.pairs.gz	E95	oligodendrocytes and progenitors
OrgaE952216	/Volumes/SumSung500/CSU/0_HiRES/data/hires/GSE223917_RAW/GSM7001866_OrgaE952216.pairs.gz	E95	epithelial cells
OrgaE952217	/Volumes/SumSung500/CSU/0_HiRES/data/hires/GSE223917_RAW/GSM7001867_OrgaE952217.pairs.gz	E95	intermediate mesoderm
OrgaE952220	/Volumes/SumSung500/CSU/0_HiRES/data/hires/GSE223917_RAW/GSM7001870_OrgaE952220.pairs.gz	E95	blood
OrgaE952222	/Volumes/SumSung500/CSU/0_HiRES/data/hires/GSE223917_RAW/GSM7001872_OrgaE952222.pairs.gz	E95	mix late mesenchyme
OrgaE952224	/Volumes/SumSung500/CSU/0_HiRES/data/hires/GSE223917_RAW/GSM7001874_OrgaE952224.pairs.gz	E95	early mesenchyme
OrgaE952226	/Volumes/SumSung500/CSU/0_HiRES/data/hires/GSE223917_RAW/GSM7001876_OrgaE952226.pairs.gz	E95	mix late mesenchyme
OrgaE952230	/Volumes/SumSung500/CSU/0_HiRES/data/hires/GSE223917_RAW/GSM7001880_OrgaE952230.pairs.gz	E95	mix late mesenchyme
OrgaE952231	/Volumes/SumSung500/CSU/0_HiRES/data/hires/GSE223917_RAW/GSM7001881_OrgaE952231.pairs.gz	E95	schwann cell precursors
OrgaE952232	/Volumes/SumSung500/CSU/0_HiRES/data/hires/GSE223917_RAW/GSM7001882_OrgaE952232.pairs.gz	E95	early neurons
OrgaE952233	/Volumes/SumSung500/CSU/0_HiRES/data/hires/GSE223917_RAW/GSM7001883_OrgaE952233.pairs.gz	E95	epithelial cells
OrgaE952235	/Volumes/SumSung500/CSU/0_HiRES/data/hires/GSE223917_RAW/GSM7001885_OrgaE952235.pairs.gz	E95	notochord
OrgaE952238	/Volumes/SumSung500/CSU/0_HiRES/data/hires/GSE223917_RAW/GSM7001888_OrgaE952238.pairs.gz	E95	intermediate mesoderm
OrgaE952239	/Volumes/SumSung500/CSU/0_HiRES/data/hires/GSE223917_RAW/GSM7001889_OrgaE952239.pairs.gz	E95	oligodendrocytes and progenitors
OrgaE952242	/Volumes/SumSung500/CSU/0_HiRES/data/hires/GSE223917_RAW/GSM7001891_OrgaE952242.pairs.gz	E95	radial glias
OrgaE952244	/Volumes/SumSung500/CSU/0_HiRES/data/hires/GSE223917_RAW/GSM7001893_OrgaE952244.pairs.gz	E95	radial glias
OrgaE952249	/Volumes/SumSung500/CSU/0_HiRES/data/hires/GSE223917_RAW/GSM7001898_OrgaE952249.pairs.gz	E95	mix late mesenchyme
OrgaE952250	/Volumes/SumSung500/CSU/0_HiRES/data/hires/GSE223917_RAW/GSM7001899_OrgaE952250.pairs.gz	E95	mix late mesenchyme
OrgaE952255	/Volumes/SumSung500/CSU/0_HiRES/data/hires/GSE223917_RAW/GSM7001903_OrgaE952255.pairs.gz	E95	early neurons
OrgaE952256	/Volumes/SumSung500/CSU/0_HiRES/data/hires/GSE223917_RAW/GSM7001904_OrgaE952256.pairs.gz	E95	intermediate mesoderm
OrgaE952260	/Volumes/SumSung500/CSU/0_HiRES/data/hires/GSE223917_RAW/GSM7001907_OrgaE952260.pairs.gz	E95	early mesenchyme
OrgaE952269	/Volumes/SumSung500/CSU/0_HiRES/data/hires/GSE223917_RAW/GSM7001916_OrgaE952269.pairs.gz	E95	mix late mesenchyme
OrgaE952271	/Volumes/SumSung500/CSU/0_HiRES/data/hires/GSE223917_RAW/GSM7001918_OrgaE952271.pairs.gz	E95	NMP
OrgaE952272	/Volumes/SumSung500/CSU/0_HiRES/data/hires/GSE223917_RAW/GSM7001919_OrgaE952272.pairs.gz	E95	intermediate mesoderm
OrgaE952276	/Volumes/SumSung500/CSU/0_HiRES/data/hires/GSE223917_RAW/GSM7001923_OrgaE952276.pairs.gz	E95	early neurons
OrgaE952279	/Volumes/SumSung500/CSU/0_HiRES/data/hires/GSE223917_RAW/GSM7001926_OrgaE952279.pairs.gz	E95	intermediate mesoderm
OrgaE952280	/Volumes/SumSung500/CSU/0_HiRES/data/hires/GSE223917_RAW/GSM7001927_OrgaE952280.pairs.gz	E95	radial glias
OrgaE952281	/Volumes/SumSung500/CSU/0_HiRES/data/hires/GSE223917_RAW/GSM7001928_OrgaE952281.pairs.gz	E95	mix late mesenchyme
OrgaE952287	/Volumes/SumSung500/CSU/0_HiRES/data/hires/GSE223917_RAW/GSM7001933_OrgaE952287.pairs.gz	E95	neural tube
OrgaE952290	/Volumes/SumSung500/CSU/0_HiRES/data/hires/GSE223917_RAW/GSM7001936_OrgaE952290.pairs.gz	E95	intermediate mesoderm
OrgaE952293	/Volumes/SumSung500/CSU/0_HiRES/data/hires/GSE223917_RAW/GSM7001939_OrgaE952293.pairs.gz	E95	radial glias
OrgaE952297	/Volumes/SumSung500/CSU/0_HiRES/data/hires/GSE223917_RAW/GSM7001943_OrgaE952297.pairs.gz	E95	blood
OrgaE952300	/Volumes/SumSung500/CSU/0_HiRES/data/hires/GSE223917_RAW/GSM7001946_OrgaE952300.pairs.gz	E95	notochord
OrgaE952301	/Volumes/SumSung500/CSU/0_HiRES/data/hires/GSE223917_RAW/GSM7001947_OrgaE952301.pairs.gz	E95	early mesenchyme
OrgaE952309	/Volumes/SumSung500/CSU/0_HiRES/data/hires/GSE223917_RAW/GSM7001955_OrgaE952309.pairs.gz	E95	intermediate mesoderm
OrgaE952310	/Volumes/SumSung500/CSU/0_HiRES/data/hires/GSE223917_RAW/GSM7001956_OrgaE952310.pairs.gz	E95	oligodendrocytes and progenitors
OrgaE952312	/Volumes/SumSung500/CSU/0_HiRES/data/hires/GSE223917_RAW/GSM7001958_OrgaE952312.pairs.gz	E95	notochord
OrgaE952314	/Volumes/SumSung500/CSU/0_HiRES/data/hires/GSE223917_RAW/GSM7001960_OrgaE952314.pairs.gz	E95	mitosis
OrgaE952320	/Volumes/SumSung500/CSU/0_HiRES/data/hires/GSE223917_RAW/GSM7001966_OrgaE952320.pairs.gz	E95	radial glias
OrgaE952321	/Volumes/SumSung500/CSU/0_HiRES/data/hires/GSE223917_RAW/GSM7001967_OrgaE952321.pairs.gz	E95	intermediate mesoderm
OrgaE952322	/Volumes/SumSung500/CSU/0_HiRES/data/hires/GSE223917_RAW/GSM7001968_OrgaE952322.pairs.gz	E95	early neurons
OrgaE952323	/Volumes/SumSung500/CSU/0_HiRES/data/hires/GSE223917_RAW/GSM7001969_OrgaE952323.pairs.gz	E95	early neurons
OrgaE952324	/Volumes/SumSung500/CSU/0_HiRES/data/hires/GSE223917_RAW/GSM7001970_OrgaE952324.pairs.gz	E95	blood
OrgaE952328	/Volumes/SumSung500/CSU/0_HiRES/data/hires/GSE223917_RAW/GSM7001974_OrgaE952328.pairs.gz	E95	mix late mesenchyme
OrgaE952329	/Volumes/SumSung500/CSU/0_HiRES/data/hires/GSE223917_RAW/GSM7001975_OrgaE952329.pairs.gz	E95	radial glias
OrgaE952330	/Volumes/SumSung500/CSU/0_HiRES/data/hires/GSE223917_RAW/GSM7001976_OrgaE952330.pairs.gz	E95	mitosis
OrgaE952335	/Volumes/SumSung500/CSU/0_HiRES/data/hires/GSE223917_RAW/GSM7001981_OrgaE952335.pairs.gz	E95	early neurons
OrgaE952336	/Volumes/SumSung500/CSU/0_HiRES/data/hires/GSE223917_RAW/GSM7001982_OrgaE952336.pairs.gz	E95	oligodendrocytes and progenitors
OrgaE952337	/Volumes/SumSung500/CSU/0_HiRES/data/hires/GSE223917_RAW/GSM7001983_OrgaE952337.pairs.gz	E95	early mesenchyme
OrgaE952338	/Volumes/SumSung500/CSU/0_HiRES/data/hires/GSE223917_RAW/GSM7001984_OrgaE952338.pairs.gz	E95	intermediate mesoderm
OrgaE952340	/Volumes/SumSung500/CSU/0_HiRES/data/hires/GSE223917_RAW/GSM7001986_OrgaE952340.pairs.gz	E95	notochord
OrgaE952341	/Volumes/SumSung500/CSU/0_HiRES/data/hires/GSE223917_RAW/GSM7001987_OrgaE952341.pairs.gz	E95	mix late mesenchyme
OrgaE952342	/Volumes/SumSung500/CSU/0_HiRES/data/hires/GSE223917_RAW/GSM7001988_OrgaE952342.pairs.gz	E95	intermediate mesoderm
OrgaE952349	/Volumes/SumSung500/CSU/0_HiRES/data/hires/GSE223917_RAW/GSM7001995_OrgaE952349.pairs.gz	E95	intermediate mesoderm
OrgaE952350	/Volumes/SumSung500/CSU/0_HiRES/data/hires/GSE223917_RAW/GSM7001996_OrgaE952350.pairs.gz	E95	mix late mesenchyme
OrgaE952354	/Volumes/SumSung500/CSU/0_HiRES/data/hires/GSE223917_RAW/GSM7002000_OrgaE952354.pairs.gz	E95	early mesenchyme
OrgaE952355	/Volumes/SumSung500/CSU/0_HiRES/data/hires/GSE223917_RAW/GSM7002001_OrgaE952355.pairs.gz	E95	mitosis
OrgaE952356	/Volumes/SumSung500/CSU/0_HiRES/data/hires/GSE223917_RAW/GSM7002002_OrgaE952356.pairs.gz	E95	mix late mesenchyme
OrgaE952359	/Volumes/SumSung500/CSU/0_HiRES/data/hires/GSE223917_RAW/GSM7002005_OrgaE952359.pairs.gz	E95	mix late mesenchyme
OrgaE952366	/Volumes/SumSung500/CSU/0_HiRES/data/hires/GSE223917_RAW/GSM7002012_OrgaE952366.pairs.gz	E95	mix late mesenchyme
OrgaE952368	/Volumes/SumSung500/CSU/0_HiRES/data/hires/GSE223917_RAW/GSM7002014_OrgaE952368.pairs.gz	E95	mix late mesenchyme
OrgaE952369	/Volumes/SumSung500/CSU/0_HiRES/data/hires/GSE223917_RAW/GSM7002015_OrgaE952369.pairs.gz	E95	mitosis
OrgaE952379	/Volumes/SumSung500/CSU/0_HiRES/data/hires/GSE223917_RAW/GSM7002025_OrgaE952379.pairs.gz	E95	notochord
OrgaE952381	/Volumes/SumSung500/CSU/0_HiRES/data/hires/GSE223917_RAW/GSM7002027_OrgaE952381.pairs.gz	E95	early neurons
OrgaEX151001	/Volumes/SumSung500/CSU/0_HiRES/data/hires/GSE223917_RAW/GSM7002031_OrgaEX151001.pairs.gz	EX15	mix late mesenchyme
OrgaEX151002	/Volumes/SumSung500/CSU/0_HiRES/data/hires/GSE223917_RAW/GSM7002032_OrgaEX151002.pairs.gz	EX15	early neurons
OrgaEX151003	/Volumes/SumSung500/CSU/0_HiRES/data/hires/GSE223917_RAW/GSM7002033_OrgaEX151003.pairs.gz	EX15	early neurons
OrgaEX151004	/Volumes/SumSung500/CSU/0_HiRES/data/hires/GSE223917_RAW/GSM7002034_OrgaEX151004.pairs.gz	EX15	oligodendrocytes and progenitors
OrgaEX151005	/Volumes/SumSung500/CSU/0_HiRES/data/hires/GSE223917_RAW/GSM7002035_OrgaEX151005.pairs.gz	EX15	mitosis
OrgaEX151006	/Volumes/SumSung500/CSU/0_HiRES/data/hires/GSE223917_RAW/GSM7002036_OrgaEX151006.pairs.gz	EX15	early mesenchyme
OrgaEX151007	/Volumes/SumSung500/CSU/0_HiRES/data/hires/GSE223917_RAW/GSM7002037_OrgaEX151007.pairs.gz	EX15	mix late mesenchyme
OrgaEX151008	/Volumes/SumSung500/CSU/0_HiRES/data/hires/GSE223917_RAW/GSM7002038_OrgaEX151008.pairs.gz	EX15	early neurons
OrgaEX151009	/Volumes/SumSung500/CSU/0_HiRES/data/hires/GSE223917_RAW/GSM7002039_OrgaEX151009.pairs.gz	EX15	radial glias
OrgaEX151010	/Volumes/SumSung500/CSU/0_HiRES/data/hires/GSE223917_RAW/GSM7002040_OrgaEX151010.pairs.gz	EX15	mix late mesenchyme
OrgaEX151011	/Volumes/SumSung500/CSU/0_HiRES/data/hires/GSE223917_RAW/GSM7002041_OrgaEX151011.pairs.gz	EX15	mix late mesenchyme
OrgaEX151012	/Volumes/SumSung500/CSU/0_HiRES/data/hires/GSE223917_RAW/GSM7002042_OrgaEX151012.pairs.gz	EX15	early neurons
OrgaEX151013	/Volumes/SumSung500/CSU/0_HiRES/data/hires/GSE223917_RAW/GSM7002043_OrgaEX151013.pairs.gz	EX15	blood
OrgaEX151014	/Volumes/SumSung500/CSU/0_HiRES/data/hires/GSE223917_RAW/GSM7002044_OrgaEX151014.pairs.gz	EX15	mix late mesenchyme
OrgaEX151015	/Volumes/SumSung500/CSU/0_HiRES/data/hires/GSE223917_RAW/GSM7002045_OrgaEX151015.pairs.gz	EX15	mix late mesenchyme
OrgaEX151016	/Volumes/SumSung500/CSU/0_HiRES/data/hires/GSE223917_RAW/GSM7002046_OrgaEX151016.pairs.gz	EX15	radial glias
OrgaEX151017	/Volumes/SumSung500/CSU/0_HiRES/data/hires/GSE223917_RAW/GSM7002047_OrgaEX151017.pairs.gz	EX15	early neurons
OrgaEX151018	/Volumes/SumSung500/CSU/0_HiRES/data/hires/GSE223917_RAW/GSM7002048_OrgaEX151018.pairs.gz	EX15	mix late mesenchyme
OrgaEX151019	/Volumes/SumSung500/CSU/0_HiRES/data/hires/GSE223917_RAW/GSM7002049_OrgaEX151019.pairs.gz	EX15	intermediate mesoderm
OrgaEX151020	/Volumes/SumSung500/CSU/0_HiRES/data/hires/GSE223917_RAW/GSM7002050_OrgaEX151020.pairs.gz	EX15	early neurons
OrgaEX151021	/Volumes/SumSung500/CSU/0_HiRES/data/hires/GSE223917_RAW/GSM7002051_OrgaEX151021.pairs.gz	EX15	blood
OrgaEX151022	/Volumes/SumSung500/CSU/0_HiRES/data/hires/GSE223917_RAW/GSM7002052_OrgaEX151022.pairs.gz	EX15	mix late mesenchyme
OrgaEX151023	/Volumes/SumSung500/CSU/0_HiRES/data/hires/GSE223917_RAW/GSM7002053_OrgaEX151023.pairs.gz	EX15	early neurons
OrgaEX151024	/Volumes/SumSung500/CSU/0_HiRES/data/hires/GSE223917_RAW/GSM7002054_OrgaEX151024.pairs.gz	EX15	oligodendrocytes and progenitors
OrgaEX151025	/Volumes/SumSung500/CSU/0_HiRES/data/hires/GSE223917_RAW/GSM7002055_OrgaEX151025.pairs.gz	EX15	intermediate mesoderm
OrgaEX151026	/Volumes/SumSung500/CSU/0_HiRES/data/hires/GSE223917_RAW/GSM7002056_OrgaEX151026.pairs.gz	EX15	epithelial cells
OrgaEX151027	/Volumes/SumSung500/CSU/0_HiRES/data/hires/GSE223917_RAW/GSM7002057_OrgaEX151027.pairs.gz	EX15	blood
OrgaEX151028	/Volumes/SumSung500/CSU/0_HiRES/data/hires/GSE223917_RAW/GSM7002058_OrgaEX151028.pairs.gz	EX15	early neurons
OrgaEX151029	/Volumes/SumSung500/CSU/0_HiRES/data/hires/GSE223917_RAW/GSM7002059_OrgaEX151029.pairs.gz	EX15	mix late mesenchyme
OrgaEX151030	/Volumes/SumSung500/CSU/0_HiRES/data/hires/GSE223917_RAW/GSM7002060_OrgaEX151030.pairs.gz	EX15	mix late mesenchyme
OrgaEX151032	/Volumes/SumSung500/CSU/0_HiRES/data/hires/GSE223917_RAW/GSM7002061_OrgaEX151032.pairs.gz	EX15	early neurons
OrgaEX151033	/Volumes/SumSung500/CSU/0_HiRES/data/hires/GSE223917_RAW/GSM7002062_OrgaEX151033.pairs.gz	EX15	early neurons
OrgaEX151034	/Volumes/SumSung500/CSU/0_HiRES/data/hires/GSE223917_RAW/GSM7002063_OrgaEX151034.pairs.gz	EX15	early neurons
OrgaEX151035	/Volumes/SumSung500/CSU/0_HiRES/data/hires/GSE223917_RAW/GSM7002064_OrgaEX151035.pairs.gz	EX15	mix late mesenchyme
OrgaEX151036	/Volumes/SumSung500/CSU/0_HiRES/data/hires/GSE223917_RAW/GSM7002065_OrgaEX151036.pairs.gz	EX15	early neurons
OrgaEX151037	/Volumes/SumSung500/CSU/0_HiRES/data/hires/GSE223917_RAW/GSM7002066_OrgaEX151037.pairs.gz	EX15	mix late mesenchyme
OrgaEX151038	/Volumes/SumSung500/CSU/0_HiRES/data/hires/GSE223917_RAW/GSM7002067_OrgaEX151038.pairs.gz	EX15	blood
OrgaEX151039	/Volumes/SumSung500/CSU/0_HiRES/data/hires/GSE223917_RAW/GSM7002068_OrgaEX151039.pairs.gz	EX15	mix late mesenchyme
OrgaEX151040	/Volumes/SumSung500/CSU/0_HiRES/data/hires/GSE223917_RAW/GSM7002069_OrgaEX151040.pairs.gz	EX15	radial glias
OrgaEX151042	/Volumes/SumSung500/CSU/0_HiRES/data/hires/GSE223917_RAW/GSM7002070_OrgaEX151042.pairs.gz	EX15	early neurons
OrgaEX151043	/Volumes/SumSung500/CSU/0_HiRES/data/hires/GSE223917_RAW/GSM7002071_OrgaEX151043.pairs.gz	EX15	mitosis
OrgaEX151044	/Volumes/SumSung500/CSU/0_HiRES/data/hires/GSE223917_RAW/GSM7002072_OrgaEX151044.pairs.gz	EX15	oligodendrocytes and progenitors
OrgaEX151045	/Volumes/SumSung500/CSU/0_HiRES/data/hires/GSE223917_RAW/GSM7002073_OrgaEX151045.pairs.gz	EX15	blood
OrgaEX151046	/Volumes/SumSung500/CSU/0_HiRES/data/hires/GSE223917_RAW/GSM7002074_OrgaEX151046.pairs.gz	EX15	intermediate mesoderm
OrgaEX151047	/Volumes/SumSung500/CSU/0_HiRES/data/hires/GSE223917_RAW/GSM7002075_OrgaEX151047.pairs.gz	EX15	early neurons
OrgaEX151048	/Volumes/SumSung500/CSU/0_HiRES/data/hires/GSE223917_RAW/GSM7002076_OrgaEX151048.pairs.gz	EX15	mix late mesenchyme
OrgaEX151049	/Volumes/SumSung500/CSU/0_HiRES/data/hires/GSE223917_RAW/GSM7002077_OrgaEX151049.pairs.gz	EX15	mix late mesenchyme
OrgaEX151050	/Volumes/SumSung500/CSU/0_HiRES/data/hires/GSE223917_RAW/GSM7002078_OrgaEX151050.pairs.gz	EX15	blood
OrgaEX151051	/Volumes/SumSung500/CSU/0_HiRES/data/hires/GSE223917_RAW/GSM7002079_OrgaEX151051.pairs.gz	EX15	mix late mesenchyme
OrgaEX151052	/Volumes/SumSung500/CSU/0_HiRES/data/hires/GSE223917_RAW/GSM7002080_OrgaEX151052.pairs.gz	EX15	early neurons
OrgaEX151053	/Volumes/SumSung500/CSU/0_HiRES/data/hires/GSE223917_RAW/GSM7002081_OrgaEX151053.pairs.gz	EX15	blood
OrgaEX151054	/Volumes/SumSung500/CSU/0_HiRES/data/hires/GSE223917_RAW/GSM7002082_OrgaEX151054.pairs.gz	EX15	myocytes
OrgaEX151055	/Volumes/SumSung500/CSU/0_HiRES/data/hires/GSE223917_RAW/GSM7002083_OrgaEX151055.pairs.gz	EX15	mix late mesenchyme
OrgaEX151057	/Volumes/SumSung500/CSU/0_HiRES/data/hires/GSE223917_RAW/GSM7002084_OrgaEX151057.pairs.gz	EX15	radial glias
OrgaEX151058	/Volumes/SumSung500/CSU/0_HiRES/data/hires/GSE223917_RAW/GSM7002085_OrgaEX151058.pairs.gz	EX15	early neurons
OrgaEX151059	/Volumes/SumSung500/CSU/0_HiRES/data/hires/GSE223917_RAW/GSM7002086_OrgaEX151059.pairs.gz	EX15	oligodendrocytes and progenitors
OrgaEX151060	/Volumes/SumSung500/CSU/0_HiRES/data/hires/GSE223917_RAW/GSM7002087_OrgaEX151060.pairs.gz	EX15	mix late mesenchyme
OrgaEX151061	/Volumes/SumSung500/CSU/0_HiRES/data/hires/GSE223917_RAW/GSM7002088_OrgaEX151061.pairs.gz	EX15	mix late mesenchyme
OrgaEX151062	/Volumes/SumSung500/CSU/0_HiRES/data/hires/GSE223917_RAW/GSM7002089_OrgaEX151062.pairs.gz	EX15	mix late mesenchyme
OrgaEX151063	/Volumes/SumSung500/CSU/0_HiRES/data/hires/GSE223917_RAW/GSM7002090_OrgaEX151063.pairs.gz	EX15	mix late mesenchyme
OrgaEX151064	/Volumes/SumSung500/CSU/0_HiRES/data/hires/GSE223917_RAW/GSM7002091_OrgaEX151064.pairs.gz	EX15	mix late mesenchyme
OrgaEX151065	/Volumes/SumSung500/CSU/0_HiRES/data/hires/GSE223917_RAW/GSM7002092_OrgaEX151065.pairs.gz	EX15	oligodendrocytes and progenitors
OrgaEX151066	/Volumes/SumSung500/CSU/0_HiRES/data/hires/GSE223917_RAW/GSM7002093_OrgaEX151066.pairs.gz	EX15	radial glias
OrgaEX151067	/Volumes/SumSung500/CSU/0_HiRES/data/hires/GSE223917_RAW/GSM7002094_OrgaEX151067.pairs.gz	EX15	mitosis
OrgaEX151068	/Volumes/SumSung500/CSU/0_HiRES/data/hires/GSE223917_RAW/GSM7002095_OrgaEX151068.pairs.gz	EX15	mix late mesenchyme
OrgaEX151069	/Volumes/SumSung500/CSU/0_HiRES/data/hires/GSE223917_RAW/GSM7002096_OrgaEX151069.pairs.gz	EX15	mix late mesenchyme
OrgaEX151070	/Volumes/SumSung500/CSU/0_HiRES/data/hires/GSE223917_RAW/GSM7002097_OrgaEX151070.pairs.gz	EX15	mix late mesenchyme
OrgaEX151071	/Volumes/SumSung500/CSU/0_HiRES/data/hires/GSE223917_RAW/GSM7002098_OrgaEX151071.pairs.gz	EX15	intermediate mesoderm
OrgaEX151073	/Volumes/SumSung500/CSU/0_HiRES/data/hires/GSE223917_RAW/GSM7002099_OrgaEX151073.pairs.gz	EX15	early neurons
OrgaEX151074	/Volumes/SumSung500/CSU/0_HiRES/data/hires/GSE223917_RAW/GSM7002100_OrgaEX151074.pairs.gz	EX15	mix late mesenchyme
OrgaEX151075	/Volumes/SumSung500/CSU/0_HiRES/data/hires/GSE223917_RAW/GSM7002101_OrgaEX151075.pairs.gz	EX15	mix late mesenchyme
OrgaEX151076	/Volumes/SumSung500/CSU/0_HiRES/data/hires/GSE223917_RAW/GSM7002102_OrgaEX151076.pairs.gz	EX15	radial glias
OrgaEX151077	/Volumes/SumSung500/CSU/0_HiRES/data/hires/GSE223917_RAW/GSM7002103_OrgaEX151077.pairs.gz	EX15	mix late mesenchyme
OrgaEX151078	/Volumes/SumSung500/CSU/0_HiRES/data/hires/GSE223917_RAW/GSM7002104_OrgaEX151078.pairs.gz	EX15	blood
OrgaEX151079	/Volumes/SumSung500/CSU/0_HiRES/data/hires/GSE223917_RAW/GSM7002105_OrgaEX151079.pairs.gz	EX15	mix late mesenchyme
OrgaEX151080	/Volumes/SumSung500/CSU/0_HiRES/data/hires/GSE223917_RAW/GSM7002106_OrgaEX151080.pairs.gz	EX15	early neurons
OrgaEX151081	/Volumes/SumSung500/CSU/0_HiRES/data/hires/GSE223917_RAW/GSM7002107_OrgaEX151081.pairs.gz	EX15	mix late mesenchyme
OrgaEX151082	/Volumes/SumSung500/CSU/0_HiRES/data/hires/GSE223917_RAW/GSM7002108_OrgaEX151082.pairs.gz	EX15	early neurons
OrgaEX151083	/Volumes/SumSung500/CSU/0_HiRES/data/hires/GSE223917_RAW/GSM7002109_OrgaEX151083.pairs.gz	EX15	myocytes
OrgaEX151084	/Volumes/SumSung500/CSU/0_HiRES/data/hires/GSE223917_RAW/GSM7002110_OrgaEX151084.pairs.gz	EX15	early neurons
OrgaEX151085	/Volumes/SumSung500/CSU/0_HiRES/data/hires/GSE223917_RAW/GSM7002111_OrgaEX151085.pairs.gz	EX15	early neurons
OrgaEX151086	/Volumes/SumSung500/CSU/0_HiRES/data/hires/GSE223917_RAW/GSM7002112_OrgaEX151086.pairs.gz	EX15	blood
OrgaEX151087	/Volumes/SumSung500/CSU/0_HiRES/data/hires/GSE223917_RAW/GSM7002113_OrgaEX151087.pairs.gz	EX15	mix late mesenchyme
OrgaEX151088	/Volumes/SumSung500/CSU/0_HiRES/data/hires/GSE223917_RAW/GSM7002114_OrgaEX151088.pairs.gz	EX15	early neurons
OrgaEX151089	/Volumes/SumSung500/CSU/0_HiRES/data/hires/GSE223917_RAW/GSM7002115_OrgaEX151089.pairs.gz	EX15	early neurons
OrgaEX151090	/Volumes/SumSung500/CSU/0_HiRES/data/hires/GSE223917_RAW/GSM7002116_OrgaEX151090.pairs.gz	EX15	mix late mesenchyme
OrgaEX151091	/Volumes/SumSung500/CSU/0_HiRES/data/hires/GSE223917_RAW/GSM7002117_OrgaEX151091.pairs.gz	EX15	mix late mesenchyme
OrgaEX151092	/Volumes/SumSung500/CSU/0_HiRES/data/hires/GSE223917_RAW/GSM7002118_OrgaEX151092.pairs.gz	EX15	mix late mesenchyme
OrgaEX151094	/Volumes/SumSung500/CSU/0_HiRES/data/hires/GSE223917_RAW/GSM7002119_OrgaEX151094.pairs.gz	EX15	blood
OrgaEX151095	/Volumes/SumSung500/CSU/0_HiRES/data/hires/GSE223917_RAW/GSM7002120_OrgaEX151095.pairs.gz	EX15	radial glias
OrgaEX151096	/Volumes/SumSung500/CSU/0_HiRES/data/hires/GSE223917_RAW/GSM7002121_OrgaEX151096.pairs.gz	EX15	mix late mesenchyme
OrgaEX151097	/Volumes/SumSung500/CSU/0_HiRES/data/hires/GSE223917_RAW/GSM7002122_OrgaEX151097.pairs.gz	EX15	intermediate mesoderm
OrgaEX151098	/Volumes/SumSung500/CSU/0_HiRES/data/hires/GSE223917_RAW/GSM7002123_OrgaEX151098.pairs.gz	EX15	intermediate mesoderm
OrgaEX151099	/Volumes/SumSung500/CSU/0_HiRES/data/hires/GSE223917_RAW/GSM7002124_OrgaEX151099.pairs.gz	EX15	blood
OrgaEX151100	/Volumes/SumSung500/CSU/0_HiRES/data/hires/GSE223917_RAW/GSM7002125_OrgaEX151100.pairs.gz	EX15	mix late mesenchyme
OrgaEX151101	/Volumes/SumSung500/CSU/0_HiRES/data/hires/GSE223917_RAW/GSM7002126_OrgaEX151101.pairs.gz	EX15	mitosis
OrgaEX151102	/Volumes/SumSung500/CSU/0_HiRES/data/hires/GSE223917_RAW/GSM7002127_OrgaEX151102.pairs.gz	EX15	mix late mesenchyme
OrgaEX151103	/Volumes/SumSung500/CSU/0_HiRES/data/hires/GSE223917_RAW/GSM7002128_OrgaEX151103.pairs.gz	EX15	mix late mesenchyme
OrgaEX151104	/Volumes/SumSung500/CSU/0_HiRES/data/hires/GSE223917_RAW/GSM7002129_OrgaEX151104.pairs.gz	EX15	mix late mesenchyme
OrgaEX151105	/Volumes/SumSung500/CSU/0_HiRES/data/hires/GSE223917_RAW/GSM7002130_OrgaEX151105.pairs.gz	EX15	mix late mesenchyme
OrgaEX151106	/Volumes/SumSung500/CSU/0_HiRES/data/hires/GSE223917_RAW/GSM7002131_OrgaEX151106.pairs.gz	EX15	mix late mesenchyme
OrgaEX151107	/Volumes/SumSung500/CSU/0_HiRES/data/hires/GSE223917_RAW/GSM7002132_OrgaEX151107.pairs.gz	EX15	mix late mesenchyme
OrgaEX151108	/Volumes/SumSung500/CSU/0_HiRES/data/hires/GSE223917_RAW/GSM7002133_OrgaEX151108.pairs.gz	EX15	mix late mesenchyme
OrgaEX151109	/Volumes/SumSung500/CSU/0_HiRES/data/hires/GSE223917_RAW/GSM7002134_OrgaEX151109.pairs.gz	EX15	intermediate mesoderm
OrgaEX151110	/Volumes/SumSung500/CSU/0_HiRES/data/hires/GSE223917_RAW/GSM7002135_OrgaEX151110.pairs.gz	EX15	early neurons
OrgaEX151111	/Volumes/SumSung500/CSU/0_HiRES/data/hires/GSE223917_RAW/GSM7002136_OrgaEX151111.pairs.gz	EX15	blood
OrgaEX151113	/Volumes/SumSung500/CSU/0_HiRES/data/hires/GSE223917_RAW/GSM7002137_OrgaEX151113.pairs.gz	EX15	blood
OrgaEX151114	/Volumes/SumSung500/CSU/0_HiRES/data/hires/GSE223917_RAW/GSM7002138_OrgaEX151114.pairs.gz	EX15	epithelial cells
OrgaEX151115	/Volumes/SumSung500/CSU/0_HiRES/data/hires/GSE223917_RAW/GSM7002139_OrgaEX151115.pairs.gz	EX15	mitosis
OrgaEX151116	/Volumes/SumSung500/CSU/0_HiRES/data/hires/GSE223917_RAW/GSM7002140_OrgaEX151116.pairs.gz	EX15	oligodendrocytes and progenitors
OrgaEX151117	/Volumes/SumSung500/CSU/0_HiRES/data/hires/GSE223917_RAW/GSM7002141_OrgaEX151117.pairs.gz	EX15	mix late mesenchyme
OrgaEX151118	/Volumes/SumSung500/CSU/0_HiRES/data/hires/GSE223917_RAW/GSM7002142_OrgaEX151118.pairs.gz	EX15	mix late mesenchyme
OrgaEX151119	/Volumes/SumSung500/CSU/0_HiRES/data/hires/GSE223917_RAW/GSM7002143_OrgaEX151119.pairs.gz	EX15	blood
OrgaEX151120	/Volumes/SumSung500/CSU/0_HiRES/data/hires/GSE223917_RAW/GSM7002144_OrgaEX151120.pairs.gz	EX15	blood
OrgaEX151121	/Volumes/SumSung500/CSU/0_HiRES/data/hires/GSE223917_RAW/GSM7002145_OrgaEX151121.pairs.gz	EX15	mix late mesenchyme
OrgaEX151122	/Volumes/SumSung500/CSU/0_HiRES/data/hires/GSE223917_RAW/GSM7002146_OrgaEX151122.pairs.gz	EX15	mix late mesenchyme
OrgaEX151123	/Volumes/SumSung500/CSU/0_HiRES/data/hires/GSE223917_RAW/GSM7002147_OrgaEX151123.pairs.gz	EX15	mix late mesenchyme
OrgaEX151124	/Volumes/SumSung500/CSU/0_HiRES/data/hires/GSE223917_RAW/GSM7002148_OrgaEX151124.pairs.gz	EX15	oligodendrocytes and progenitors
OrgaEX151125	/Volumes/SumSung500/CSU/0_HiRES/data/hires/GSE223917_RAW/GSM7002149_OrgaEX151125.pairs.gz	EX15	radial glias
OrgaEX151126	/Volumes/SumSung500/CSU/0_HiRES/data/hires/GSE223917_RAW/GSM7002150_OrgaEX151126.pairs.gz	EX15	intermediate mesoderm
OrgaEX151127	/Volumes/SumSung500/CSU/0_HiRES/data/hires/GSE223917_RAW/GSM7002151_OrgaEX151127.pairs.gz	EX15	mix late mesenchyme
OrgaEX151129	/Volumes/SumSung500/CSU/0_HiRES/data/hires/GSE223917_RAW/GSM7002152_OrgaEX151129.pairs.gz	EX15	mix late mesenchyme
OrgaEX151130	/Volumes/SumSung500/CSU/0_HiRES/data/hires/GSE223917_RAW/GSM7002153_OrgaEX151130.pairs.gz	EX15	early neurons
OrgaEX151131	/Volumes/SumSung500/CSU/0_HiRES/data/hires/GSE223917_RAW/GSM7002154_OrgaEX151131.pairs.gz	EX15	mix late mesenchyme
OrgaEX151132	/Volumes/SumSung500/CSU/0_HiRES/data/hires/GSE223917_RAW/GSM7002155_OrgaEX151132.pairs.gz	EX15	early neurons
OrgaEX151133	/Volumes/SumSung500/CSU/0_HiRES/data/hires/GSE223917_RAW/GSM7002156_OrgaEX151133.pairs.gz	EX15	mix late mesenchyme
OrgaEX151134	/Volumes/SumSung500/CSU/0_HiRES/data/hires/GSE223917_RAW/GSM7002157_OrgaEX151134.pairs.gz	EX15	intermediate mesoderm
OrgaEX151135	/Volumes/SumSung500/CSU/0_HiRES/data/hires/GSE223917_RAW/GSM7002158_OrgaEX151135.pairs.gz	EX15	early neurons
OrgaEX151136	/Volumes/SumSung500/CSU/0_HiRES/data/hires/GSE223917_RAW/GSM7002166_OrgaEX151136.pairs.gz	EX15	radial glias
OrgaEX151137	/Volumes/SumSung500/CSU/0_HiRES/data/hires/GSE223917_RAW/GSM7002175_OrgaEX151137.pairs.gz	EX15	radial glias
OrgaEX151138	/Volumes/SumSung500/CSU/0_HiRES/data/hires/GSE223917_RAW/GSM7002185_OrgaEX151138.pairs.gz	EX15	mix late mesenchyme
OrgaEX151139	/Volumes/SumSung500/CSU/0_HiRES/data/hires/GSE223917_RAW/GSM7002195_OrgaEX151139.pairs.gz	EX15	mix late mesenchyme
OrgaEX151140	/Volumes/SumSung500/CSU/0_HiRES/data/hires/GSE223917_RAW/GSM7002204_OrgaEX151140.pairs.gz	EX15	mix late mesenchyme
OrgaEX151141	/Volumes/SumSung500/CSU/0_HiRES/data/hires/GSE223917_RAW/GSM7002214_OrgaEX151141.pairs.gz	EX15	mix late mesenchyme
OrgaEX151142	/Volumes/SumSung500/CSU/0_HiRES/data/hires/GSE223917_RAW/GSM7002223_OrgaEX151142.pairs.gz	EX15	blood
OrgaEX151143	/Volumes/SumSung500/CSU/0_HiRES/data/hires/GSE223917_RAW/GSM7002233_OrgaEX151143.pairs.gz	EX15	blood
OrgaEX151144	/Volumes/SumSung500/CSU/0_HiRES/data/hires/GSE223917_RAW/GSM7002240_OrgaEX151144.pairs.gz	EX15	radial glias
OrgaEX151145	/Volumes/SumSung500/CSU/0_HiRES/data/hires/GSE223917_RAW/GSM7002244_OrgaEX151145.pairs.gz	EX15	mix late mesenchyme
OrgaEX151146	/Volumes/SumSung500/CSU/0_HiRES/data/hires/GSE223917_RAW/GSM7002254_OrgaEX151146.pairs.gz	EX15	myocytes
OrgaEX151147	/Volumes/SumSung500/CSU/0_HiRES/data/hires/GSE223917_RAW/GSM7002264_OrgaEX151147.pairs.gz	EX15	mix late mesenchyme
OrgaEX151148	/Volumes/SumSung500/CSU/0_HiRES/data/hires/GSE223917_RAW/GSM7002273_OrgaEX151148.pairs.gz	EX15	mitosis
OrgaEX151149	/Volumes/SumSung500/CSU/0_HiRES/data/hires/GSE223917_RAW/GSM7002283_OrgaEX151149.pairs.gz	EX15	mix late mesenchyme
OrgaEX151150	/Volumes/SumSung500/CSU/0_HiRES/data/hires/GSE223917_RAW/GSM7002292_OrgaEX151150.pairs.gz	EX15	oligodendrocytes and progenitors
OrgaEX151151	/Volumes/SumSung500/CSU/0_HiRES/data/hires/GSE223917_RAW/GSM7002301_OrgaEX151151.pairs.gz	EX15	mix late mesenchyme
OrgaEX151152	/Volumes/SumSung500/CSU/0_HiRES/data/hires/GSE223917_RAW/GSM7002303_OrgaEX151152.pairs.gz	EX15	myocytes
OrgaEX151153	/Volumes/SumSung500/CSU/0_HiRES/data/hires/GSE223917_RAW/GSM7002304_OrgaEX151153.pairs.gz	EX15	mix late mesenchyme
OrgaEX151154	/Volumes/SumSung500/CSU/0_HiRES/data/hires/GSE223917_RAW/GSM7002305_OrgaEX151154.pairs.gz	EX15	myocytes
OrgaEX151155	/Volumes/SumSung500/CSU/0_HiRES/data/hires/GSE223917_RAW/GSM7002306_OrgaEX151155.pairs.gz	EX15	mix late mesenchyme
OrgaEX151156	/Volumes/SumSung500/CSU/0_HiRES/data/hires/GSE223917_RAW/GSM7002307_OrgaEX151156.pairs.gz	EX15	mix late mesenchyme
OrgaEX151157	/Volumes/SumSung500/CSU/0_HiRES/data/hires/GSE223917_RAW/GSM7002308_OrgaEX151157.pairs.gz	EX15	mix late mesenchyme
OrgaEX151158	/Volumes/SumSung500/CSU/0_HiRES/data/hires/GSE223917_RAW/GSM7002309_OrgaEX151158.pairs.gz	EX15	intermediate mesoderm
OrgaEX151159	/Volumes/SumSung500/CSU/0_HiRES/data/hires/GSE223917_RAW/GSM7002310_OrgaEX151159.pairs.gz	EX15	early neurons
OrgaEX151160	/Volumes/SumSung500/CSU/0_HiRES/data/hires/GSE223917_RAW/GSM7002311_OrgaEX151160.pairs.gz	EX15	blood
OrgaEX151161	/Volumes/SumSung500/CSU/0_HiRES/data/hires/GSE223917_RAW/GSM7002312_OrgaEX151161.pairs.gz	EX15	mix late mesenchyme
OrgaEX151162	/Volumes/SumSung500/CSU/0_HiRES/data/hires/GSE223917_RAW/GSM7002313_OrgaEX151162.pairs.gz	EX15	mix late mesenchyme
OrgaEX151163	/Volumes/SumSung500/CSU/0_HiRES/data/hires/GSE223917_RAW/GSM7002314_OrgaEX151163.pairs.gz	EX15	mix late mesenchyme
OrgaEX151164	/Volumes/SumSung500/CSU/0_HiRES/data/hires/GSE223917_RAW/GSM7002315_OrgaEX151164.pairs.gz	EX15	radial glias
OrgaEX151165	/Volumes/SumSung500/CSU/0_HiRES/data/hires/GSE223917_RAW/GSM7002316_OrgaEX151165.pairs.gz	EX15	early neurons
OrgaEX151166	/Volumes/SumSung500/CSU/0_HiRES/data/hires/GSE223917_RAW/GSM7002317_OrgaEX151166.pairs.gz	EX15	myocytes
OrgaEX151167	/Volumes/SumSung500/CSU/0_HiRES/data/hires/GSE223917_RAW/GSM7002318_OrgaEX151167.pairs.gz	EX15	early neurons
OrgaEX151168	/Volumes/SumSung500/CSU/0_HiRES/data/hires/GSE223917_RAW/GSM7002319_OrgaEX151168.pairs.gz	EX15	mix late mesenchyme
OrgaEX151169	/Volumes/SumSung500/CSU/0_HiRES/data/hires/GSE223917_RAW/GSM7002320_OrgaEX151169.pairs.gz	EX15	mix late mesenchyme
OrgaEX151170	/Volumes/SumSung500/CSU/0_HiRES/data/hires/GSE223917_RAW/GSM7002321_OrgaEX151170.pairs.gz	EX15	blood
OrgaEX151171	/Volumes/SumSung500/CSU/0_HiRES/data/hires/GSE223917_RAW/GSM7002322_OrgaEX151171.pairs.gz	EX15	radial glias
OrgaEX151172	/Volumes/SumSung500/CSU/0_HiRES/data/hires/GSE223917_RAW/GSM7002323_OrgaEX151172.pairs.gz	EX15	blood
OrgaEX151173	/Volumes/SumSung500/CSU/0_HiRES/data/hires/GSE223917_RAW/GSM7002324_OrgaEX151173.pairs.gz	EX15	early neurons
OrgaEX151174	/Volumes/SumSung500/CSU/0_HiRES/data/hires/GSE223917_RAW/GSM7002325_OrgaEX151174.pairs.gz	EX15	mix late mesenchyme
OrgaEX151175	/Volumes/SumSung500/CSU/0_HiRES/data/hires/GSE223917_RAW/GSM7002326_OrgaEX151175.pairs.gz	EX15	mitosis
OrgaEX151176	/Volumes/SumSung500/CSU/0_HiRES/data/hires/GSE223917_RAW/GSM7002327_OrgaEX151176.pairs.gz	EX15	early neurons
OrgaEX151178	/Volumes/SumSung500/CSU/0_HiRES/data/hires/GSE223917_RAW/GSM7002328_OrgaEX151178.pairs.gz	EX15	early neurons
OrgaEX151179	/Volumes/SumSung500/CSU/0_HiRES/data/hires/GSE223917_RAW/GSM7002329_OrgaEX151179.pairs.gz	EX15	early neurons
OrgaEX151180	/Volumes/SumSung500/CSU/0_HiRES/data/hires/GSE223917_RAW/GSM7002330_OrgaEX151180.pairs.gz	EX15	oligodendrocytes and progenitors
OrgaEX151181	/Volumes/SumSung500/CSU/0_HiRES/data/hires/GSE223917_RAW/GSM7002331_OrgaEX151181.pairs.gz	EX15	mix late mesenchyme
OrgaEX151182	/Volumes/SumSung500/CSU/0_HiRES/data/hires/GSE223917_RAW/GSM7002332_OrgaEX151182.pairs.gz	EX15	mix late mesenchyme
OrgaEX151183	/Volumes/SumSung500/CSU/0_HiRES/data/hires/GSE223917_RAW/GSM7002333_OrgaEX151183.pairs.gz	EX15	intermediate mesoderm
OrgaEX151184	/Volumes/SumSung500/CSU/0_HiRES/data/hires/GSE223917_RAW/GSM7002334_OrgaEX151184.pairs.gz	EX15	oligodendrocytes and progenitors
OrgaEX151185	/Volumes/SumSung500/CSU/0_HiRES/data/hires/GSE223917_RAW/GSM7002335_OrgaEX151185.pairs.gz	EX15	blood
OrgaEX151186	/Volumes/SumSung500/CSU/0_HiRES/data/hires/GSE223917_RAW/GSM7002336_OrgaEX151186.pairs.gz	EX15	mix late mesenchyme
OrgaEX151187	/Volumes/SumSung500/CSU/0_HiRES/data/hires/GSE223917_RAW/GSM7002337_OrgaEX151187.pairs.gz	EX15	mix late mesenchyme
OrgaEX151188	/Volumes/SumSung500/CSU/0_HiRES/data/hires/GSE223917_RAW/GSM7002338_OrgaEX151188.pairs.gz	EX15	mix late mesenchyme
OrgaEX151189	/Volumes/SumSung500/CSU/0_HiRES/data/hires/GSE223917_RAW/GSM7002339_OrgaEX151189.pairs.gz	EX15	mix late mesenchyme
OrgaEX151190	/Volumes/SumSung500/CSU/0_HiRES/data/hires/GSE223917_RAW/GSM7002340_OrgaEX151190.pairs.gz	EX15	mix late mesenchyme
OrgaEX151191	/Volumes/SumSung500/CSU/0_HiRES/data/hires/GSE223917_RAW/GSM7002341_OrgaEX151191.pairs.gz	EX15	mix late mesenchyme
OrgaEX151192	/Volumes/SumSung500/CSU/0_HiRES/data/hires/GSE223917_RAW/GSM7002342_OrgaEX151192.pairs.gz	EX15	early neurons
OrgaEX151193	/Volumes/SumSung500/CSU/0_HiRES/data/hires/GSE223917_RAW/GSM7002343_OrgaEX151193.pairs.gz	EX15	intermediate mesoderm
OrgaEX151194	/Volumes/SumSung500/CSU/0_HiRES/data/hires/GSE223917_RAW/GSM7002344_OrgaEX151194.pairs.gz	EX15	mix late mesenchyme
OrgaEX151195	/Volumes/SumSung500/CSU/0_HiRES/data/hires/GSE223917_RAW/GSM7002345_OrgaEX151195.pairs.gz	EX15	mitosis
OrgaEX151196	/Volumes/SumSung500/CSU/0_HiRES/data/hires/GSE223917_RAW/GSM7002346_OrgaEX151196.pairs.gz	EX15	mix late mesenchyme
OrgaEX151197	/Volumes/SumSung500/CSU/0_HiRES/data/hires/GSE223917_RAW/GSM7002347_OrgaEX151197.pairs.gz	EX15	early neurons
OrgaEX151198	/Volumes/SumSung500/CSU/0_HiRES/data/hires/GSE223917_RAW/GSM7002348_OrgaEX151198.pairs.gz	EX15	oligodendrocytes and progenitors
OrgaEX151199	/Volumes/SumSung500/CSU/0_HiRES/data/hires/GSE223917_RAW/GSM7002349_OrgaEX151199.pairs.gz	EX15	mix late mesenchyme
OrgaEX151201	/Volumes/SumSung500/CSU/0_HiRES/data/hires/GSE223917_RAW/GSM7002350_OrgaEX151201.pairs.gz	EX15	intermediate mesoderm
OrgaEX151202	/Volumes/SumSung500/CSU/0_HiRES/data/hires/GSE223917_RAW/GSM7002351_OrgaEX151202.pairs.gz	EX15	blood
OrgaEX151203	/Volumes/SumSung500/CSU/0_HiRES/data/hires/GSE223917_RAW/GSM7002352_OrgaEX151203.pairs.gz	EX15	mix late mesenchyme
OrgaEX151204	/Volumes/SumSung500/CSU/0_HiRES/data/hires/GSE223917_RAW/GSM7002353_OrgaEX151204.pairs.gz	EX15	mix late mesenchyme
OrgaEX151205	/Volumes/SumSung500/CSU/0_HiRES/data/hires/GSE223917_RAW/GSM7002354_OrgaEX151205.pairs.gz	EX15	radial glias
OrgaEX151206	/Volumes/SumSung500/CSU/0_HiRES/data/hires/GSE223917_RAW/GSM7002355_OrgaEX151206.pairs.gz	EX15	mitosis
OrgaEX151207	/Volumes/SumSung500/CSU/0_HiRES/data/hires/GSE223917_RAW/GSM7002356_OrgaEX151207.pairs.gz	EX15	early neurons
OrgaEX151208	/Volumes/SumSung500/CSU/0_HiRES/data/hires/GSE223917_RAW/GSM7002357_OrgaEX151208.pairs.gz	EX15	mix late mesenchyme
OrgaEX151209	/Volumes/SumSung500/CSU/0_HiRES/data/hires/GSE223917_RAW/GSM7002358_OrgaEX151209.pairs.gz	EX15	oligodendrocytes and progenitors
OrgaEX151210	/Volumes/SumSung500/CSU/0_HiRES/data/hires/GSE223917_RAW/GSM7002359_OrgaEX151210.pairs.gz	EX15	early neurons
OrgaEX151211	/Volumes/SumSung500/CSU/0_HiRES/data/hires/GSE223917_RAW/GSM7002360_OrgaEX151211.pairs.gz	EX15	early neurons
OrgaEX151212	/Volumes/SumSung500/CSU/0_HiRES/data/hires/GSE223917_RAW/GSM7002361_OrgaEX151212.pairs.gz	EX15	early neurons
OrgaEX151213	/Volumes/SumSung500/CSU/0_HiRES/data/hires/GSE223917_RAW/GSM7002362_OrgaEX151213.pairs.gz	EX15	mix late mesenchyme
OrgaEX151214	/Volumes/SumSung500/CSU/0_HiRES/data/hires/GSE223917_RAW/GSM7002363_OrgaEX151214.pairs.gz	EX15	myocytes
OrgaEX151215	/Volumes/SumSung500/CSU/0_HiRES/data/hires/GSE223917_RAW/GSM7002364_OrgaEX151215.pairs.gz	EX15	mitosis
OrgaEX151216	/Volumes/SumSung500/CSU/0_HiRES/data/hires/GSE223917_RAW/GSM7002365_OrgaEX151216.pairs.gz	EX15	early neurons
OrgaEX151217	/Volumes/SumSung500/CSU/0_HiRES/data/hires/GSE223917_RAW/GSM7002366_OrgaEX151217.pairs.gz	EX15	early neurons
OrgaEX151218	/Volumes/SumSung500/CSU/0_HiRES/data/hires/GSE223917_RAW/GSM7002367_OrgaEX151218.pairs.gz	EX15	blood
OrgaEX151219	/Volumes/SumSung500/CSU/0_HiRES/data/hires/GSE223917_RAW/GSM7002368_OrgaEX151219.pairs.gz	EX15	mix late mesenchyme
OrgaEX151221	/Volumes/SumSung500/CSU/0_HiRES/data/hires/GSE223917_RAW/GSM7002369_OrgaEX151221.pairs.gz	EX15	mix late mesenchyme
OrgaEX151222	/Volumes/SumSung500/CSU/0_HiRES/data/hires/GSE223917_RAW/GSM7002370_OrgaEX151222.pairs.gz	EX15	oligodendrocytes and progenitors
OrgaEX151223	/Volumes/SumSung500/CSU/0_HiRES/data/hires/GSE223917_RAW/GSM7002371_OrgaEX151223.pairs.gz	EX15	mix late mesenchyme
OrgaEX151224	/Volumes/SumSung500/CSU/0_HiRES/data/hires/GSE223917_RAW/GSM7002372_OrgaEX151224.pairs.gz	EX15	mix late mesenchyme
OrgaEX151225	/Volumes/SumSung500/CSU/0_HiRES/data/hires/GSE223917_RAW/GSM7002373_OrgaEX151225.pairs.gz	EX15	mitosis
OrgaEX151226	/Volumes/SumSung500/CSU/0_HiRES/data/hires/GSE223917_RAW/GSM7002374_OrgaEX151226.pairs.gz	EX15	mix late mesenchyme
OrgaEX151227	/Volumes/SumSung500/CSU/0_HiRES/data/hires/GSE223917_RAW/GSM7002375_OrgaEX151227.pairs.gz	EX15	epithelial cells
OrgaEX151228	/Volumes/SumSung500/CSU/0_HiRES/data/hires/GSE223917_RAW/GSM7002376_OrgaEX151228.pairs.gz	EX15	mix late mesenchyme
OrgaEX151229	/Volumes/SumSung500/CSU/0_HiRES/data/hires/GSE223917_RAW/GSM7002377_OrgaEX151229.pairs.gz	EX15	early neurons
OrgaEX151230	/Volumes/SumSung500/CSU/0_HiRES/data/hires/GSE223917_RAW/GSM7002378_OrgaEX151230.pairs.gz	EX15	mix late mesenchyme
OrgaEX151231	/Volumes/SumSung500/CSU/0_HiRES/data/hires/GSE223917_RAW/GSM7002379_OrgaEX151231.pairs.gz	EX15	blood
OrgaEX151232	/Volumes/SumSung500/CSU/0_HiRES/data/hires/GSE223917_RAW/GSM7002380_OrgaEX151232.pairs.gz	EX15	early neurons
OrgaEX151233	/Volumes/SumSung500/CSU/0_HiRES/data/hires/GSE223917_RAW/GSM7002381_OrgaEX151233.pairs.gz	EX15	mix late mesenchyme
OrgaEX151234	/Volumes/SumSung500/CSU/0_HiRES/data/hires/GSE223917_RAW/GSM7002382_OrgaEX151234.pairs.gz	EX15	radial glias
OrgaEX151235	/Volumes/SumSung500/CSU/0_HiRES/data/hires/GSE223917_RAW/GSM7002383_OrgaEX151235.pairs.gz	EX15	radial glias
OrgaEX151236	/Volumes/SumSung500/CSU/0_HiRES/data/hires/GSE223917_RAW/GSM7002384_OrgaEX151236.pairs.gz	EX15	early neurons
OrgaEX151237	/Volumes/SumSung500/CSU/0_HiRES/data/hires/GSE223917_RAW/GSM7002385_OrgaEX151237.pairs.gz	EX15	schwann cell precursors
OrgaEX151238	/Volumes/SumSung500/CSU/0_HiRES/data/hires/GSE223917_RAW/GSM7002386_OrgaEX151238.pairs.gz	EX15	early neurons
OrgaEX151239	/Volumes/SumSung500/CSU/0_HiRES/data/hires/GSE223917_RAW/GSM7002387_OrgaEX151239.pairs.gz	EX15	early neurons
OrgaEX151240	/Volumes/SumSung500/CSU/0_HiRES/data/hires/GSE223917_RAW/GSM7002388_OrgaEX151240.pairs.gz	EX15	blood
OrgaEX151242	/Volumes/SumSung500/CSU/0_HiRES/data/hires/GSE223917_RAW/GSM7002389_OrgaEX151242.pairs.gz	EX15	mix late mesenchyme
OrgaEX151243	/Volumes/SumSung500/CSU/0_HiRES/data/hires/GSE223917_RAW/GSM7002390_OrgaEX151243.pairs.gz	EX15	mitosis
OrgaEX151244	/Volumes/SumSung500/CSU/0_HiRES/data/hires/GSE223917_RAW/GSM7002391_OrgaEX151244.pairs.gz	EX15	oligodendrocytes and progenitors
OrgaEX151246	/Volumes/SumSung500/CSU/0_HiRES/data/hires/GSE223917_RAW/GSM7002392_OrgaEX151246.pairs.gz	EX15	mix late mesenchyme
OrgaEX151247	/Volumes/SumSung500/CSU/0_HiRES/data/hires/GSE223917_RAW/GSM7002393_OrgaEX151247.pairs.gz	EX15	mix late mesenchyme
OrgaEX151248	/Volumes/SumSung500/CSU/0_HiRES/data/hires/GSE223917_RAW/GSM7002394_OrgaEX151248.pairs.gz	EX15	mix late mesenchyme
OrgaEX151249	/Volumes/SumSung500/CSU/0_HiRES/data/hires/GSE223917_RAW/GSM7002395_OrgaEX151249.pairs.gz	EX15	mix late mesenchyme
OrgaEX151250	/Volumes/SumSung500/CSU/0_HiRES/data/hires/GSE223917_RAW/GSM7002396_OrgaEX151250.pairs.gz	EX15	early neurons
OrgaEX151251	/Volumes/SumSung500/CSU/0_HiRES/data/hires/GSE223917_RAW/GSM7002397_OrgaEX151251.pairs.gz	EX15	early neurons
OrgaEX151252	/Volumes/SumSung500/CSU/0_HiRES/data/hires/GSE223917_RAW/GSM7002398_OrgaEX151252.pairs.gz	EX15	early neurons
OrgaEX151253	/Volumes/SumSung500/CSU/0_HiRES/data/hires/GSE223917_RAW/GSM7002399_OrgaEX151253.pairs.gz	EX15	mix late mesenchyme
OrgaEX151254	/Volumes/SumSung500/CSU/0_HiRES/data/hires/GSE223917_RAW/GSM7002400_OrgaEX151254.pairs.gz	EX15	radial glias
OrgaEX151255	/Volumes/SumSung500/CSU/0_HiRES/data/hires/GSE223917_RAW/GSM7002401_OrgaEX151255.pairs.gz	EX15	mix late mesenchyme
OrgaEX151256	/Volumes/SumSung500/CSU/0_HiRES/data/hires/GSE223917_RAW/GSM7002402_OrgaEX151256.pairs.gz	EX15	oligodendrocytes and progenitors
OrgaEX151258	/Volumes/SumSung500/CSU/0_HiRES/data/hires/GSE223917_RAW/GSM7002403_OrgaEX151258.pairs.gz	EX15	early neurons
OrgaEX151259	/Volumes/SumSung500/CSU/0_HiRES/data/hires/GSE223917_RAW/GSM7002404_OrgaEX151259.pairs.gz	EX15	radial glias
OrgaEX151260	/Volumes/SumSung500/CSU/0_HiRES/data/hires/GSE223917_RAW/GSM7002405_OrgaEX151260.pairs.gz	EX15	mix late mesenchyme
OrgaEX151261	/Volumes/SumSung500/CSU/0_HiRES/data/hires/GSE223917_RAW/GSM7002406_OrgaEX151261.pairs.gz	EX15	mix late mesenchyme
OrgaEX151262	/Volumes/SumSung500/CSU/0_HiRES/data/hires/GSE223917_RAW/GSM7002407_OrgaEX151262.pairs.gz	EX15	blood
OrgaEX151263	/Volumes/SumSung500/CSU/0_HiRES/data/hires/GSE223917_RAW/GSM7002408_OrgaEX151263.pairs.gz	EX15	mix late mesenchyme
OrgaEX151264	/Volumes/SumSung500/CSU/0_HiRES/data/hires/GSE223917_RAW/GSM7002409_OrgaEX151264.pairs.gz	EX15	myocytes
OrgaEX151265	/Volumes/SumSung500/CSU/0_HiRES/data/hires/GSE223917_RAW/GSM7002410_OrgaEX151265.pairs.gz	EX15	mix late mesenchyme
OrgaEX151266	/Volumes/SumSung500/CSU/0_HiRES/data/hires/GSE223917_RAW/GSM7002411_OrgaEX151266.pairs.gz	EX15	early neurons
OrgaEX151267	/Volumes/SumSung500/CSU/0_HiRES/data/hires/GSE223917_RAW/GSM7002412_OrgaEX151267.pairs.gz	EX15	mix late mesenchyme
OrgaEX151268	/Volumes/SumSung500/CSU/0_HiRES/data/hires/GSE223917_RAW/GSM7002413_OrgaEX151268.pairs.gz	EX15	mix late mesenchyme
OrgaEX151269	/Volumes/SumSung500/CSU/0_HiRES/data/hires/GSE223917_RAW/GSM7002414_OrgaEX151269.pairs.gz	EX15	mix late mesenchyme
OrgaEX151270	/Volumes/SumSung500/CSU/0_HiRES/data/hires/GSE223917_RAW/GSM7002415_OrgaEX151270.pairs.gz	EX15	mix late mesenchyme
OrgaEX151271	/Volumes/SumSung500/CSU/0_HiRES/data/hires/GSE223917_RAW/GSM7002416_OrgaEX151271.pairs.gz	EX15	mix late mesenchyme
OrgaEX151272	/Volumes/SumSung500/CSU/0_HiRES/data/hires/GSE223917_RAW/GSM7002417_OrgaEX151272.pairs.gz	EX15	early neurons
OrgaEX151273	/Volumes/SumSung500/CSU/0_HiRES/data/hires/GSE223917_RAW/GSM7002418_OrgaEX151273.pairs.gz	EX15	early neurons
OrgaEX151274	/Volumes/SumSung500/CSU/0_HiRES/data/hires/GSE223917_RAW/GSM7002419_OrgaEX151274.pairs.gz	EX15	mix late mesenchyme
OrgaEX151275	/Volumes/SumSung500/CSU/0_HiRES/data/hires/GSE223917_RAW/GSM7002420_OrgaEX151275.pairs.gz	EX15	mix late mesenchyme
OrgaEX151276	/Volumes/SumSung500/CSU/0_HiRES/data/hires/GSE223917_RAW/GSM7002421_OrgaEX151276.pairs.gz	EX15	early neurons
OrgaEX151277	/Volumes/SumSung500/CSU/0_HiRES/data/hires/GSE223917_RAW/GSM7002422_OrgaEX151277.pairs.gz	EX15	mix late mesenchyme
OrgaEX151279	/Volumes/SumSung500/CSU/0_HiRES/data/hires/GSE223917_RAW/GSM7002423_OrgaEX151279.pairs.gz	EX15	radial glias
OrgaEX151280	/Volumes/SumSung500/CSU/0_HiRES/data/hires/GSE223917_RAW/GSM7002424_OrgaEX151280.pairs.gz	EX15	mix late mesenchyme
OrgaEX151281	/Volumes/SumSung500/CSU/0_HiRES/data/hires/GSE223917_RAW/GSM7002425_OrgaEX151281.pairs.gz	EX15	mix late mesenchyme
OrgaEX151282	/Volumes/SumSung500/CSU/0_HiRES/data/hires/GSE223917_RAW/GSM7002426_OrgaEX151282.pairs.gz	EX15	radial glias
OrgaEX151283	/Volumes/SumSung500/CSU/0_HiRES/data/hires/GSE223917_RAW/GSM7002427_OrgaEX151283.pairs.gz	EX15	early neurons
OrgaEX151284	/Volumes/SumSung500/CSU/0_HiRES/data/hires/GSE223917_RAW/GSM7002428_OrgaEX151284.pairs.gz	EX15	blood
OrgaEX151285	/Volumes/SumSung500/CSU/0_HiRES/data/hires/GSE223917_RAW/GSM7002429_OrgaEX151285.pairs.gz	EX15	mix late mesenchyme
OrgaEX151286	/Volumes/SumSung500/CSU/0_HiRES/data/hires/GSE223917_RAW/GSM7002430_OrgaEX151286.pairs.gz	EX15	mix late mesenchyme
OrgaEX151287	/Volumes/SumSung500/CSU/0_HiRES/data/hires/GSE223917_RAW/GSM7002431_OrgaEX151287.pairs.gz	EX15	epithelial cells
OrgaEX151288	/Volumes/SumSung500/CSU/0_HiRES/data/hires/GSE223917_RAW/GSM7002432_OrgaEX151288.pairs.gz	EX15	oligodendrocytes and progenitors
OrgaEX151289	/Volumes/SumSung500/CSU/0_HiRES/data/hires/GSE223917_RAW/GSM7002433_OrgaEX151289.pairs.gz	EX15	early neurons
OrgaEX151290	/Volumes/SumSung500/CSU/0_HiRES/data/hires/GSE223917_RAW/GSM7002434_OrgaEX151290.pairs.gz	EX15	mix late mesenchyme
OrgaEX151291	/Volumes/SumSung500/CSU/0_HiRES/data/hires/GSE223917_RAW/GSM7002435_OrgaEX151291.pairs.gz	EX15	mix late mesenchyme
OrgaEX151292	/Volumes/SumSung500/CSU/0_HiRES/data/hires/GSE223917_RAW/GSM7002436_OrgaEX151292.pairs.gz	EX15	oligodendrocytes and progenitors
OrgaEX151293	/Volumes/SumSung500/CSU/0_HiRES/data/hires/GSE223917_RAW/GSM7002437_OrgaEX151293.pairs.gz	EX15	early neurons
OrgaEX151294	/Volumes/SumSung500/CSU/0_HiRES/data/hires/GSE223917_RAW/GSM7002438_OrgaEX151294.pairs.gz	EX15	intermediate mesoderm
OrgaEX151295	/Volumes/SumSung500/CSU/0_HiRES/data/hires/GSE223917_RAW/GSM7002439_OrgaEX151295.pairs.gz	EX15	radial glias
OrgaEX151296	/Volumes/SumSung500/CSU/0_HiRES/data/hires/GSE223917_RAW/GSM7002440_OrgaEX151296.pairs.gz	EX15	oligodendrocytes and progenitors
OrgaEX151297	/Volumes/SumSung500/CSU/0_HiRES/data/hires/GSE223917_RAW/GSM7002441_OrgaEX151297.pairs.gz	EX15	mix late mesenchyme
OrgaEX151298	/Volumes/SumSung500/CSU/0_HiRES/data/hires/GSE223917_RAW/GSM7002442_OrgaEX151298.pairs.gz	EX15	blood
OrgaEX151299	/Volumes/SumSung500/CSU/0_HiRES/data/hires/GSE223917_RAW/GSM7002443_OrgaEX151299.pairs.gz	EX15	mix late mesenchyme
OrgaEX151300	/Volumes/SumSung500/CSU/0_HiRES/data/hires/GSE223917_RAW/GSM7002444_OrgaEX151300.pairs.gz	EX15	early neurons
OrgaEX151301	/Volumes/SumSung500/CSU/0_HiRES/data/hires/GSE223917_RAW/GSM7002445_OrgaEX151301.pairs.gz	EX15	mix late mesenchyme
OrgaEX151302	/Volumes/SumSung500/CSU/0_HiRES/data/hires/GSE223917_RAW/GSM7002446_OrgaEX151302.pairs.gz	EX15	early neurons
OrgaEX151303	/Volumes/SumSung500/CSU/0_HiRES/data/hires/GSE223917_RAW/GSM7002447_OrgaEX151303.pairs.gz	EX15	early neurons
OrgaEX151304	/Volumes/SumSung500/CSU/0_HiRES/data/hires/GSE223917_RAW/GSM7002448_OrgaEX151304.pairs.gz	EX15	mix late mesenchyme
OrgaEX151305	/Volumes/SumSung500/CSU/0_HiRES/data/hires/GSE223917_RAW/GSM7002449_OrgaEX151305.pairs.gz	EX15	epithelial cells
OrgaEX151306	/Volumes/SumSung500/CSU/0_HiRES/data/hires/GSE223917_RAW/GSM7002450_OrgaEX151306.pairs.gz	EX15	mix late mesenchyme
OrgaEX151307	/Volumes/SumSung500/CSU/0_HiRES/data/hires/GSE223917_RAW/GSM7002451_OrgaEX151307.pairs.gz	EX15	mix late mesenchyme
OrgaEX151308	/Volumes/SumSung500/CSU/0_HiRES/data/hires/GSE223917_RAW/GSM7002452_OrgaEX151308.pairs.gz	EX15	mix late mesenchyme
OrgaEX151309	/Volumes/SumSung500/CSU/0_HiRES/data/hires/GSE223917_RAW/GSM7002453_OrgaEX151309.pairs.gz	EX15	early neurons
OrgaEX151310	/Volumes/SumSung500/CSU/0_HiRES/data/hires/GSE223917_RAW/GSM7002454_OrgaEX151310.pairs.gz	EX15	mix late mesenchyme
OrgaEX151311	/Volumes/SumSung500/CSU/0_HiRES/data/hires/GSE223917_RAW/GSM7002455_OrgaEX151311.pairs.gz	EX15	mix late mesenchyme
OrgaEX151312	/Volumes/SumSung500/CSU/0_HiRES/data/hires/GSE223917_RAW/GSM7002456_OrgaEX151312.pairs.gz	EX15	early neurons
OrgaEX151313	/Volumes/SumSung500/CSU/0_HiRES/data/hires/GSE223917_RAW/GSM7002457_OrgaEX151313.pairs.gz	EX15	radial glias
OrgaEX151314	/Volumes/SumSung500/CSU/0_HiRES/data/hires/GSE223917_RAW/GSM7002458_OrgaEX151314.pairs.gz	EX15	early neurons
OrgaEX151315	/Volumes/SumSung500/CSU/0_HiRES/data/hires/GSE223917_RAW/GSM7002459_OrgaEX151315.pairs.gz	EX15	early neurons
OrgaEX151316	/Volumes/SumSung500/CSU/0_HiRES/data/hires/GSE223917_RAW/GSM7002460_OrgaEX151316.pairs.gz	EX15	blood
OrgaEX151317	/Volumes/SumSung500/CSU/0_HiRES/data/hires/GSE223917_RAW/GSM7002461_OrgaEX151317.pairs.gz	EX15	early neurons
OrgaEX151318	/Volumes/SumSung500/CSU/0_HiRES/data/hires/GSE223917_RAW/GSM7002462_OrgaEX151318.pairs.gz	EX15	radial glias
OrgaEX151320	/Volumes/SumSung500/CSU/0_HiRES/data/hires/GSE223917_RAW/GSM7002463_OrgaEX151320.pairs.gz	EX15	epithelial cells
OrgaEX151321	/Volumes/SumSung500/CSU/0_HiRES/data/hires/GSE223917_RAW/GSM7002464_OrgaEX151321.pairs.gz	EX15	oligodendrocytes and progenitors
OrgaEX151322	/Volumes/SumSung500/CSU/0_HiRES/data/hires/GSE223917_RAW/GSM7002465_OrgaEX151322.pairs.gz	EX15	early neurons
OrgaEX151324	/Volumes/SumSung500/CSU/0_HiRES/data/hires/GSE223917_RAW/GSM7002466_OrgaEX151324.pairs.gz	EX15	oligodendrocytes and progenitors
OrgaEX151325	/Volumes/SumSung500/CSU/0_HiRES/data/hires/GSE223917_RAW/GSM7002467_OrgaEX151325.pairs.gz	EX15	mix late mesenchyme
OrgaEX151326	/Volumes/SumSung500/CSU/0_HiRES/data/hires/GSE223917_RAW/GSM7002468_OrgaEX151326.pairs.gz	EX15	early neurons
OrgaEX151327	/Volumes/SumSung500/CSU/0_HiRES/data/hires/GSE223917_RAW/GSM7002469_OrgaEX151327.pairs.gz	EX15	oligodendrocytes and progenitors
OrgaEX151328	/Volumes/SumSung500/CSU/0_HiRES/data/hires/GSE223917_RAW/GSM7002470_OrgaEX151328.pairs.gz	EX15	early neurons
OrgaEX151329	/Volumes/SumSung500/CSU/0_HiRES/data/hires/GSE223917_RAW/GSM7002471_OrgaEX151329.pairs.gz	EX15	blood
OrgaEX151330	/Volumes/SumSung500/CSU/0_HiRES/data/hires/GSE223917_RAW/GSM7002472_OrgaEX151330.pairs.gz	EX15	mix late mesenchyme
OrgaEX151331	/Volumes/SumSung500/CSU/0_HiRES/data/hires/GSE223917_RAW/GSM7002473_OrgaEX151331.pairs.gz	EX15	early neurons
OrgaEX151332	/Volumes/SumSung500/CSU/0_HiRES/data/hires/GSE223917_RAW/GSM7002474_OrgaEX151332.pairs.gz	EX15	mix late mesenchyme
OrgaEX151333	/Volumes/SumSung500/CSU/0_HiRES/data/hires/GSE223917_RAW/GSM7002475_OrgaEX151333.pairs.gz	EX15	mix late mesenchyme
OrgaEX151334	/Volumes/SumSung500/CSU/0_HiRES/data/hires/GSE223917_RAW/GSM7002476_OrgaEX151334.pairs.gz	EX15	early neurons
OrgaEX151336	/Volumes/SumSung500/CSU/0_HiRES/data/hires/GSE223917_RAW/GSM7002477_OrgaEX151336.pairs.gz	EX15	mix late mesenchyme
OrgaEX151337	/Volumes/SumSung500/CSU/0_HiRES/data/hires/GSE223917_RAW/GSM7002478_OrgaEX151337.pairs.gz	EX15	early neurons
OrgaEX151338	/Volumes/SumSung500/CSU/0_HiRES/data/hires/GSE223917_RAW/GSM7002479_OrgaEX151338.pairs.gz	EX15	mix late mesenchyme
OrgaEX151339	/Volumes/SumSung500/CSU/0_HiRES/data/hires/GSE223917_RAW/GSM7002480_OrgaEX151339.pairs.gz	EX15	mix late mesenchyme
OrgaEX151340	/Volumes/SumSung500/CSU/0_HiRES/data/hires/GSE223917_RAW/GSM7002481_OrgaEX151340.pairs.gz	EX15	blood
OrgaEX151341	/Volumes/SumSung500/CSU/0_HiRES/data/hires/GSE223917_RAW/GSM7002482_OrgaEX151341.pairs.gz	EX15	epithelial cells
OrgaEX151342	/Volumes/SumSung500/CSU/0_HiRES/data/hires/GSE223917_RAW/GSM7002483_OrgaEX151342.pairs.gz	EX15	early neurons
OrgaEX151343	/Volumes/SumSung500/CSU/0_HiRES/data/hires/GSE223917_RAW/GSM7002484_OrgaEX151343.pairs.gz	EX15	blood
OrgaEX151344	/Volumes/SumSung500/CSU/0_HiRES/data/hires/GSE223917_RAW/GSM7002485_OrgaEX151344.pairs.gz	EX15	early neurons
OrgaEX151345	/Volumes/SumSung500/CSU/0_HiRES/data/hires/GSE223917_RAW/GSM7002486_OrgaEX151345.pairs.gz	EX15	intermediate mesoderm
OrgaEX151346	/Volumes/SumSung500/CSU/0_HiRES/data/hires/GSE223917_RAW/GSM7002487_OrgaEX151346.pairs.gz	EX15	mix late mesenchyme
OrgaEX151347	/Volumes/SumSung500/CSU/0_HiRES/data/hires/GSE223917_RAW/GSM7002488_OrgaEX151347.pairs.gz	EX15	oligodendrocytes and progenitors
OrgaEX151348	/Volumes/SumSung500/CSU/0_HiRES/data/hires/GSE223917_RAW/GSM7002489_OrgaEX151348.pairs.gz	EX15	early neurons
OrgaEX151349	/Volumes/SumSung500/CSU/0_HiRES/data/hires/GSE223917_RAW/GSM7002490_OrgaEX151349.pairs.gz	EX15	radial glias
OrgaEX151350	/Volumes/SumSung500/CSU/0_HiRES/data/hires/GSE223917_RAW/GSM7002491_OrgaEX151350.pairs.gz	EX15	early neurons
OrgaEX151351	/Volumes/SumSung500/CSU/0_HiRES/data/hires/GSE223917_RAW/GSM7002492_OrgaEX151351.pairs.gz	EX15	radial glias
OrgaEX151352	/Volumes/SumSung500/CSU/0_HiRES/data/hires/GSE223917_RAW/GSM7002493_OrgaEX151352.pairs.gz	EX15	oligodendrocytes and progenitors
OrgaEX151353	/Volumes/SumSung500/CSU/0_HiRES/data/hires/GSE223917_RAW/GSM7002494_OrgaEX151353.pairs.gz	EX15	radial glias
OrgaEX151354	/Volumes/SumSung500/CSU/0_HiRES/data/hires/GSE223917_RAW/GSM7002495_OrgaEX151354.pairs.gz	EX15	mix late mesenchyme
OrgaEX151355	/Volumes/SumSung500/CSU/0_HiRES/data/hires/GSE223917_RAW/GSM7002496_OrgaEX151355.pairs.gz	EX15	blood
OrgaEX151356	/Volumes/SumSung500/CSU/0_HiRES/data/hires/GSE223917_RAW/GSM7002497_OrgaEX151356.pairs.gz	EX15	mix late mesenchyme
OrgaEX151357	/Volumes/SumSung500/CSU/0_HiRES/data/hires/GSE223917_RAW/GSM7002498_OrgaEX151357.pairs.gz	EX15	mix late mesenchyme
OrgaEX151358	/Volumes/SumSung500/CSU/0_HiRES/data/hires/GSE223917_RAW/GSM7002499_OrgaEX151358.pairs.gz	EX15	early neurons
OrgaEX151359	/Volumes/SumSung500/CSU/0_HiRES/data/hires/GSE223917_RAW/GSM7002500_OrgaEX151359.pairs.gz	EX15	oligodendrocytes and progenitors
OrgaEX151360	/Volumes/SumSung500/CSU/0_HiRES/data/hires/GSE223917_RAW/GSM7002501_OrgaEX151360.pairs.gz	EX15	radial glias
OrgaEX151361	/Volumes/SumSung500/CSU/0_HiRES/data/hires/GSE223917_RAW/GSM7002502_OrgaEX151361.pairs.gz	EX15	blood
OrgaEX151362	/Volumes/SumSung500/CSU/0_HiRES/data/hires/GSE223917_RAW/GSM7002503_OrgaEX151362.pairs.gz	EX15	blood
OrgaEX151363	/Volumes/SumSung500/CSU/0_HiRES/data/hires/GSE223917_RAW/GSM7002504_OrgaEX151363.pairs.gz	EX15	early neurons
OrgaEX151364	/Volumes/SumSung500/CSU/0_HiRES/data/hires/GSE223917_RAW/GSM7002505_OrgaEX151364.pairs.gz	EX15	blood
OrgaEX151365	/Volumes/SumSung500/CSU/0_HiRES/data/hires/GSE223917_RAW/GSM7002506_OrgaEX151365.pairs.gz	EX15	blood
OrgaEX151366	/Volumes/SumSung500/CSU/0_HiRES/data/hires/GSE223917_RAW/GSM7002507_OrgaEX151366.pairs.gz	EX15	early neurons
OrgaEX151367	/Volumes/SumSung500/CSU/0_HiRES/data/hires/GSE223917_RAW/GSM7002508_OrgaEX151367.pairs.gz	EX15	early neurons
OrgaEX151368	/Volumes/SumSung500/CSU/0_HiRES/data/hires/GSE223917_RAW/GSM7002509_OrgaEX151368.pairs.gz	EX15	early neurons
OrgaEX151369	/Volumes/SumSung500/CSU/0_HiRES/data/hires/GSE223917_RAW/GSM7002510_OrgaEX151369.pairs.gz	EX15	mix late mesenchyme
OrgaEX151370	/Volumes/SumSung500/CSU/0_HiRES/data/hires/GSE223917_RAW/GSM7002511_OrgaEX151370.pairs.gz	EX15	early neurons
OrgaEX151371	/Volumes/SumSung500/CSU/0_HiRES/data/hires/GSE223917_RAW/GSM7002512_OrgaEX151371.pairs.gz	EX15	early neurons
OrgaEX151372	/Volumes/SumSung500/CSU/0_HiRES/data/hires/GSE223917_RAW/GSM7002513_OrgaEX151372.pairs.gz	EX15	blood
OrgaEX151373	/Volumes/SumSung500/CSU/0_HiRES/data/hires/GSE223917_RAW/GSM7002514_OrgaEX151373.pairs.gz	EX15	mix late mesenchyme
OrgaEX151374	/Volumes/SumSung500/CSU/0_HiRES/data/hires/GSE223917_RAW/GSM7002515_OrgaEX151374.pairs.gz	EX15	radial glias
OrgaEX151375	/Volumes/SumSung500/CSU/0_HiRES/data/hires/GSE223917_RAW/GSM7002516_OrgaEX151375.pairs.gz	EX15	mix late mesenchyme
OrgaEX151376	/Volumes/SumSung500/CSU/0_HiRES/data/hires/GSE223917_RAW/GSM7002517_OrgaEX151376.pairs.gz	EX15	intermediate mesoderm
OrgaEX151377	/Volumes/SumSung500/CSU/0_HiRES/data/hires/GSE223917_RAW/GSM7002518_OrgaEX151377.pairs.gz	EX15	radial glias
OrgaEX151378	/Volumes/SumSung500/CSU/0_HiRES/data/hires/GSE223917_RAW/GSM7002519_OrgaEX151378.pairs.gz	EX15	early neurons
OrgaEX151379	/Volumes/SumSung500/CSU/0_HiRES/data/hires/GSE223917_RAW/GSM7002520_OrgaEX151379.pairs.gz	EX15	epithelial cells
OrgaEX151380	/Volumes/SumSung500/CSU/0_HiRES/data/hires/GSE223917_RAW/GSM7002521_OrgaEX151380.pairs.gz	EX15	mix late mesenchyme
OrgaEX151381	/Volumes/SumSung500/CSU/0_HiRES/data/hires/GSE223917_RAW/GSM7002522_OrgaEX151381.pairs.gz	EX15	blood
OrgaEX151382	/Volumes/SumSung500/CSU/0_HiRES/data/hires/GSE223917_RAW/GSM7002523_OrgaEX151382.pairs.gz	EX15	mix late mesenchyme
OrgaEX151383	/Volumes/SumSung500/CSU/0_HiRES/data/hires/GSE223917_RAW/GSM7002524_OrgaEX151383.pairs.gz	EX15	oligodendrocytes and progenitors
OrgaEX151384	/Volumes/SumSung500/CSU/0_HiRES/data/hires/GSE223917_RAW/GSM7002525_OrgaEX151384.pairs.gz	EX15	endoderm
OrgbE851001	/Volumes/SumSung500/CSU/0_HiRES/data/hires/GSE223917_RAW/GSM7002526_OrgbE851001.pairs.gz	E85	early mesoderm
OrgbE851002	/Volumes/SumSung500/CSU/0_HiRES/data/hires/GSE223917_RAW/GSM7002527_OrgbE851002.pairs.gz	E85	epithelial cells
OrgbE851003	/Volumes/SumSung500/CSU/0_HiRES/data/hires/GSE223917_RAW/GSM7002528_OrgbE851003.pairs.gz	E85	NMP
OrgbE851004	/Volumes/SumSung500/CSU/0_HiRES/data/hires/GSE223917_RAW/GSM7002529_OrgbE851004.pairs.gz	E85	neural tube
OrgbE851007	/Volumes/SumSung500/CSU/0_HiRES/data/hires/GSE223917_RAW/GSM7002532_OrgbE851007.pairs.gz	E85	mitosis
OrgbE851008	/Volumes/SumSung500/CSU/0_HiRES/data/hires/GSE223917_RAW/GSM7002533_OrgbE851008.pairs.gz	E85	mitosis
OrgbE851009	/Volumes/SumSung500/CSU/0_HiRES/data/hires/GSE223917_RAW/GSM7002534_OrgbE851009.pairs.gz	E85	neural tube
OrgbE851010	/Volumes/SumSung500/CSU/0_HiRES/data/hires/GSE223917_RAW/GSM7002535_OrgbE851010.pairs.gz	E85	blood
OrgbE851011	/Volumes/SumSung500/CSU/0_HiRES/data/hires/GSE223917_RAW/GSM7002536_OrgbE851011.pairs.gz	E85	early mesenchyme
OrgbE851013	/Volumes/SumSung500/CSU/0_HiRES/data/hires/GSE223917_RAW/GSM7002538_OrgbE851013.pairs.gz	E85	schwann cell precursors
OrgbE851014	/Volumes/SumSung500/CSU/0_HiRES/data/hires/GSE223917_RAW/GSM7002539_OrgbE851014.pairs.gz	E85	neural tube
OrgbE851015	/Volumes/SumSung500/CSU/0_HiRES/data/hires/GSE223917_RAW/GSM7002540_OrgbE851015.pairs.gz	E85	neural tube
OrgbE851016	/Volumes/SumSung500/CSU/0_HiRES/data/hires/GSE223917_RAW/GSM7002541_OrgbE851016.pairs.gz	E85	early mesoderm
OrgbE851017	/Volumes/SumSung500/CSU/0_HiRES/data/hires/GSE223917_RAW/GSM7002542_OrgbE851017.pairs.gz	E85	blood
OrgbE851018	/Volumes/SumSung500/CSU/0_HiRES/data/hires/GSE223917_RAW/GSM7002543_OrgbE851018.pairs.gz	E85	early mesoderm
OrgbE851019	/Volumes/SumSung500/CSU/0_HiRES/data/hires/GSE223917_RAW/GSM7002544_OrgbE851019.pairs.gz	E85	ExE mesoderm
OrgbE851027	/Volumes/SumSung500/CSU/0_HiRES/data/hires/GSE223917_RAW/GSM7002552_OrgbE851027.pairs.gz	E85	neural tube
OrgbE851028	/Volumes/SumSung500/CSU/0_HiRES/data/hires/GSE223917_RAW/GSM7002553_OrgbE851028.pairs.gz	E85	early mesoderm
OrgbE851029	/Volumes/SumSung500/CSU/0_HiRES/data/hires/GSE223917_RAW/GSM7002554_OrgbE851029.pairs.gz	E85	epithelial cells
OrgbE851030	/Volumes/SumSung500/CSU/0_HiRES/data/hires/GSE223917_RAW/GSM7002555_OrgbE851030.pairs.gz	E85	neural tube
OrgbE851031	/Volumes/SumSung500/CSU/0_HiRES/data/hires/GSE223917_RAW/GSM7002556_OrgbE851031.pairs.gz	E85	blood
OrgbE851033	/Volumes/SumSung500/CSU/0_HiRES/data/hires/GSE223917_RAW/GSM7002558_OrgbE851033.pairs.gz	E85	early mesenchyme
OrgbE851034	/Volumes/SumSung500/CSU/0_HiRES/data/hires/GSE223917_RAW/GSM7002559_OrgbE851034.pairs.gz	E85	epithelial cells
OrgbE851036	/Volumes/SumSung500/CSU/0_HiRES/data/hires/GSE223917_RAW/GSM7002561_OrgbE851036.pairs.gz	E85	neural tube
OrgbE851037	/Volumes/SumSung500/CSU/0_HiRES/data/hires/GSE223917_RAW/GSM7002562_OrgbE851037.pairs.gz	E85	intermediate mesoderm
OrgbE851038	/Volumes/SumSung500/CSU/0_HiRES/data/hires/GSE223917_RAW/GSM7002563_OrgbE851038.pairs.gz	E85	blood
OrgbE851040	/Volumes/SumSung500/CSU/0_HiRES/data/hires/GSE223917_RAW/GSM7002565_OrgbE851040.pairs.gz	E85	epithelial cells
OrgbE851042	/Volumes/SumSung500/CSU/0_HiRES/data/hires/GSE223917_RAW/GSM7002567_OrgbE851042.pairs.gz	E85	neural tube
OrgbE851043	/Volumes/SumSung500/CSU/0_HiRES/data/hires/GSE223917_RAW/GSM7002568_OrgbE851043.pairs.gz	E85	neural tube
OrgbE851044	/Volumes/SumSung500/CSU/0_HiRES/data/hires/GSE223917_RAW/GSM7002569_OrgbE851044.pairs.gz	E85	intermediate mesoderm
OrgbE851046	/Volumes/SumSung500/CSU/0_HiRES/data/hires/GSE223917_RAW/GSM7002571_OrgbE851046.pairs.gz	E85	blood
OrgbE851048	/Volumes/SumSung500/CSU/0_HiRES/data/hires/GSE223917_RAW/GSM7002573_OrgbE851048.pairs.gz	E85	intermediate mesoderm
OrgbE851050	/Volumes/SumSung500/CSU/0_HiRES/data/hires/GSE223917_RAW/GSM7002575_OrgbE851050.pairs.gz	E85	epithelial cells
OrgbE851054	/Volumes/SumSung500/CSU/0_HiRES/data/hires/GSE223917_RAW/GSM7002579_OrgbE851054.pairs.gz	E85	blood
OrgbE851055	/Volumes/SumSung500/CSU/0_HiRES/data/hires/GSE223917_RAW/GSM7002580_OrgbE851055.pairs.gz	E85	neural tube
OrgbE851056	/Volumes/SumSung500/CSU/0_HiRES/data/hires/GSE223917_RAW/GSM7002581_OrgbE851056.pairs.gz	E85	blood
OrgbE851058	/Volumes/SumSung500/CSU/0_HiRES/data/hires/GSE223917_RAW/GSM7002583_OrgbE851058.pairs.gz	E85	mitosis
OrgbE851059	/Volumes/SumSung500/CSU/0_HiRES/data/hires/GSE223917_RAW/GSM7002584_OrgbE851059.pairs.gz	E85	mitosis
OrgbE851060	/Volumes/SumSung500/CSU/0_HiRES/data/hires/GSE223917_RAW/GSM7002585_OrgbE851060.pairs.gz	E85	neural tube
OrgbE851061	/Volumes/SumSung500/CSU/0_HiRES/data/hires/GSE223917_RAW/GSM7002586_OrgbE851061.pairs.gz	E85	neural tube
OrgbE851062	/Volumes/SumSung500/CSU/0_HiRES/data/hires/GSE223917_RAW/GSM7002587_OrgbE851062.pairs.gz	E85	early mesenchyme
OrgbE851063	/Volumes/SumSung500/CSU/0_HiRES/data/hires/GSE223917_RAW/GSM7002588_OrgbE851063.pairs.gz	E85	epithelial cells
OrgbE851064	/Volumes/SumSung500/CSU/0_HiRES/data/hires/GSE223917_RAW/GSM7002589_OrgbE851064.pairs.gz	E85	early mesenchyme
OrgbE851065	/Volumes/SumSung500/CSU/0_HiRES/data/hires/GSE223917_RAW/GSM7002590_OrgbE851065.pairs.gz	E85	blood
OrgbE851066	/Volumes/SumSung500/CSU/0_HiRES/data/hires/GSE223917_RAW/GSM7002591_OrgbE851066.pairs.gz	E85	neural tube
OrgbE851067	/Volumes/SumSung500/CSU/0_HiRES/data/hires/GSE223917_RAW/GSM7002592_OrgbE851067.pairs.gz	E85	ExE endoderm
OrgbE851068	/Volumes/SumSung500/CSU/0_HiRES/data/hires/GSE223917_RAW/GSM7002593_OrgbE851068.pairs.gz	E85	early mesoderm
OrgbE851069	/Volumes/SumSung500/CSU/0_HiRES/data/hires/GSE223917_RAW/GSM7002594_OrgbE851069.pairs.gz	E85	ExE mesoderm
OrgbE851070	/Volumes/SumSung500/CSU/0_HiRES/data/hires/GSE223917_RAW/GSM7002595_OrgbE851070.pairs.gz	E85	neural tube
OrgbE851071	/Volumes/SumSung500/CSU/0_HiRES/data/hires/GSE223917_RAW/GSM7002596_OrgbE851071.pairs.gz	E85	NMP
OrgbE851072	/Volumes/SumSung500/CSU/0_HiRES/data/hires/GSE223917_RAW/GSM7002597_OrgbE851072.pairs.gz	E85	mitosis
OrgbE851073	/Volumes/SumSung500/CSU/0_HiRES/data/hires/GSE223917_RAW/GSM7002598_OrgbE851073.pairs.gz	E85	early mesenchyme
OrgbE851075	/Volumes/SumSung500/CSU/0_HiRES/data/hires/GSE223917_RAW/GSM7002600_OrgbE851075.pairs.gz	E85	early mesoderm
OrgbE851078	/Volumes/SumSung500/CSU/0_HiRES/data/hires/GSE223917_RAW/GSM7002603_OrgbE851078.pairs.gz	E85	mitosis
OrgbE851079	/Volumes/SumSung500/CSU/0_HiRES/data/hires/GSE223917_RAW/GSM7002604_OrgbE851079.pairs.gz	E85	NMP
OrgbE851080	/Volumes/SumSung500/CSU/0_HiRES/data/hires/GSE223917_RAW/GSM7002605_OrgbE851080.pairs.gz	E85	NMP
OrgbE851081	/Volumes/SumSung500/CSU/0_HiRES/data/hires/GSE223917_RAW/GSM7002606_OrgbE851081.pairs.gz	E85	blood
OrgbE851082	/Volumes/SumSung500/CSU/0_HiRES/data/hires/GSE223917_RAW/GSM7002607_OrgbE851082.pairs.gz	E85	neural tube
OrgbE851083	/Volumes/SumSung500/CSU/0_HiRES/data/hires/GSE223917_RAW/GSM7002608_OrgbE851083.pairs.gz	E85	schwann cell precursors
OrgbE851084	/Volumes/SumSung500/CSU/0_HiRES/data/hires/GSE223917_RAW/GSM7002609_OrgbE851084.pairs.gz	E85	intermediate mesoderm
OrgbE851085	/Volumes/SumSung500/CSU/0_HiRES/data/hires/GSE223917_RAW/GSM7002610_OrgbE851085.pairs.gz	E85	mitosis
OrgbE851086	/Volumes/SumSung500/CSU/0_HiRES/data/hires/GSE223917_RAW/GSM7002611_OrgbE851086.pairs.gz	E85	epithelial cells
OrgbE851088	/Volumes/SumSung500/CSU/0_HiRES/data/hires/GSE223917_RAW/GSM7002613_OrgbE851088.pairs.gz	E85	early mesenchyme
OrgbE851089	/Volumes/SumSung500/CSU/0_HiRES/data/hires/GSE223917_RAW/GSM7002614_OrgbE851089.pairs.gz	E85	blood
OrgbE851091	/Volumes/SumSung500/CSU/0_HiRES/data/hires/GSE223917_RAW/GSM7002616_OrgbE851091.pairs.gz	E85	blood
OrgbE851094	/Volumes/SumSung500/CSU/0_HiRES/data/hires/GSE223917_RAW/GSM7002619_OrgbE851094.pairs.gz	E85	early mesenchyme
OrgbE851095	/Volumes/SumSung500/CSU/0_HiRES/data/hires/GSE223917_RAW/GSM7002620_OrgbE851095.pairs.gz	E85	notochord
OrgbE851096	/Volumes/SumSung500/CSU/0_HiRES/data/hires/GSE223917_RAW/GSM7002621_OrgbE851096.pairs.gz	E85	ExE mesoderm
OrgbE851097	/Volumes/SumSung500/CSU/0_HiRES/data/hires/GSE223917_RAW/GSM7002622_OrgbE851097.pairs.gz	E85	mitosis
OrgbE851098	/Volumes/SumSung500/CSU/0_HiRES/data/hires/GSE223917_RAW/GSM7002623_OrgbE851098.pairs.gz	E85	early mesenchyme
OrgbE851099	/Volumes/SumSung500/CSU/0_HiRES/data/hires/GSE223917_RAW/GSM7002624_OrgbE851099.pairs.gz	E85	ExE mesoderm
OrgbE851100	/Volumes/SumSung500/CSU/0_HiRES/data/hires/GSE223917_RAW/GSM7002625_OrgbE851100.pairs.gz	E85	epithelial cells
OrgbE851101	/Volumes/SumSung500/CSU/0_HiRES/data/hires/GSE223917_RAW/GSM7002626_OrgbE851101.pairs.gz	E85	neural tube
OrgbE851102	/Volumes/SumSung500/CSU/0_HiRES/data/hires/GSE223917_RAW/GSM7002627_OrgbE851102.pairs.gz	E85	early mesoderm
OrgbE851105	/Volumes/SumSung500/CSU/0_HiRES/data/hires/GSE223917_RAW/GSM7002630_OrgbE851105.pairs.gz	E85	mitosis
OrgbE851106	/Volumes/SumSung500/CSU/0_HiRES/data/hires/GSE223917_RAW/GSM7002631_OrgbE851106.pairs.gz	E85	intermediate mesoderm
OrgbE851107	/Volumes/SumSung500/CSU/0_HiRES/data/hires/GSE223917_RAW/GSM7002632_OrgbE851107.pairs.gz	E85	ExE mesoderm
OrgbE851108	/Volumes/SumSung500/CSU/0_HiRES/data/hires/GSE223917_RAW/GSM7002633_OrgbE851108.pairs.gz	E85	ExE mesoderm
OrgbE851111	/Volumes/SumSung500/CSU/0_HiRES/data/hires/GSE223917_RAW/GSM7002636_OrgbE851111.pairs.gz	E85	mitosis
OrgbE851113	/Volumes/SumSung500/CSU/0_HiRES/data/hires/GSE223917_RAW/GSM7002638_OrgbE851113.pairs.gz	E85	neural tube
OrgbE851114	/Volumes/SumSung500/CSU/0_HiRES/data/hires/GSE223917_RAW/GSM7002639_OrgbE851114.pairs.gz	E85	mitosis
OrgbE851115	/Volumes/SumSung500/CSU/0_HiRES/data/hires/GSE223917_RAW/GSM7002640_OrgbE851115.pairs.gz	E85	intermediate mesoderm
OrgbE851117	/Volumes/SumSung500/CSU/0_HiRES/data/hires/GSE223917_RAW/GSM7002642_OrgbE851117.pairs.gz	E85	blood
OrgbE851118	/Volumes/SumSung500/CSU/0_HiRES/data/hires/GSE223917_RAW/GSM7002643_OrgbE851118.pairs.gz	E85	intermediate mesoderm
OrgbE851119	/Volumes/SumSung500/CSU/0_HiRES/data/hires/GSE223917_RAW/GSM7002644_OrgbE851119.pairs.gz	E85	early mesenchyme
OrgbE851120	/Volumes/SumSung500/CSU/0_HiRES/data/hires/GSE223917_RAW/GSM7002645_OrgbE851120.pairs.gz	E85	blood
OrgbE851121	/Volumes/SumSung500/CSU/0_HiRES/data/hires/GSE223917_RAW/GSM7002646_OrgbE851121.pairs.gz	E85	neural tube
OrgbE851123	/Volumes/SumSung500/CSU/0_HiRES/data/hires/GSE223917_RAW/GSM7002648_OrgbE851123.pairs.gz	E85	blood
OrgbE851124	/Volumes/SumSung500/CSU/0_HiRES/data/hires/GSE223917_RAW/GSM7002649_OrgbE851124.pairs.gz	E85	blood
OrgbE851125	/Volumes/SumSung500/CSU/0_HiRES/data/hires/GSE223917_RAW/GSM7002650_OrgbE851125.pairs.gz	E85	epithelial cells
OrgbE851126	/Volumes/SumSung500/CSU/0_HiRES/data/hires/GSE223917_RAW/GSM7002651_OrgbE851126.pairs.gz	E85	blood
OrgbE851127	/Volumes/SumSung500/CSU/0_HiRES/data/hires/GSE223917_RAW/GSM7002652_OrgbE851127.pairs.gz	E85	intermediate mesoderm
OrgbE851129	/Volumes/SumSung500/CSU/0_HiRES/data/hires/GSE223917_RAW/GSM7002654_OrgbE851129.pairs.gz	E85	neural tube
OrgbE851130	/Volumes/SumSung500/CSU/0_HiRES/data/hires/GSE223917_RAW/GSM7002655_OrgbE851130.pairs.gz	E85	blood
OrgbE851131	/Volumes/SumSung500/CSU/0_HiRES/data/hires/GSE223917_RAW/GSM7002656_OrgbE851131.pairs.gz	E85	blood
OrgbE851132	/Volumes/SumSung500/CSU/0_HiRES/data/hires/GSE223917_RAW/GSM7002657_OrgbE851132.pairs.gz	E85	early mesenchyme
OrgbE851134	/Volumes/SumSung500/CSU/0_HiRES/data/hires/GSE223917_RAW/GSM7002659_OrgbE851134.pairs.gz	E85	mitosis
OrgbE851135	/Volumes/SumSung500/CSU/0_HiRES/data/hires/GSE223917_RAW/GSM7002660_OrgbE851135.pairs.gz	E85	mitosis
OrgbE851136	/Volumes/SumSung500/CSU/0_HiRES/data/hires/GSE223917_RAW/GSM7002661_OrgbE851136.pairs.gz	E85	epithelial cells
OrgbE851138	/Volumes/SumSung500/CSU/0_HiRES/data/hires/GSE223917_RAW/GSM7002663_OrgbE851138.pairs.gz	E85	early mesenchyme
OrgbE851140	/Volumes/SumSung500/CSU/0_HiRES/data/hires/GSE223917_RAW/GSM7002665_OrgbE851140.pairs.gz	E85	blood
OrgbE851141	/Volumes/SumSung500/CSU/0_HiRES/data/hires/GSE223917_RAW/GSM7002666_OrgbE851141.pairs.gz	E85	schwann cell precursors
OrgbE851143	/Volumes/SumSung500/CSU/0_HiRES/data/hires/GSE223917_RAW/GSM7002668_OrgbE851143.pairs.gz	E85	early mesenchyme
OrgbE851144	/Volumes/SumSung500/CSU/0_HiRES/data/hires/GSE223917_RAW/GSM7002669_OrgbE851144.pairs.gz	E85	NMP
OrgbE851145	/Volumes/SumSung500/CSU/0_HiRES/data/hires/GSE223917_RAW/GSM7002670_OrgbE851145.pairs.gz	E85	NMP
OrgbE851148	/Volumes/SumSung500/CSU/0_HiRES/data/hires/GSE223917_RAW/GSM7002673_OrgbE851148.pairs.gz	E85	early mesenchyme
OrgbE851149	/Volumes/SumSung500/CSU/0_HiRES/data/hires/GSE223917_RAW/GSM7002674_OrgbE851149.pairs.gz	E85	mitosis
OrgbE851151	/Volumes/SumSung500/CSU/0_HiRES/data/hires/GSE223917_RAW/GSM7002676_OrgbE851151.pairs.gz	E85	neural tube
OrgbE851152	/Volumes/SumSung500/CSU/0_HiRES/data/hires/GSE223917_RAW/GSM7002677_OrgbE851152.pairs.gz	E85	mitosis
OrgbE851153	/Volumes/SumSung500/CSU/0_HiRES/data/hires/GSE223917_RAW/GSM7002678_OrgbE851153.pairs.gz	E85	blood
OrgbE851154	/Volumes/SumSung500/CSU/0_HiRES/data/hires/GSE223917_RAW/GSM7002679_OrgbE851154.pairs.gz	E85	mitosis
OrgbE851155	/Volumes/SumSung500/CSU/0_HiRES/data/hires/GSE223917_RAW/GSM7002680_OrgbE851155.pairs.gz	E85	ExE mesoderm
OrgbE851157	/Volumes/SumSung500/CSU/0_HiRES/data/hires/GSE223917_RAW/GSM7002682_OrgbE851157.pairs.gz	E85	neural tube
OrgbE851158	/Volumes/SumSung500/CSU/0_HiRES/data/hires/GSE223917_RAW/GSM7002683_OrgbE851158.pairs.gz	E85	mitosis
OrgbE851161	/Volumes/SumSung500/CSU/0_HiRES/data/hires/GSE223917_RAW/GSM7002686_OrgbE851161.pairs.gz	E85	neural tube
OrgbE851162	/Volumes/SumSung500/CSU/0_HiRES/data/hires/GSE223917_RAW/GSM7002687_OrgbE851162.pairs.gz	E85	mitosis
OrgbE851173	/Volumes/SumSung500/CSU/0_HiRES/data/hires/GSE223917_RAW/GSM7002697_OrgbE851173.pairs.gz	E85	neural tube
OrgbE851174	/Volumes/SumSung500/CSU/0_HiRES/data/hires/GSE223917_RAW/GSM7002698_OrgbE851174.pairs.gz	E85	oligodendrocytes and progenitors
OrgbE851175	/Volumes/SumSung500/CSU/0_HiRES/data/hires/GSE223917_RAW/GSM7002699_OrgbE851175.pairs.gz	E85	intermediate mesoderm
OrgbE851177	/Volumes/SumSung500/CSU/0_HiRES/data/hires/GSE223917_RAW/GSM7002701_OrgbE851177.pairs.gz	E85	neural tube
OrgbE851178	/Volumes/SumSung500/CSU/0_HiRES/data/hires/GSE223917_RAW/GSM7002702_OrgbE851178.pairs.gz	E85	mitosis
OrgbE851179	/Volumes/SumSung500/CSU/0_HiRES/data/hires/GSE223917_RAW/GSM7002703_OrgbE851179.pairs.gz	E85	ExE mesoderm
OrgbE851180	/Volumes/SumSung500/CSU/0_HiRES/data/hires/GSE223917_RAW/GSM7002704_OrgbE851180.pairs.gz	E85	neural tube
OrgbE851185	/Volumes/SumSung500/CSU/0_HiRES/data/hires/GSE223917_RAW/GSM7002709_OrgbE851185.pairs.gz	E85	intermediate mesoderm
OrgbE851186	/Volumes/SumSung500/CSU/0_HiRES/data/hires/GSE223917_RAW/GSM7002710_OrgbE851186.pairs.gz	E85	ExE endoderm
OrgbE851187	/Volumes/SumSung500/CSU/0_HiRES/data/hires/GSE223917_RAW/GSM7002711_OrgbE851187.pairs.gz	E85	blood
OrgbE851188	/Volumes/SumSung500/CSU/0_HiRES/data/hires/GSE223917_RAW/GSM7002712_OrgbE851188.pairs.gz	E85	neural tube
OrgbE851189	/Volumes/SumSung500/CSU/0_HiRES/data/hires/GSE223917_RAW/GSM7002713_OrgbE851189.pairs.gz	E85	epithelial cells
OrgbE851190	/Volumes/SumSung500/CSU/0_HiRES/data/hires/GSE223917_RAW/GSM7002714_OrgbE851190.pairs.gz	E85	ExE endoderm
OrgbE851192	/Volumes/SumSung500/CSU/0_HiRES/data/hires/GSE223917_RAW/GSM7002716_OrgbE851192.pairs.gz	E85	early mesenchyme
OrgbE851193	/Volumes/SumSung500/CSU/0_HiRES/data/hires/GSE223917_RAW/GSM7002717_OrgbE851193.pairs.gz	E85	schwann cell precursors
OrgbE851194	/Volumes/SumSung500/CSU/0_HiRES/data/hires/GSE223917_RAW/GSM7002718_OrgbE851194.pairs.gz	E85	neural tube
OrgbE851195	/Volumes/SumSung500/CSU/0_HiRES/data/hires/GSE223917_RAW/GSM7002719_OrgbE851195.pairs.gz	E85	neural tube
OrgbE851196	/Volumes/SumSung500/CSU/0_HiRES/data/hires/GSE223917_RAW/GSM7002720_OrgbE851196.pairs.gz	E85	early mesenchyme
OrgbE851197	/Volumes/SumSung500/CSU/0_HiRES/data/hires/GSE223917_RAW/GSM7002721_OrgbE851197.pairs.gz	E85	early mesoderm
OrgbE851199	/Volumes/SumSung500/CSU/0_HiRES/data/hires/GSE223917_RAW/GSM7002723_OrgbE851199.pairs.gz	E85	blood
OrgbE851202	/Volumes/SumSung500/CSU/0_HiRES/data/hires/GSE223917_RAW/GSM7002726_OrgbE851202.pairs.gz	E85	early mesoderm
OrgbE851203	/Volumes/SumSung500/CSU/0_HiRES/data/hires/GSE223917_RAW/GSM7002727_OrgbE851203.pairs.gz	E85	mitosis
OrgbE851204	/Volumes/SumSung500/CSU/0_HiRES/data/hires/GSE223917_RAW/GSM7002728_OrgbE851204.pairs.gz	E85	early mesoderm
OrgbE851205	/Volumes/SumSung500/CSU/0_HiRES/data/hires/GSE223917_RAW/GSM7002729_OrgbE851205.pairs.gz	E85	epithelial cells
OrgbE851208	/Volumes/SumSung500/CSU/0_HiRES/data/hires/GSE223917_RAW/GSM7002732_OrgbE851208.pairs.gz	E85	blood
OrgbE851210	/Volumes/SumSung500/CSU/0_HiRES/data/hires/GSE223917_RAW/GSM7002734_OrgbE851210.pairs.gz	E85	mitosis
OrgbE851211	/Volumes/SumSung500/CSU/0_HiRES/data/hires/GSE223917_RAW/GSM7002735_OrgbE851211.pairs.gz	E85	mitosis
OrgbE851213	/Volumes/SumSung500/CSU/0_HiRES/data/hires/GSE223917_RAW/GSM7002737_OrgbE851213.pairs.gz	E85	NMP
OrgbE851214	/Volumes/SumSung500/CSU/0_HiRES/data/hires/GSE223917_RAW/GSM7002738_OrgbE851214.pairs.gz	E85	NMP
OrgbE851215	/Volumes/SumSung500/CSU/0_HiRES/data/hires/GSE223917_RAW/GSM7002739_OrgbE851215.pairs.gz	E85	blood
OrgbE851216	/Volumes/SumSung500/CSU/0_HiRES/data/hires/GSE223917_RAW/GSM7002740_OrgbE851216.pairs.gz	E85	mitosis
OrgbE851217	/Volumes/SumSung500/CSU/0_HiRES/data/hires/GSE223917_RAW/GSM7002741_OrgbE851217.pairs.gz	E85	neural tube
OrgbE851218	/Volumes/SumSung500/CSU/0_HiRES/data/hires/GSE223917_RAW/GSM7002742_OrgbE851218.pairs.gz	E85	early mesenchyme
OrgbE851221	/Volumes/SumSung500/CSU/0_HiRES/data/hires/GSE223917_RAW/GSM7002745_OrgbE851221.pairs.gz	E85	mitosis
OrgbE851222	/Volumes/SumSung500/CSU/0_HiRES/data/hires/GSE223917_RAW/GSM7002746_OrgbE851222.pairs.gz	E85	schwann cell precursors
OrgbE851224	/Volumes/SumSung500/CSU/0_HiRES/data/hires/GSE223917_RAW/GSM7002748_OrgbE851224.pairs.gz	E85	blood
OrgbE851227	/Volumes/SumSung500/CSU/0_HiRES/data/hires/GSE223917_RAW/GSM7002751_OrgbE851227.pairs.gz	E85	mitosis
OrgbE851230	/Volumes/SumSung500/CSU/0_HiRES/data/hires/GSE223917_RAW/GSM7002754_OrgbE851230.pairs.gz	E85	blood
OrgbE851231	/Volumes/SumSung500/CSU/0_HiRES/data/hires/GSE223917_RAW/GSM7002755_OrgbE851231.pairs.gz	E85	neural tube
OrgbE851233	/Volumes/SumSung500/CSU/0_HiRES/data/hires/GSE223917_RAW/GSM7002757_OrgbE851233.pairs.gz	E85	blood
OrgbE851234	/Volumes/SumSung500/CSU/0_HiRES/data/hires/GSE223917_RAW/GSM7002758_OrgbE851234.pairs.gz	E85	epithelial cells
OrgbE851235	/Volumes/SumSung500/CSU/0_HiRES/data/hires/GSE223917_RAW/GSM7002759_OrgbE851235.pairs.gz	E85	early mesoderm
OrgbE851236	/Volumes/SumSung500/CSU/0_HiRES/data/hires/GSE223917_RAW/GSM7002760_OrgbE851236.pairs.gz	E85	early mesenchyme
OrgbE851237	/Volumes/SumSung500/CSU/0_HiRES/data/hires/GSE223917_RAW/GSM7002761_OrgbE851237.pairs.gz	E85	ExE endoderm
OrgbE851238	/Volumes/SumSung500/CSU/0_HiRES/data/hires/GSE223917_RAW/GSM7002762_OrgbE851238.pairs.gz	E85	schwann cell precursors
OrgbE851239	/Volumes/SumSung500/CSU/0_HiRES/data/hires/GSE223917_RAW/GSM7002763_OrgbE851239.pairs.gz	E85	mitosis
OrgbE851242	/Volumes/SumSung500/CSU/0_HiRES/data/hires/GSE223917_RAW/GSM7002765_OrgbE851242.pairs.gz	E85	mitosis
OrgbE851244	/Volumes/SumSung500/CSU/0_HiRES/data/hires/GSE223917_RAW/GSM7002767_OrgbE851244.pairs.gz	E85	blood
OrgbE851245	/Volumes/SumSung500/CSU/0_HiRES/data/hires/GSE223917_RAW/GSM7002768_OrgbE851245.pairs.gz	E85	intermediate mesoderm
OrgbE851246	/Volumes/SumSung500/CSU/0_HiRES/data/hires/GSE223917_RAW/GSM7002769_OrgbE851246.pairs.gz	E85	blood
OrgbE851247	/Volumes/SumSung500/CSU/0_HiRES/data/hires/GSE223917_RAW/GSM7002770_OrgbE851247.pairs.gz	E85	notochord
OrgbE851248	/Volumes/SumSung500/CSU/0_HiRES/data/hires/GSE223917_RAW/GSM7002771_OrgbE851248.pairs.gz	E85	schwann cell precursors
OrgbE851249	/Volumes/SumSung500/CSU/0_HiRES/data/hires/GSE223917_RAW/GSM7002772_OrgbE851249.pairs.gz	E85	early mesenchyme
OrgbE851250	/Volumes/SumSung500/CSU/0_HiRES/data/hires/GSE223917_RAW/GSM7002773_OrgbE851250.pairs.gz	E85	mitosis
OrgbE851251	/Volumes/SumSung500/CSU/0_HiRES/data/hires/GSE223917_RAW/GSM7002774_OrgbE851251.pairs.gz	E85	NMP
OrgbE851252	/Volumes/SumSung500/CSU/0_HiRES/data/hires/GSE223917_RAW/GSM7002775_OrgbE851252.pairs.gz	E85	intermediate mesoderm
OrgbE851253	/Volumes/SumSung500/CSU/0_HiRES/data/hires/GSE223917_RAW/GSM7002776_OrgbE851253.pairs.gz	E85	notochord
OrgbE851254	/Volumes/SumSung500/CSU/0_HiRES/data/hires/GSE223917_RAW/GSM7002777_OrgbE851254.pairs.gz	E85	schwann cell precursors
OrgbE851256	/Volumes/SumSung500/CSU/0_HiRES/data/hires/GSE223917_RAW/GSM7002779_OrgbE851256.pairs.gz	E85	mitosis
OrgbE851258	/Volumes/SumSung500/CSU/0_HiRES/data/hires/GSE223917_RAW/GSM7002780_OrgbE851258.pairs.gz	E85	ExE endoderm
OrgbE851259	/Volumes/SumSung500/CSU/0_HiRES/data/hires/GSE223917_RAW/GSM7002781_OrgbE851259.pairs.gz	E85	neural tube
OrgbE851260	/Volumes/SumSung500/CSU/0_HiRES/data/hires/GSE223917_RAW/GSM7002782_OrgbE851260.pairs.gz	E85	neural tube
OrgbE851262	/Volumes/SumSung500/CSU/0_HiRES/data/hires/GSE223917_RAW/GSM7002784_OrgbE851262.pairs.gz	E85	blood
OrgbE851267	/Volumes/SumSung500/CSU/0_HiRES/data/hires/GSE223917_RAW/GSM7002789_OrgbE851267.pairs.gz	E85	NMP
OrgbE851268	/Volumes/SumSung500/CSU/0_HiRES/data/hires/GSE223917_RAW/GSM7002790_OrgbE851268.pairs.gz	E85	early mesenchyme
OrgbE851270	/Volumes/SumSung500/CSU/0_HiRES/data/hires/GSE223917_RAW/GSM7002792_OrgbE851270.pairs.gz	E85	early mesenchyme
OrgbE851272	/Volumes/SumSung500/CSU/0_HiRES/data/hires/GSE223917_RAW/GSM7002794_OrgbE851272.pairs.gz	E85	mitosis
OrgbE851273	/Volumes/SumSung500/CSU/0_HiRES/data/hires/GSE223917_RAW/GSM7002795_OrgbE851273.pairs.gz	E85	mitosis
OrgbE851275	/Volumes/SumSung500/CSU/0_HiRES/data/hires/GSE223917_RAW/GSM7002797_OrgbE851275.pairs.gz	E85	blood
OrgbE851276	/Volumes/SumSung500/CSU/0_HiRES/data/hires/GSE223917_RAW/GSM7002798_OrgbE851276.pairs.gz	E85	mitosis
OrgbE851277	/Volumes/SumSung500/CSU/0_HiRES/data/hires/GSE223917_RAW/GSM7002799_OrgbE851277.pairs.gz	E85	blood
OrgbE851278	/Volumes/SumSung500/CSU/0_HiRES/data/hires/GSE223917_RAW/GSM7002800_OrgbE851278.pairs.gz	E85	notochord
OrgbE851279	/Volumes/SumSung500/CSU/0_HiRES/data/hires/GSE223917_RAW/GSM7002801_OrgbE851279.pairs.gz	E85	neural tube
OrgbE851280	/Volumes/SumSung500/CSU/0_HiRES/data/hires/GSE223917_RAW/GSM7002802_OrgbE851280.pairs.gz	E85	early mesenchyme
OrgbE851281	/Volumes/SumSung500/CSU/0_HiRES/data/hires/GSE223917_RAW/GSM7002803_OrgbE851281.pairs.gz	E85	mitosis
OrgbE851282	/Volumes/SumSung500/CSU/0_HiRES/data/hires/GSE223917_RAW/GSM7002804_OrgbE851282.pairs.gz	E85	early mesenchyme
OrgbE851283	/Volumes/SumSung500/CSU/0_HiRES/data/hires/GSE223917_RAW/GSM7002805_OrgbE851283.pairs.gz	E85	blood
OrgbE851284	/Volumes/SumSung500/CSU/0_HiRES/data/hires/GSE223917_RAW/GSM7002806_OrgbE851284.pairs.gz	E85	epithelial cells
OrgbE851288	/Volumes/SumSung500/CSU/0_HiRES/data/hires/GSE223917_RAW/GSM7002809_OrgbE851288.pairs.gz	E85	early mesenchyme
OrgbE851289	/Volumes/SumSung500/CSU/0_HiRES/data/hires/GSE223917_RAW/GSM7002810_OrgbE851289.pairs.gz	E85	neural tube
OrgbE851290	/Volumes/SumSung500/CSU/0_HiRES/data/hires/GSE223917_RAW/GSM7002811_OrgbE851290.pairs.gz	E85	ExE endoderm
OrgbE851291	/Volumes/SumSung500/CSU/0_HiRES/data/hires/GSE223917_RAW/GSM7002812_OrgbE851291.pairs.gz	E85	intermediate mesoderm
OrgbE851294	/Volumes/SumSung500/CSU/0_HiRES/data/hires/GSE223917_RAW/GSM7002815_OrgbE851294.pairs.gz	E85	mitosis
OrgbE851295	/Volumes/SumSung500/CSU/0_HiRES/data/hires/GSE223917_RAW/GSM7002816_OrgbE851295.pairs.gz	E85	blood
OrgbE851298	/Volumes/SumSung500/CSU/0_HiRES/data/hires/GSE223917_RAW/GSM7002819_OrgbE851298.pairs.gz	E85	blood
OrgbE851299	/Volumes/SumSung500/CSU/0_HiRES/data/hires/GSE223917_RAW/GSM7002820_OrgbE851299.pairs.gz	E85	epithelial cells
OrgbE851300	/Volumes/SumSung500/CSU/0_HiRES/data/hires/GSE223917_RAW/GSM7002821_OrgbE851300.pairs.gz	E85	early mesenchyme
OrgbE851303	/Volumes/SumSung500/CSU/0_HiRES/data/hires/GSE223917_RAW/GSM7002824_OrgbE851303.pairs.gz	E85	early mesenchyme
OrgbE851304	/Volumes/SumSung500/CSU/0_HiRES/data/hires/GSE223917_RAW/GSM7002825_OrgbE851304.pairs.gz	E85	early mesenchyme
OrgbE851305	/Volumes/SumSung500/CSU/0_HiRES/data/hires/GSE223917_RAW/GSM7002826_OrgbE851305.pairs.gz	E85	neural tube
OrgbE851306	/Volumes/SumSung500/CSU/0_HiRES/data/hires/GSE223917_RAW/GSM7002827_OrgbE851306.pairs.gz	E85	blood
OrgbE851307	/Volumes/SumSung500/CSU/0_HiRES/data/hires/GSE223917_RAW/GSM7002828_OrgbE851307.pairs.gz	E85	blood
OrgbE851308	/Volumes/SumSung500/CSU/0_HiRES/data/hires/GSE223917_RAW/GSM7002829_OrgbE851308.pairs.gz	E85	early mesenchyme
OrgbE851309	/Volumes/SumSung500/CSU/0_HiRES/data/hires/GSE223917_RAW/GSM7002830_OrgbE851309.pairs.gz	E85	early mesenchyme
OrgbE851310	/Volumes/SumSung500/CSU/0_HiRES/data/hires/GSE223917_RAW/GSM7002831_OrgbE851310.pairs.gz	E85	epithelial cells
OrgbE851311	/Volumes/SumSung500/CSU/0_HiRES/data/hires/GSE223917_RAW/GSM7002832_OrgbE851311.pairs.gz	E85	ExE mesoderm
OrgbE851312	/Volumes/SumSung500/CSU/0_HiRES/data/hires/GSE223917_RAW/GSM7002833_OrgbE851312.pairs.gz	E85	epithelial cells
OrgbE851314	/Volumes/SumSung500/CSU/0_HiRES/data/hires/GSE223917_RAW/GSM7002835_OrgbE851314.pairs.gz	E85	blood
OrgbE851318	/Volumes/SumSung500/CSU/0_HiRES/data/hires/GSE223917_RAW/GSM7002839_OrgbE851318.pairs.gz	E85	neural tube
OrgbE851319	/Volumes/SumSung500/CSU/0_HiRES/data/hires/GSE223917_RAW/GSM7002840_OrgbE851319.pairs.gz	E85	endoderm
OrgbE851320	/Volumes/SumSung500/CSU/0_HiRES/data/hires/GSE223917_RAW/GSM7002841_OrgbE851320.pairs.gz	E85	neural tube
OrgbE851321	/Volumes/SumSung500/CSU/0_HiRES/data/hires/GSE223917_RAW/GSM7002842_OrgbE851321.pairs.gz	E85	intermediate mesoderm
OrgbE851323	/Volumes/SumSung500/CSU/0_HiRES/data/hires/GSE223917_RAW/GSM7002844_OrgbE851323.pairs.gz	E85	blood
OrgbE851325	/Volumes/SumSung500/CSU/0_HiRES/data/hires/GSE223917_RAW/GSM7002846_OrgbE851325.pairs.gz	E85	neural tube
OrgbE851326	/Volumes/SumSung500/CSU/0_HiRES/data/hires/GSE223917_RAW/GSM7002847_OrgbE851326.pairs.gz	E85	epithelial cells
OrgbE851328	/Volumes/SumSung500/CSU/0_HiRES/data/hires/GSE223917_RAW/GSM7002849_OrgbE851328.pairs.gz	E85	early mesoderm
OrgbE851331	/Volumes/SumSung500/CSU/0_HiRES/data/hires/GSE223917_RAW/GSM7002852_OrgbE851331.pairs.gz	E85	neural tube
OrgbE851332	/Volumes/SumSung500/CSU/0_HiRES/data/hires/GSE223917_RAW/GSM7002853_OrgbE851332.pairs.gz	E85	mitosis
OrgbE851334	/Volumes/SumSung500/CSU/0_HiRES/data/hires/GSE223917_RAW/GSM7002855_OrgbE851334.pairs.gz	E85	mitosis
OrgbE851336	/Volumes/SumSung500/CSU/0_HiRES/data/hires/GSE223917_RAW/GSM7002857_OrgbE851336.pairs.gz	E85	early mesoderm
OrgbE851337	/Volumes/SumSung500/CSU/0_HiRES/data/hires/GSE223917_RAW/GSM7002858_OrgbE851337.pairs.gz	E85	intermediate mesoderm
OrgbE851338	/Volumes/SumSung500/CSU/0_HiRES/data/hires/GSE223917_RAW/GSM7002859_OrgbE851338.pairs.gz	E85	ExE mesoderm
OrgbE851341	/Volumes/SumSung500/CSU/0_HiRES/data/hires/GSE223917_RAW/GSM7002862_OrgbE851341.pairs.gz	E85	blood
OrgbE851343	/Volumes/SumSung500/CSU/0_HiRES/data/hires/GSE223917_RAW/GSM7002864_OrgbE851343.pairs.gz	E85	ExE endoderm
OrgbE851344	/Volumes/SumSung500/CSU/0_HiRES/data/hires/GSE223917_RAW/GSM7002865_OrgbE851344.pairs.gz	E85	intermediate mesoderm
OrgbE851345	/Volumes/SumSung500/CSU/0_HiRES/data/hires/GSE223917_RAW/GSM7002866_OrgbE851345.pairs.gz	E85	intermediate mesoderm
OrgbE851346	/Volumes/SumSung500/CSU/0_HiRES/data/hires/GSE223917_RAW/GSM7002867_OrgbE851346.pairs.gz	E85	blood
OrgbE851349	/Volumes/SumSung500/CSU/0_HiRES/data/hires/GSE223917_RAW/GSM7002870_OrgbE851349.pairs.gz	E85	early mesenchyme
OrgbE851352	/Volumes/SumSung500/CSU/0_HiRES/data/hires/GSE223917_RAW/GSM7002873_OrgbE851352.pairs.gz	E85	ExE mesoderm
OrgbE851353	/Volumes/SumSung500/CSU/0_HiRES/data/hires/GSE223917_RAW/GSM7002874_OrgbE851353.pairs.gz	E85	mitosis
OrgbE851354	/Volumes/SumSung500/CSU/0_HiRES/data/hires/GSE223917_RAW/GSM7002875_OrgbE851354.pairs.gz	E85	neural tube
OrgbE851356	/Volumes/SumSung500/CSU/0_HiRES/data/hires/GSE223917_RAW/GSM7002877_OrgbE851356.pairs.gz	E85	blood
OrgbE851357	/Volumes/SumSung500/CSU/0_HiRES/data/hires/GSE223917_RAW/GSM7002878_OrgbE851357.pairs.gz	E85	NMP
OrgbE851358	/Volumes/SumSung500/CSU/0_HiRES/data/hires/GSE223917_RAW/GSM7002879_OrgbE851358.pairs.gz	E85	early mesenchyme
OrgbE851359	/Volumes/SumSung500/CSU/0_HiRES/data/hires/GSE223917_RAW/GSM7002880_OrgbE851359.pairs.gz	E85	early mesenchyme
OrgbE851363	/Volumes/SumSung500/CSU/0_HiRES/data/hires/GSE223917_RAW/GSM7002884_OrgbE851363.pairs.gz	E85	mitosis
OrgbE851364	/Volumes/SumSung500/CSU/0_HiRES/data/hires/GSE223917_RAW/GSM7002885_OrgbE851364.pairs.gz	E85	intermediate mesoderm
OrgbE851365	/Volumes/SumSung500/CSU/0_HiRES/data/hires/GSE223917_RAW/GSM7002886_OrgbE851365.pairs.gz	E85	intermediate mesoderm
OrgbE851367	/Volumes/SumSung500/CSU/0_HiRES/data/hires/GSE223917_RAW/GSM7002888_OrgbE851367.pairs.gz	E85	NMP
OrgbE851368	/Volumes/SumSung500/CSU/0_HiRES/data/hires/GSE223917_RAW/GSM7002889_OrgbE851368.pairs.gz	E85	early mesoderm
OrgbE851370	/Volumes/SumSung500/CSU/0_HiRES/data/hires/GSE223917_RAW/GSM7002891_OrgbE851370.pairs.gz	E85	epithelial cells
OrgbE851371	/Volumes/SumSung500/CSU/0_HiRES/data/hires/GSE223917_RAW/GSM7002892_OrgbE851371.pairs.gz	E85	neural tube
OrgbE851373	/Volumes/SumSung500/CSU/0_HiRES/data/hires/GSE223917_RAW/GSM7002894_OrgbE851373.pairs.gz	E85	mitosis
OrgbE851377	/Volumes/SumSung500/CSU/0_HiRES/data/hires/GSE223917_RAW/GSM7002898_OrgbE851377.pairs.gz	E85	blood
OrgbE851378	/Volumes/SumSung500/CSU/0_HiRES/data/hires/GSE223917_RAW/GSM7002899_OrgbE851378.pairs.gz	E85	early mesenchyme
OrgbE851379	/Volumes/SumSung500/CSU/0_HiRES/data/hires/GSE223917_RAW/GSM7002900_OrgbE851379.pairs.gz	E85	neural tube
OrgbE851380	/Volumes/SumSung500/CSU/0_HiRES/data/hires/GSE223917_RAW/GSM7002901_OrgbE851380.pairs.gz	E85	early mesenchyme
OrgbE851382	/Volumes/SumSung500/CSU/0_HiRES/data/hires/GSE223917_RAW/GSM7002903_OrgbE851382.pairs.gz	E85	early mesenchyme
OrgbE851383	/Volumes/SumSung500/CSU/0_HiRES/data/hires/GSE223917_RAW/GSM7002904_OrgbE851383.pairs.gz	E85	ExE mesoderm
OrgbE851384	/Volumes/SumSung500/CSU/0_HiRES/data/hires/GSE223917_RAW/GSM7002905_OrgbE851384.pairs.gz	E85	early mesenchyme
OrgbEX152073	/Volumes/SumSung500/CSU/0_HiRES/data/hires/GSE223917_RAW/GSM7002977_OrgbEX152073.pairs.gz	EX15	blood
OrgbEX152088	/Volumes/SumSung500/CSU/0_HiRES/data/hires/GSE223917_RAW/GSM7002992_OrgbEX152088.pairs.gz	EX15	early neurons
OrgbEX152093	/Volumes/SumSung500/CSU/0_HiRES/data/hires/GSE223917_RAW/GSM7002997_OrgbEX152093.pairs.gz	EX15	mix late mesenchyme
OrgbEX152101	/Volumes/SumSung500/CSU/0_HiRES/data/hires/GSE223917_RAW/GSM7003005_OrgbEX152101.pairs.gz	EX15	mitosis
OrgbEX152109	/Volumes/SumSung500/CSU/0_HiRES/data/hires/GSE223917_RAW/GSM7003013_OrgbEX152109.pairs.gz	EX15	mitosis
OrgbEX152129	/Volumes/SumSung500/CSU/0_HiRES/data/hires/GSE223917_RAW/GSM7003033_OrgbEX152129.pairs.gz	EX15	mitosis
OrgbEX152164	/Volumes/SumSung500/CSU/0_HiRES/data/hires/GSE223917_RAW/GSM7003068_OrgbEX152164.pairs.gz	EX15	early neurons
OrgbEX152200	/Volumes/SumSung500/CSU/0_HiRES/data/hires/GSE223917_RAW/GSM7003104_OrgbEX152200.pairs.gz	EX15	early mesenchyme
OrgbEX152201	/Volumes/SumSung500/CSU/0_HiRES/data/hires/GSE223917_RAW/GSM7003105_OrgbEX152201.pairs.gz	EX15	mix late mesenchyme
OrgbEX152224	/Volumes/SumSung500/CSU/0_HiRES/data/hires/GSE223917_RAW/GSM7003128_OrgbEX152224.pairs.gz	EX15	early neurons
OrgbEX152229	/Volumes/SumSung500/CSU/0_HiRES/data/hires/GSE223917_RAW/GSM7003133_OrgbEX152229.pairs.gz	EX15	blood
OrgbEX152239	/Volumes/SumSung500/CSU/0_HiRES/data/hires/GSE223917_RAW/GSM7003143_OrgbEX152239.pairs.gz	EX15	blood
OrgbEX152248	/Volumes/SumSung500/CSU/0_HiRES/data/hires/GSE223917_RAW/GSM7003151_OrgbEX152248.pairs.gz	EX15	mix late mesenchyme
OrgbEX152250	/Volumes/SumSung500/CSU/0_HiRES/data/hires/GSE223917_RAW/GSM7003153_OrgbEX152250.pairs.gz	EX15	oligodendrocytes and progenitors
OrgbEX152262	/Volumes/SumSung500/CSU/0_HiRES/data/hires/GSE223917_RAW/GSM7003164_OrgbEX152262.pairs.gz	EX15	mix late mesenchyme
OrgbEX152278	/Volumes/SumSung500/CSU/0_HiRES/data/hires/GSE223917_RAW/GSM7003180_OrgbEX152278.pairs.gz	EX15	oligodendrocytes and progenitors
OrgbEX152290	/Volumes/SumSung500/CSU/0_HiRES/data/hires/GSE223917_RAW/GSM7003192_OrgbEX152290.pairs.gz	EX15	mix late mesenchyme
OrgbEX152297	/Volumes/SumSung500/CSU/0_HiRES/data/hires/GSE223917_RAW/GSM7003199_OrgbEX152297.pairs.gz	EX15	oligodendrocytes and progenitors
OrgbEX152338	/Volumes/SumSung500/CSU/0_HiRES/data/hires/GSE223917_RAW/GSM7003240_OrgbEX152338.pairs.gz	EX15	radial glias
OrgbEX152347	/Volumes/SumSung500/CSU/0_HiRES/data/hires/GSE223917_RAW/GSM7003249_OrgbEX152347.pairs.gz	EX15	early neurons
OrgbEX152352	/Volumes/SumSung500/CSU/0_HiRES/data/hires/GSE223917_RAW/GSM7003254_OrgbEX152352.pairs.gz	EX15	early neurons
OrgbEX152365	/Volumes/SumSung500/CSU/0_HiRES/data/hires/GSE223917_RAW/GSM7003267_OrgbEX152365.pairs.gz	EX15	oligodendrocytes and progenitors
OrgbEX152366	/Volumes/SumSung500/CSU/0_HiRES/data/hires/GSE223917_RAW/GSM7003268_OrgbEX152366.pairs.gz	EX15	radial glias
OrgcE851002	/Volumes/SumSung500/CSU/0_HiRES/data/hires/GSE223917_RAW/GSM7003288_OrgcE851002.pairs.gz	E85	neural tube
OrgcE851006	/Volumes/SumSung500/CSU/0_HiRES/data/hires/GSE223917_RAW/GSM7003291_OrgcE851006.pairs.gz	E85	ExE mesoderm
OrgcE851008	/Volumes/SumSung500/CSU/0_HiRES/data/hires/GSE223917_RAW/GSM7003293_OrgcE851008.pairs.gz	E85	ExE mesoderm
OrgcE851010	/Volumes/SumSung500/CSU/0_HiRES/data/hires/GSE223917_RAW/GSM7003294_OrgcE851010.pairs.gz	E85	blood
OrgcE851011	/Volumes/SumSung500/CSU/0_HiRES/data/hires/GSE223917_RAW/GSM7003295_OrgcE851011.pairs.gz	E85	blood
OrgcE851012	/Volumes/SumSung500/CSU/0_HiRES/data/hires/GSE223917_RAW/GSM7003296_OrgcE851012.pairs.gz	E85	ExE mesoderm
OrgcE851013	/Volumes/SumSung500/CSU/0_HiRES/data/hires/GSE223917_RAW/GSM7003297_OrgcE851013.pairs.gz	E85	ExE mesoderm
OrgcE851014	/Volumes/SumSung500/CSU/0_HiRES/data/hires/GSE223917_RAW/GSM7003298_OrgcE851014.pairs.gz	E85	ExE ectoderm
OrgcE851015	/Volumes/SumSung500/CSU/0_HiRES/data/hires/GSE223917_RAW/GSM7003299_OrgcE851015.pairs.gz	E85	blood
OrgcE851016	/Volumes/SumSung500/CSU/0_HiRES/data/hires/GSE223917_RAW/GSM7003300_OrgcE851016.pairs.gz	E85	early mesoderm
OrgcE851017	/Volumes/SumSung500/CSU/0_HiRES/data/hires/GSE223917_RAW/GSM7003301_OrgcE851017.pairs.gz	E85	mitosis
OrgcE851022	/Volumes/SumSung500/CSU/0_HiRES/data/hires/GSE223917_RAW/GSM7003305_OrgcE851022.pairs.gz	E85	ExE mesoderm
OrgcE851024	/Volumes/SumSung500/CSU/0_HiRES/data/hires/GSE223917_RAW/GSM7003307_OrgcE851024.pairs.gz	E85	ExE endoderm
OrgcE851025	/Volumes/SumSung500/CSU/0_HiRES/data/hires/GSE223917_RAW/GSM7003308_OrgcE851025.pairs.gz	E85	neural tube
OrgcE851026	/Volumes/SumSung500/CSU/0_HiRES/data/hires/GSE223917_RAW/GSM7003309_OrgcE851026.pairs.gz	E85	neural tube
OrgcE851027	/Volumes/SumSung500/CSU/0_HiRES/data/hires/GSE223917_RAW/GSM7003310_OrgcE851027.pairs.gz	E85	epithelial cells
OrgcE851030	/Volumes/SumSung500/CSU/0_HiRES/data/hires/GSE223917_RAW/GSM7003313_OrgcE851030.pairs.gz	E85	neural tube
OrgcE851032	/Volumes/SumSung500/CSU/0_HiRES/data/hires/GSE223917_RAW/GSM7003315_OrgcE851032.pairs.gz	E85	early mesenchyme
OrgcE851033	/Volumes/SumSung500/CSU/0_HiRES/data/hires/GSE223917_RAW/GSM7003316_OrgcE851033.pairs.gz	E85	blood
OrgcE851036	/Volumes/SumSung500/CSU/0_HiRES/data/hires/GSE223917_RAW/GSM7003319_OrgcE851036.pairs.gz	E85	blood
OrgcE851038	/Volumes/SumSung500/CSU/0_HiRES/data/hires/GSE223917_RAW/GSM7003321_OrgcE851038.pairs.gz	E85	blood
OrgcE851041	/Volumes/SumSung500/CSU/0_HiRES/data/hires/GSE223917_RAW/GSM7003324_OrgcE851041.pairs.gz	E85	ExE endoderm
OrgcE851043	/Volumes/SumSung500/CSU/0_HiRES/data/hires/GSE223917_RAW/GSM7003326_OrgcE851043.pairs.gz	E85	ExE mesoderm
OrgcE851044	/Volumes/SumSung500/CSU/0_HiRES/data/hires/GSE223917_RAW/GSM7003327_OrgcE851044.pairs.gz	E85	mitosis
OrgcE851045	/Volumes/SumSung500/CSU/0_HiRES/data/hires/GSE223917_RAW/GSM7003328_OrgcE851045.pairs.gz	E85	early mesoderm
OrgcE851046	/Volumes/SumSung500/CSU/0_HiRES/data/hires/GSE223917_RAW/GSM7003329_OrgcE851046.pairs.gz	E85	blood
OrgcE851047	/Volumes/SumSung500/CSU/0_HiRES/data/hires/GSE223917_RAW/GSM7003330_OrgcE851047.pairs.gz	E85	intermediate mesoderm
OrgcE851048	/Volumes/SumSung500/CSU/0_HiRES/data/hires/GSE223917_RAW/GSM7003331_OrgcE851048.pairs.gz	E85	ExE ectoderm
OrgcE851049	/Volumes/SumSung500/CSU/0_HiRES/data/hires/GSE223917_RAW/GSM7003332_OrgcE851049.pairs.gz	E85	blood
OrgcE851051	/Volumes/SumSung500/CSU/0_HiRES/data/hires/GSE223917_RAW/GSM7003334_OrgcE851051.pairs.gz	E85	early mesenchyme
OrgcE851052	/Volumes/SumSung500/CSU/0_HiRES/data/hires/GSE223917_RAW/GSM7003335_OrgcE851052.pairs.gz	E85	ExE mesoderm
OrgcE851053	/Volumes/SumSung500/CSU/0_HiRES/data/hires/GSE223917_RAW/GSM7003336_OrgcE851053.pairs.gz	E85	neural tube
OrgcE851054	/Volumes/SumSung500/CSU/0_HiRES/data/hires/GSE223917_RAW/GSM7003337_OrgcE851054.pairs.gz	E85	ExE mesoderm
OrgcE851056	/Volumes/SumSung500/CSU/0_HiRES/data/hires/GSE223917_RAW/GSM7003339_OrgcE851056.pairs.gz	E85	intermediate mesoderm
OrgcE851057	/Volumes/SumSung500/CSU/0_HiRES/data/hires/GSE223917_RAW/GSM7003340_OrgcE851057.pairs.gz	E85	blood
OrgcE851058	/Volumes/SumSung500/CSU/0_HiRES/data/hires/GSE223917_RAW/GSM7003341_OrgcE851058.pairs.gz	E85	NMP
OrgcE851060	/Volumes/SumSung500/CSU/0_HiRES/data/hires/GSE223917_RAW/GSM7003343_OrgcE851060.pairs.gz	E85	early mesoderm
OrgcE851061	/Volumes/SumSung500/CSU/0_HiRES/data/hires/GSE223917_RAW/GSM7003344_OrgcE851061.pairs.gz	E85	epithelial cells
OrgcE851066	/Volumes/SumSung500/CSU/0_HiRES/data/hires/GSE223917_RAW/GSM7003349_OrgcE851066.pairs.gz	E85	blood
OrgcE851067	/Volumes/SumSung500/CSU/0_HiRES/data/hires/GSE223917_RAW/GSM7003350_OrgcE851067.pairs.gz	E85	blood
OrgcE851068	/Volumes/SumSung500/CSU/0_HiRES/data/hires/GSE223917_RAW/GSM7003351_OrgcE851068.pairs.gz	E85	blood
OrgcE851071	/Volumes/SumSung500/CSU/0_HiRES/data/hires/GSE223917_RAW/GSM7003354_OrgcE851071.pairs.gz	E85	blood
OrgcE851072	/Volumes/SumSung500/CSU/0_HiRES/data/hires/GSE223917_RAW/GSM7003355_OrgcE851072.pairs.gz	E85	early mesoderm
OrgcE851073	/Volumes/SumSung500/CSU/0_HiRES/data/hires/GSE223917_RAW/GSM7003356_OrgcE851073.pairs.gz	E85	early mesoderm
OrgcE851074	/Volumes/SumSung500/CSU/0_HiRES/data/hires/GSE223917_RAW/GSM7003357_OrgcE851074.pairs.gz	E85	ExE mesoderm
OrgcE851075	/Volumes/SumSung500/CSU/0_HiRES/data/hires/GSE223917_RAW/GSM7003358_OrgcE851075.pairs.gz	E85	early mesoderm
OrgcE851076	/Volumes/SumSung500/CSU/0_HiRES/data/hires/GSE223917_RAW/GSM7003359_OrgcE851076.pairs.gz	E85	endoderm
OrgcE851077	/Volumes/SumSung500/CSU/0_HiRES/data/hires/GSE223917_RAW/GSM7003360_OrgcE851077.pairs.gz	E85	early mesenchyme
OrgcE851078	/Volumes/SumSung500/CSU/0_HiRES/data/hires/GSE223917_RAW/GSM7003361_OrgcE851078.pairs.gz	E85	ExE mesoderm
OrgcE851079	/Volumes/SumSung500/CSU/0_HiRES/data/hires/GSE223917_RAW/GSM7003362_OrgcE851079.pairs.gz	E85	early mesoderm
OrgcE851083	/Volumes/SumSung500/CSU/0_HiRES/data/hires/GSE223917_RAW/GSM7003365_OrgcE851083.pairs.gz	E85	ExE endoderm
OrgcE851085	/Volumes/SumSung500/CSU/0_HiRES/data/hires/GSE223917_RAW/GSM7003367_OrgcE851085.pairs.gz	E85	mitosis
OrgcE851086	/Volumes/SumSung500/CSU/0_HiRES/data/hires/GSE223917_RAW/GSM7003368_OrgcE851086.pairs.gz	E85	endoderm
OrgcE851087	/Volumes/SumSung500/CSU/0_HiRES/data/hires/GSE223917_RAW/GSM7003369_OrgcE851087.pairs.gz	E85	early mesenchyme
OrgcE851089	/Volumes/SumSung500/CSU/0_HiRES/data/hires/GSE223917_RAW/GSM7003370_OrgcE851089.pairs.gz	E85	ExE mesoderm
OrgcE851090	/Volumes/SumSung500/CSU/0_HiRES/data/hires/GSE223917_RAW/GSM7003371_OrgcE851090.pairs.gz	E85	early mesoderm
OrgcE851092	/Volumes/SumSung500/CSU/0_HiRES/data/hires/GSE223917_RAW/GSM7003373_OrgcE851092.pairs.gz	E85	ExE mesoderm
OrgcE851096	/Volumes/SumSung500/CSU/0_HiRES/data/hires/GSE223917_RAW/GSM7003377_OrgcE851096.pairs.gz	E85	early mesenchyme
OrgcE851101	/Volumes/SumSung500/CSU/0_HiRES/data/hires/GSE223917_RAW/GSM7003382_OrgcE851101.pairs.gz	E85	neural tube
OrgcE851102	/Volumes/SumSung500/CSU/0_HiRES/data/hires/GSE223917_RAW/GSM7003383_OrgcE851102.pairs.gz	E85	epithelial cells
OrgcE851104	/Volumes/SumSung500/CSU/0_HiRES/data/hires/GSE223917_RAW/GSM7003385_OrgcE851104.pairs.gz	E85	early mesoderm
OrgcE851108	/Volumes/SumSung500/CSU/0_HiRES/data/hires/GSE223917_RAW/GSM7003389_OrgcE851108.pairs.gz	E85	blood
OrgcE851109	/Volumes/SumSung500/CSU/0_HiRES/data/hires/GSE223917_RAW/GSM7003390_OrgcE851109.pairs.gz	E85	neural tube
OrgcE851110	/Volumes/SumSung500/CSU/0_HiRES/data/hires/GSE223917_RAW/GSM7003391_OrgcE851110.pairs.gz	E85	NMP
OrgcE851112	/Volumes/SumSung500/CSU/0_HiRES/data/hires/GSE223917_RAW/GSM7003393_OrgcE851112.pairs.gz	E85	endoderm
OrgcE851114	/Volumes/SumSung500/CSU/0_HiRES/data/hires/GSE223917_RAW/GSM7003395_OrgcE851114.pairs.gz	E85	early mesenchyme
OrgcE851115	/Volumes/SumSung500/CSU/0_HiRES/data/hires/GSE223917_RAW/GSM7003396_OrgcE851115.pairs.gz	E85	epithelial cells
OrgcE851116	/Volumes/SumSung500/CSU/0_HiRES/data/hires/GSE223917_RAW/GSM7003397_OrgcE851116.pairs.gz	E85	NMP
OrgcE851117	/Volumes/SumSung500/CSU/0_HiRES/data/hires/GSE223917_RAW/GSM7003398_OrgcE851117.pairs.gz	E85	blood
OrgcE851118	/Volumes/SumSung500/CSU/0_HiRES/data/hires/GSE223917_RAW/GSM7003399_OrgcE851118.pairs.gz	E85	neural tube
OrgcE851119	/Volumes/SumSung500/CSU/0_HiRES/data/hires/GSE223917_RAW/GSM7003400_OrgcE851119.pairs.gz	E85	neural tube
OrgcE851121	/Volumes/SumSung500/CSU/0_HiRES/data/hires/GSE223917_RAW/GSM7003402_OrgcE851121.pairs.gz	E85	epithelial cells
OrgcE851122	/Volumes/SumSung500/CSU/0_HiRES/data/hires/GSE223917_RAW/GSM7003403_OrgcE851122.pairs.gz	E85	blood
OrgcE851123	/Volumes/SumSung500/CSU/0_HiRES/data/hires/GSE223917_RAW/GSM7003404_OrgcE851123.pairs.gz	E85	early mesenchyme
OrgcE851125	/Volumes/SumSung500/CSU/0_HiRES/data/hires/GSE223917_RAW/GSM7003406_OrgcE851125.pairs.gz	E85	early mesoderm
OrgcE851126	/Volumes/SumSung500/CSU/0_HiRES/data/hires/GSE223917_RAW/GSM7003407_OrgcE851126.pairs.gz	E85	neural tube
OrgcE851127	/Volumes/SumSung500/CSU/0_HiRES/data/hires/GSE223917_RAW/GSM7003408_OrgcE851127.pairs.gz	E85	epithelial cells
OrgcE851128	/Volumes/SumSung500/CSU/0_HiRES/data/hires/GSE223917_RAW/GSM7003409_OrgcE851128.pairs.gz	E85	neural tube
OrgcE851130	/Volumes/SumSung500/CSU/0_HiRES/data/hires/GSE223917_RAW/GSM7003411_OrgcE851130.pairs.gz	E85	ExE mesoderm
OrgcE851133	/Volumes/SumSung500/CSU/0_HiRES/data/hires/GSE223917_RAW/GSM7003413_OrgcE851133.pairs.gz	E85	neural tube
OrgcE851134	/Volumes/SumSung500/CSU/0_HiRES/data/hires/GSE223917_RAW/GSM7003414_OrgcE851134.pairs.gz	E85	blood
OrgcE851135	/Volumes/SumSung500/CSU/0_HiRES/data/hires/GSE223917_RAW/GSM7003415_OrgcE851135.pairs.gz	E85	blood
OrgcE851137	/Volumes/SumSung500/CSU/0_HiRES/data/hires/GSE223917_RAW/GSM7003417_OrgcE851137.pairs.gz	E85	epithelial cells
OrgcE851138	/Volumes/SumSung500/CSU/0_HiRES/data/hires/GSE223917_RAW/GSM7003418_OrgcE851138.pairs.gz	E85	blood
OrgcE851140	/Volumes/SumSung500/CSU/0_HiRES/data/hires/GSE223917_RAW/GSM7003420_OrgcE851140.pairs.gz	E85	ExE mesoderm
OrgcE851141	/Volumes/SumSung500/CSU/0_HiRES/data/hires/GSE223917_RAW/GSM7003421_OrgcE851141.pairs.gz	E85	neural tube
OrgcE851142	/Volumes/SumSung500/CSU/0_HiRES/data/hires/GSE223917_RAW/GSM7003422_OrgcE851142.pairs.gz	E85	neural ectoderm
OrgcE851144	/Volumes/SumSung500/CSU/0_HiRES/data/hires/GSE223917_RAW/GSM7003424_OrgcE851144.pairs.gz	E85	neural tube
OrgcE851146	/Volumes/SumSung500/CSU/0_HiRES/data/hires/GSE223917_RAW/GSM7003425_OrgcE851146.pairs.gz	E85	mitosis
OrgcE851150	/Volumes/SumSung500/CSU/0_HiRES/data/hires/GSE223917_RAW/GSM7003429_OrgcE851150.pairs.gz	E85	ExE ectoderm
OrgcE851151	/Volumes/SumSung500/CSU/0_HiRES/data/hires/GSE223917_RAW/GSM7003430_OrgcE851151.pairs.gz	E85	blood
OrgcE851152	/Volumes/SumSung500/CSU/0_HiRES/data/hires/GSE223917_RAW/GSM7003431_OrgcE851152.pairs.gz	E85	mitosis
OrgcE851153	/Volumes/SumSung500/CSU/0_HiRES/data/hires/GSE223917_RAW/GSM7003432_OrgcE851153.pairs.gz	E85	blood
OrgcE851157	/Volumes/SumSung500/CSU/0_HiRES/data/hires/GSE223917_RAW/GSM7003435_OrgcE851157.pairs.gz	E85	blood
OrgcE851159	/Volumes/SumSung500/CSU/0_HiRES/data/hires/GSE223917_RAW/GSM7003437_OrgcE851159.pairs.gz	E85	ExE mesoderm
OrgcE851162	/Volumes/SumSung500/CSU/0_HiRES/data/hires/GSE223917_RAW/GSM7003439_OrgcE851162.pairs.gz	E85	epithelial cells
OrgcE851165	/Volumes/SumSung500/CSU/0_HiRES/data/hires/GSE223917_RAW/GSM7003442_OrgcE851165.pairs.gz	E85	neural ectoderm
OrgcE851167	/Volumes/SumSung500/CSU/0_HiRES/data/hires/GSE223917_RAW/GSM7003444_OrgcE851167.pairs.gz	E85	epithelial cells
OrgcE851168	/Volumes/SumSung500/CSU/0_HiRES/data/hires/GSE223917_RAW/GSM7003445_OrgcE851168.pairs.gz	E85	early mesenchyme
OrgcE851169	/Volumes/SumSung500/CSU/0_HiRES/data/hires/GSE223917_RAW/GSM7003446_OrgcE851169.pairs.gz	E85	epithelial cells
OrgcE851172	/Volumes/SumSung500/CSU/0_HiRES/data/hires/GSE223917_RAW/GSM7003449_OrgcE851172.pairs.gz	E85	NMP
OrgcE851173	/Volumes/SumSung500/CSU/0_HiRES/data/hires/GSE223917_RAW/GSM7003450_OrgcE851173.pairs.gz	E85	ExE endoderm
OrgcE851174	/Volumes/SumSung500/CSU/0_HiRES/data/hires/GSE223917_RAW/GSM7003451_OrgcE851174.pairs.gz	E85	ExE mesoderm
OrgcE851175	/Volumes/SumSung500/CSU/0_HiRES/data/hires/GSE223917_RAW/GSM7003452_OrgcE851175.pairs.gz	E85	epithelial cells
OrgcE851177	/Volumes/SumSung500/CSU/0_HiRES/data/hires/GSE223917_RAW/GSM7003454_OrgcE851177.pairs.gz	E85	early mesoderm
OrgcE851179	/Volumes/SumSung500/CSU/0_HiRES/data/hires/GSE223917_RAW/GSM7003456_OrgcE851179.pairs.gz	E85	blood
OrgcE851181	/Volumes/SumSung500/CSU/0_HiRES/data/hires/GSE223917_RAW/GSM7003458_OrgcE851181.pairs.gz	E85	NMP
OrgcE851183	/Volumes/SumSung500/CSU/0_HiRES/data/hires/GSE223917_RAW/GSM7003460_OrgcE851183.pairs.gz	E85	epithelial cells
OrgcE851185	/Volumes/SumSung500/CSU/0_HiRES/data/hires/GSE223917_RAW/GSM7003462_OrgcE851185.pairs.gz	E85	early mesoderm
OrgcE851187	/Volumes/SumSung500/CSU/0_HiRES/data/hires/GSE223917_RAW/GSM7003464_OrgcE851187.pairs.gz	E85	endoderm
OrgcE851189	/Volumes/SumSung500/CSU/0_HiRES/data/hires/GSE223917_RAW/GSM7003466_OrgcE851189.pairs.gz	E85	NMP
OrgcE851190	/Volumes/SumSung500/CSU/0_HiRES/data/hires/GSE223917_RAW/GSM7003467_OrgcE851190.pairs.gz	E85	ExE endoderm
OrgcE851191	/Volumes/SumSung500/CSU/0_HiRES/data/hires/GSE223917_RAW/GSM7003468_OrgcE851191.pairs.gz	E85	epithelial cells
OrgcE851192	/Volumes/SumSung500/CSU/0_HiRES/data/hires/GSE223917_RAW/GSM7003469_OrgcE851192.pairs.gz	E85	ExE endoderm
OrgcE851193	/Volumes/SumSung500/CSU/0_HiRES/data/hires/GSE223917_RAW/GSM7003470_OrgcE851193.pairs.gz	E85	neural ectoderm
OrgcE851195	/Volumes/SumSung500/CSU/0_HiRES/data/hires/GSE223917_RAW/GSM7003472_OrgcE851195.pairs.gz	E85	ExE mesoderm
OrgcE851196	/Volumes/SumSung500/CSU/0_HiRES/data/hires/GSE223917_RAW/GSM7003473_OrgcE851196.pairs.gz	E85	blood
OrgcE851198	/Volumes/SumSung500/CSU/0_HiRES/data/hires/GSE223917_RAW/GSM7003475_OrgcE851198.pairs.gz	E85	early mesoderm
OrgcE851201	/Volumes/SumSung500/CSU/0_HiRES/data/hires/GSE223917_RAW/GSM7003478_OrgcE851201.pairs.gz	E85	blood
OrgcE851204	/Volumes/SumSung500/CSU/0_HiRES/data/hires/GSE223917_RAW/GSM7003481_OrgcE851204.pairs.gz	E85	neural tube
OrgcE851205	/Volumes/SumSung500/CSU/0_HiRES/data/hires/GSE223917_RAW/GSM7003482_OrgcE851205.pairs.gz	E85	neural tube
OrgcE851206	/Volumes/SumSung500/CSU/0_HiRES/data/hires/GSE223917_RAW/GSM7003483_OrgcE851206.pairs.gz	E85	ExE mesoderm
OrgcE851208	/Volumes/SumSung500/CSU/0_HiRES/data/hires/GSE223917_RAW/GSM7003485_OrgcE851208.pairs.gz	E85	blood
OrgcE851209	/Volumes/SumSung500/CSU/0_HiRES/data/hires/GSE223917_RAW/GSM7003486_OrgcE851209.pairs.gz	E85	neural tube
OrgcE851213	/Volumes/SumSung500/CSU/0_HiRES/data/hires/GSE223917_RAW/GSM7003490_OrgcE851213.pairs.gz	E85	blood
OrgcE851216	/Volumes/SumSung500/CSU/0_HiRES/data/hires/GSE223917_RAW/GSM7003493_OrgcE851216.pairs.gz	E85	ExE mesoderm
OrgcE851218	/Volumes/SumSung500/CSU/0_HiRES/data/hires/GSE223917_RAW/GSM7003495_OrgcE851218.pairs.gz	E85	mitosis
OrgcE851219	/Volumes/SumSung500/CSU/0_HiRES/data/hires/GSE223917_RAW/GSM7003496_OrgcE851219.pairs.gz	E85	ExE mesoderm
OrgcE851224	/Volumes/SumSung500/CSU/0_HiRES/data/hires/GSE223917_RAW/GSM7003501_OrgcE851224.pairs.gz	E85	neural tube
OrgcE851225	/Volumes/SumSung500/CSU/0_HiRES/data/hires/GSE223917_RAW/GSM7003502_OrgcE851225.pairs.gz	E85	NMP
OrgcE851227	/Volumes/SumSung500/CSU/0_HiRES/data/hires/GSE223917_RAW/GSM7003504_OrgcE851227.pairs.gz	E85	early mesenchyme
OrgcE851228	/Volumes/SumSung500/CSU/0_HiRES/data/hires/GSE223917_RAW/GSM7003505_OrgcE851228.pairs.gz	E85	ExE mesoderm
OrgcE851229	/Volumes/SumSung500/CSU/0_HiRES/data/hires/GSE223917_RAW/GSM7003506_OrgcE851229.pairs.gz	E85	ExE mesoderm
OrgcE851233	/Volumes/SumSung500/CSU/0_HiRES/data/hires/GSE223917_RAW/GSM7003510_OrgcE851233.pairs.gz	E85	intermediate mesoderm
OrgcE851235	/Volumes/SumSung500/CSU/0_HiRES/data/hires/GSE223917_RAW/GSM7003512_OrgcE851235.pairs.gz	E85	epithelial cells
OrgcE851236	/Volumes/SumSung500/CSU/0_HiRES/data/hires/GSE223917_RAW/GSM7003513_OrgcE851236.pairs.gz	E85	blood
OrgcE851237	/Volumes/SumSung500/CSU/0_HiRES/data/hires/GSE223917_RAW/GSM7003514_OrgcE851237.pairs.gz	E85	blood
OrgcE851242	/Volumes/SumSung500/CSU/0_HiRES/data/hires/GSE223917_RAW/GSM7003517_OrgcE851242.pairs.gz	E85	endoderm
OrgcE851243	/Volumes/SumSung500/CSU/0_HiRES/data/hires/GSE223917_RAW/GSM7003518_OrgcE851243.pairs.gz	E85	early mesoderm
OrgcE851244	/Volumes/SumSung500/CSU/0_HiRES/data/hires/GSE223917_RAW/GSM7003519_OrgcE851244.pairs.gz	E85	ExE mesoderm
OrgcE851245	/Volumes/SumSung500/CSU/0_HiRES/data/hires/GSE223917_RAW/GSM7003520_OrgcE851245.pairs.gz	E85	blood
OrgcE851246	/Volumes/SumSung500/CSU/0_HiRES/data/hires/GSE223917_RAW/GSM7003521_OrgcE851246.pairs.gz	E85	NMP
OrgcE851247	/Volumes/SumSung500/CSU/0_HiRES/data/hires/GSE223917_RAW/GSM7003522_OrgcE851247.pairs.gz	E85	ExE endoderm
OrgcE851251	/Volumes/SumSung500/CSU/0_HiRES/data/hires/GSE223917_RAW/GSM7003526_OrgcE851251.pairs.gz	E85	ExE mesoderm
OrgcE851252	/Volumes/SumSung500/CSU/0_HiRES/data/hires/GSE223917_RAW/GSM7003527_OrgcE851252.pairs.gz	E85	blood
OrgcE851253	/Volumes/SumSung500/CSU/0_HiRES/data/hires/GSE223917_RAW/GSM7003528_OrgcE851253.pairs.gz	E85	early mesoderm
OrgcE851254	/Volumes/SumSung500/CSU/0_HiRES/data/hires/GSE223917_RAW/GSM7003529_OrgcE851254.pairs.gz	E85	intermediate mesoderm
OrgcE851255	/Volumes/SumSung500/CSU/0_HiRES/data/hires/GSE223917_RAW/GSM7003530_OrgcE851255.pairs.gz	E85	early mesenchyme
OrgcE851259	/Volumes/SumSung500/CSU/0_HiRES/data/hires/GSE223917_RAW/GSM7003533_OrgcE851259.pairs.gz	E85	early mesoderm
OrgcE851261	/Volumes/SumSung500/CSU/0_HiRES/data/hires/GSE223917_RAW/GSM7003535_OrgcE851261.pairs.gz	E85	mitosis
OrgcE851262	/Volumes/SumSung500/CSU/0_HiRES/data/hires/GSE223917_RAW/GSM7003536_OrgcE851262.pairs.gz	E85	NMP
OrgcE851264	/Volumes/SumSung500/CSU/0_HiRES/data/hires/GSE223917_RAW/GSM7003538_OrgcE851264.pairs.gz	E85	early mesoderm
OrgcE851266	/Volumes/SumSung500/CSU/0_HiRES/data/hires/GSE223917_RAW/GSM7003540_OrgcE851266.pairs.gz	E85	ExE mesoderm
OrgcE851267	/Volumes/SumSung500/CSU/0_HiRES/data/hires/GSE223917_RAW/GSM7003541_OrgcE851267.pairs.gz	E85	blood
OrgcE851268	/Volumes/SumSung500/CSU/0_HiRES/data/hires/GSE223917_RAW/GSM7003542_OrgcE851268.pairs.gz	E85	early mesoderm
OrgcE851269	/Volumes/SumSung500/CSU/0_HiRES/data/hires/GSE223917_RAW/GSM7003543_OrgcE851269.pairs.gz	E85	epithelial cells
OrgcE851270	/Volumes/SumSung500/CSU/0_HiRES/data/hires/GSE223917_RAW/GSM7003544_OrgcE851270.pairs.gz	E85	ExE mesoderm
OrgcE851271	/Volumes/SumSung500/CSU/0_HiRES/data/hires/GSE223917_RAW/GSM7003545_OrgcE851271.pairs.gz	E85	blood
OrgcE851273	/Volumes/SumSung500/CSU/0_HiRES/data/hires/GSE223917_RAW/GSM7003547_OrgcE851273.pairs.gz	E85	early mesoderm
OrgcE851274	/Volumes/SumSung500/CSU/0_HiRES/data/hires/GSE223917_RAW/GSM7003548_OrgcE851274.pairs.gz	E85	mitosis
OrgcE851275	/Volumes/SumSung500/CSU/0_HiRES/data/hires/GSE223917_RAW/GSM7003549_OrgcE851275.pairs.gz	E85	blood
OrgcE851277	/Volumes/SumSung500/CSU/0_HiRES/data/hires/GSE223917_RAW/GSM7003551_OrgcE851277.pairs.gz	E85	blood
OrgcE851278	/Volumes/SumSung500/CSU/0_HiRES/data/hires/GSE223917_RAW/GSM7003552_OrgcE851278.pairs.gz	E85	NMP
OrgcE851279	/Volumes/SumSung500/CSU/0_HiRES/data/hires/GSE223917_RAW/GSM7003553_OrgcE851279.pairs.gz	E85	ExE mesoderm
OrgcE851280	/Volumes/SumSung500/CSU/0_HiRES/data/hires/GSE223917_RAW/GSM7003554_OrgcE851280.pairs.gz	E85	mitosis
OrgcE851281	/Volumes/SumSung500/CSU/0_HiRES/data/hires/GSE223917_RAW/GSM7003555_OrgcE851281.pairs.gz	E85	blood
OrgcE851282	/Volumes/SumSung500/CSU/0_HiRES/data/hires/GSE223917_RAW/GSM7003556_OrgcE851282.pairs.gz	E85	neural tube
OrgcE851283	/Volumes/SumSung500/CSU/0_HiRES/data/hires/GSE223917_RAW/GSM7003557_OrgcE851283.pairs.gz	E85	early mesoderm
OrgcE851284	/Volumes/SumSung500/CSU/0_HiRES/data/hires/GSE223917_RAW/GSM7003558_OrgcE851284.pairs.gz	E85	ExE mesoderm
OrgcE851285	/Volumes/SumSung500/CSU/0_HiRES/data/hires/GSE223917_RAW/GSM7003559_OrgcE851285.pairs.gz	E85	ExE endoderm
OrgcE851286	/Volumes/SumSung500/CSU/0_HiRES/data/hires/GSE223917_RAW/GSM7003560_OrgcE851286.pairs.gz	E85	NMP
OrgcE851287	/Volumes/SumSung500/CSU/0_HiRES/data/hires/GSE223917_RAW/GSM7003561_OrgcE851287.pairs.gz	E85	NMP
OrgcE851289	/Volumes/SumSung500/CSU/0_HiRES/data/hires/GSE223917_RAW/GSM7003562_OrgcE851289.pairs.gz	E85	epithelial cells
OrgcE851291	/Volumes/SumSung500/CSU/0_HiRES/data/hires/GSE223917_RAW/GSM7003564_OrgcE851291.pairs.gz	E85	neural tube
OrgcE851292	/Volumes/SumSung500/CSU/0_HiRES/data/hires/GSE223917_RAW/GSM7003565_OrgcE851292.pairs.gz	E85	blood
OrgcE851293	/Volumes/SumSung500/CSU/0_HiRES/data/hires/GSE223917_RAW/GSM7003566_OrgcE851293.pairs.gz	E85	ExE mesoderm
OrgcE851296	/Volumes/SumSung500/CSU/0_HiRES/data/hires/GSE223917_RAW/GSM7003569_OrgcE851296.pairs.gz	E85	ExE mesoderm
OrgcE851297	/Volumes/SumSung500/CSU/0_HiRES/data/hires/GSE223917_RAW/GSM7003570_OrgcE851297.pairs.gz	E85	mitosis
OrgcE851298	/Volumes/SumSung500/CSU/0_HiRES/data/hires/GSE223917_RAW/GSM7003571_OrgcE851298.pairs.gz	E85	early mesenchyme
OrgcE851299	/Volumes/SumSung500/CSU/0_HiRES/data/hires/GSE223917_RAW/GSM7003572_OrgcE851299.pairs.gz	E85	ExE endoderm
OrgcE851300	/Volumes/SumSung500/CSU/0_HiRES/data/hires/GSE223917_RAW/GSM7003573_OrgcE851300.pairs.gz	E85	blood
OrgcE851301	/Volumes/SumSung500/CSU/0_HiRES/data/hires/GSE223917_RAW/GSM7003574_OrgcE851301.pairs.gz	E85	blood
OrgcE851303	/Volumes/SumSung500/CSU/0_HiRES/data/hires/GSE223917_RAW/GSM7003576_OrgcE851303.pairs.gz	E85	ExE mesoderm
OrgcE851304	/Volumes/SumSung500/CSU/0_HiRES/data/hires/GSE223917_RAW/GSM7003577_OrgcE851304.pairs.gz	E85	epithelial cells
OrgcE851308	/Volumes/SumSung500/CSU/0_HiRES/data/hires/GSE223917_RAW/GSM7003581_OrgcE851308.pairs.gz	E85	early mesoderm
OrgcE851309	/Volumes/SumSung500/CSU/0_HiRES/data/hires/GSE223917_RAW/GSM7003582_OrgcE851309.pairs.gz	E85	mitosis
OrgcE851310	/Volumes/SumSung500/CSU/0_HiRES/data/hires/GSE223917_RAW/GSM7003583_OrgcE851310.pairs.gz	E85	early mesenchyme
OrgcE851313	/Volumes/SumSung500/CSU/0_HiRES/data/hires/GSE223917_RAW/GSM7003586_OrgcE851313.pairs.gz	E85	neural ectoderm
OrgcE851314	/Volumes/SumSung500/CSU/0_HiRES/data/hires/GSE223917_RAW/GSM7003587_OrgcE851314.pairs.gz	E85	neural tube
OrgcE851315	/Volumes/SumSung500/CSU/0_HiRES/data/hires/GSE223917_RAW/GSM7003588_OrgcE851315.pairs.gz	E85	blood
OrgcE851317	/Volumes/SumSung500/CSU/0_HiRES/data/hires/GSE223917_RAW/GSM7003590_OrgcE851317.pairs.gz	E85	mitosis
OrgcE851318	/Volumes/SumSung500/CSU/0_HiRES/data/hires/GSE223917_RAW/GSM7003591_OrgcE851318.pairs.gz	E85	blood
OrgcE851320	/Volumes/SumSung500/CSU/0_HiRES/data/hires/GSE223917_RAW/GSM7003593_OrgcE851320.pairs.gz	E85	blood
OrgcE851324	/Volumes/SumSung500/CSU/0_HiRES/data/hires/GSE223917_RAW/GSM7003596_OrgcE851324.pairs.gz	E85	ExE mesoderm
OrgcE851325	/Volumes/SumSung500/CSU/0_HiRES/data/hires/GSE223917_RAW/GSM7003597_OrgcE851325.pairs.gz	E85	NMP
OrgcE851331	/Volumes/SumSung500/CSU/0_HiRES/data/hires/GSE223917_RAW/GSM7003603_OrgcE851331.pairs.gz	E85	blood
OrgcE851332	/Volumes/SumSung500/CSU/0_HiRES/data/hires/GSE223917_RAW/GSM7003604_OrgcE851332.pairs.gz	E85	epithelial cells
OrgcE851335	/Volumes/SumSung500/CSU/0_HiRES/data/hires/GSE223917_RAW/GSM7003606_OrgcE851335.pairs.gz	E85	early mesenchyme
OrgcE851336	/Volumes/SumSung500/CSU/0_HiRES/data/hires/GSE223917_RAW/GSM7003607_OrgcE851336.pairs.gz	E85	mitosis
OrgcE851337	/Volumes/SumSung500/CSU/0_HiRES/data/hires/GSE223917_RAW/GSM7003608_OrgcE851337.pairs.gz	E85	early mesenchyme
OrgcE851338	/Volumes/SumSung500/CSU/0_HiRES/data/hires/GSE223917_RAW/GSM7003609_OrgcE851338.pairs.gz	E85	epithelial cells
OrgcE851340	/Volumes/SumSung500/CSU/0_HiRES/data/hires/GSE223917_RAW/GSM7003611_OrgcE851340.pairs.gz	E85	ExE endoderm
OrgcE851341	/Volumes/SumSung500/CSU/0_HiRES/data/hires/GSE223917_RAW/GSM7003612_OrgcE851341.pairs.gz	E85	epithelial cells
OrgcE851342	/Volumes/SumSung500/CSU/0_HiRES/data/hires/GSE223917_RAW/GSM7003613_OrgcE851342.pairs.gz	E85	blood
OrgcE851343	/Volumes/SumSung500/CSU/0_HiRES/data/hires/GSE223917_RAW/GSM7003614_OrgcE851343.pairs.gz	E85	early mesoderm
OrgcE851344	/Volumes/SumSung500/CSU/0_HiRES/data/hires/GSE223917_RAW/GSM7003615_OrgcE851344.pairs.gz	E85	mitosis
OrgcE851345	/Volumes/SumSung500/CSU/0_HiRES/data/hires/GSE223917_RAW/GSM7003616_OrgcE851345.pairs.gz	E85	neural ectoderm
OrgcE851347	/Volumes/SumSung500/CSU/0_HiRES/data/hires/GSE223917_RAW/GSM7003618_OrgcE851347.pairs.gz	E85	neural tube
OrgcE851348	/Volumes/SumSung500/CSU/0_HiRES/data/hires/GSE223917_RAW/GSM7003619_OrgcE851348.pairs.gz	E85	ExE mesoderm
OrgcE851349	/Volumes/SumSung500/CSU/0_HiRES/data/hires/GSE223917_RAW/GSM7003620_OrgcE851349.pairs.gz	E85	early mesenchyme
OrgcE851351	/Volumes/SumSung500/CSU/0_HiRES/data/hires/GSE223917_RAW/GSM7003622_OrgcE851351.pairs.gz	E85	blood
OrgcE851352	/Volumes/SumSung500/CSU/0_HiRES/data/hires/GSE223917_RAW/GSM7003623_OrgcE851352.pairs.gz	E85	early mesenchyme
OrgcE851354	/Volumes/SumSung500/CSU/0_HiRES/data/hires/GSE223917_RAW/GSM7003625_OrgcE851354.pairs.gz	E85	ExE mesoderm
OrgcE851355	/Volumes/SumSung500/CSU/0_HiRES/data/hires/GSE223917_RAW/GSM7003626_OrgcE851355.pairs.gz	E85	ExE endoderm
OrgcE851356	/Volumes/SumSung500/CSU/0_HiRES/data/hires/GSE223917_RAW/GSM7003627_OrgcE851356.pairs.gz	E85	ExE ectoderm
OrgcE851357	/Volumes/SumSung500/CSU/0_HiRES/data/hires/GSE223917_RAW/GSM7003628_OrgcE851357.pairs.gz	E85	NMP
OrgcE851359	/Volumes/SumSung500/CSU/0_HiRES/data/hires/GSE223917_RAW/GSM7003630_OrgcE851359.pairs.gz	E85	neural tube
OrgcE851362	/Volumes/SumSung500/CSU/0_HiRES/data/hires/GSE223917_RAW/GSM7003632_OrgcE851362.pairs.gz	E85	blood
OrgcE851363	/Volumes/SumSung500/CSU/0_HiRES/data/hires/GSE223917_RAW/GSM7003633_OrgcE851363.pairs.gz	E85	neural tube
OrgcE851366	/Volumes/SumSung500/CSU/0_HiRES/data/hires/GSE223917_RAW/GSM7003636_OrgcE851366.pairs.gz	E85	neural tube
OrgcE851368	/Volumes/SumSung500/CSU/0_HiRES/data/hires/GSE223917_RAW/GSM7003638_OrgcE851368.pairs.gz	E85	ExE endoderm
OrgcE851371	/Volumes/SumSung500/CSU/0_HiRES/data/hires/GSE223917_RAW/GSM7003641_OrgcE851371.pairs.gz	E85	intermediate mesoderm
OrgcE851373	/Volumes/SumSung500/CSU/0_HiRES/data/hires/GSE223917_RAW/GSM7003642_OrgcE851373.pairs.gz	E85	epithelial cells
OrgcE851374	/Volumes/SumSung500/CSU/0_HiRES/data/hires/GSE223917_RAW/GSM7003643_OrgcE851374.pairs.gz	E85	early mesoderm
OrgcE851375	/Volumes/SumSung500/CSU/0_HiRES/data/hires/GSE223917_RAW/GSM7003644_OrgcE851375.pairs.gz	E85	epithelial cells
OrgcE851379	/Volumes/SumSung500/CSU/0_HiRES/data/hires/GSE223917_RAW/GSM7003648_OrgcE851379.pairs.gz	E85	endoderm
OrgcE851381	/Volumes/SumSung500/CSU/0_HiRES/data/hires/GSE223917_RAW/GSM7003650_OrgcE851381.pairs.gz	E85	epithelial cells
OrgcE851382	/Volumes/SumSung500/CSU/0_HiRES/data/hires/GSE223917_RAW/GSM7003651_OrgcE851382.pairs.gz	E85	early mesenchyme
OrgcE851383	/Volumes/SumSung500/CSU/0_HiRES/data/hires/GSE223917_RAW/GSM7003652_OrgcE851383.pairs.gz	E85	blood
OrgcE851384	/Volumes/SumSung500/CSU/0_HiRES/data/hires/GSE223917_RAW/GSM7003653_OrgcE851384.pairs.gz	E85	mitosis
OrgcE952002	/Volumes/SumSung500/CSU/0_HiRES/data/hires/GSE223917_RAW/GSM7003655_OrgcE952002.pairs.gz	E95	notochord
OrgcE952007	/Volumes/SumSung500/CSU/0_HiRES/data/hires/GSE223917_RAW/GSM7003659_OrgcE952007.pairs.gz	E95	intermediate mesoderm
OrgcE952010	/Volumes/SumSung500/CSU/0_HiRES/data/hires/GSE223917_RAW/GSM7003662_OrgcE952010.pairs.gz	E95	ExE endoderm
OrgcE952012	/Volumes/SumSung500/CSU/0_HiRES/data/hires/GSE223917_RAW/GSM7003664_OrgcE952012.pairs.gz	E95	blood
OrgcE952013	/Volumes/SumSung500/CSU/0_HiRES/data/hires/GSE223917_RAW/GSM7003665_OrgcE952013.pairs.gz	E95	early mesenchyme
OrgcE952017	/Volumes/SumSung500/CSU/0_HiRES/data/hires/GSE223917_RAW/GSM7003669_OrgcE952017.pairs.gz	E95	NMP
OrgcE952019	/Volumes/SumSung500/CSU/0_HiRES/data/hires/GSE223917_RAW/GSM7003671_OrgcE952019.pairs.gz	E95	neural tube
OrgcE952022	/Volumes/SumSung500/CSU/0_HiRES/data/hires/GSE223917_RAW/GSM7003674_OrgcE952022.pairs.gz	E95	early mesenchyme
OrgcE952025	/Volumes/SumSung500/CSU/0_HiRES/data/hires/GSE223917_RAW/GSM7003677_OrgcE952025.pairs.gz	E95	epithelial cells
OrgcE952026	/Volumes/SumSung500/CSU/0_HiRES/data/hires/GSE223917_RAW/GSM7003678_OrgcE952026.pairs.gz	E95	oligodendrocytes and progenitors
OrgcE952029	/Volumes/SumSung500/CSU/0_HiRES/data/hires/GSE223917_RAW/GSM7003680_OrgcE952029.pairs.gz	E95	mix late mesenchyme
OrgcE952035	/Volumes/SumSung500/CSU/0_HiRES/data/hires/GSE223917_RAW/GSM7003686_OrgcE952035.pairs.gz	E95	intermediate mesoderm
OrgcE952037	/Volumes/SumSung500/CSU/0_HiRES/data/hires/GSE223917_RAW/GSM7003688_OrgcE952037.pairs.gz	E95	neural tube
OrgcE952039	/Volumes/SumSung500/CSU/0_HiRES/data/hires/GSE223917_RAW/GSM7003690_OrgcE952039.pairs.gz	E95	early mesenchyme
OrgcE952045	/Volumes/SumSung500/CSU/0_HiRES/data/hires/GSE223917_RAW/GSM7003696_OrgcE952045.pairs.gz	E95	radial glias
OrgcE952050	/Volumes/SumSung500/CSU/0_HiRES/data/hires/GSE223917_RAW/GSM7003701_OrgcE952050.pairs.gz	E95	NMP
OrgcE952051	/Volumes/SumSung500/CSU/0_HiRES/data/hires/GSE223917_RAW/GSM7003702_OrgcE952051.pairs.gz	E95	mix late mesenchyme
OrgcE952052	/Volumes/SumSung500/CSU/0_HiRES/data/hires/GSE223917_RAW/GSM7003703_OrgcE952052.pairs.gz	E95	notochord
OrgcE952053	/Volumes/SumSung500/CSU/0_HiRES/data/hires/GSE223917_RAW/GSM7003704_OrgcE952053.pairs.gz	E95	notochord
OrgcE952054	/Volumes/SumSung500/CSU/0_HiRES/data/hires/GSE223917_RAW/GSM7003705_OrgcE952054.pairs.gz	E95	early neurons
OrgcE952055	/Volumes/SumSung500/CSU/0_HiRES/data/hires/GSE223917_RAW/GSM7003706_OrgcE952055.pairs.gz	E95	epithelial cells
OrgcE952058	/Volumes/SumSung500/CSU/0_HiRES/data/hires/GSE223917_RAW/GSM7003709_OrgcE952058.pairs.gz	E95	early mesenchyme
OrgcE952059	/Volumes/SumSung500/CSU/0_HiRES/data/hires/GSE223917_RAW/GSM7003710_OrgcE952059.pairs.gz	E95	blood
OrgcE952061	/Volumes/SumSung500/CSU/0_HiRES/data/hires/GSE223917_RAW/GSM7003712_OrgcE952061.pairs.gz	E95	radial glias
OrgcE952071	/Volumes/SumSung500/CSU/0_HiRES/data/hires/GSE223917_RAW/GSM7003722_OrgcE952071.pairs.gz	E95	intermediate mesoderm
OrgcE952072	/Volumes/SumSung500/CSU/0_HiRES/data/hires/GSE223917_RAW/GSM7003723_OrgcE952072.pairs.gz	E95	epithelial cells
OrgcE952075	/Volumes/SumSung500/CSU/0_HiRES/data/hires/GSE223917_RAW/GSM7003726_OrgcE952075.pairs.gz	E95	blood
OrgcE952076	/Volumes/SumSung500/CSU/0_HiRES/data/hires/GSE223917_RAW/GSM7003727_OrgcE952076.pairs.gz	E95	intermediate mesoderm
OrgcE952081	/Volumes/SumSung500/CSU/0_HiRES/data/hires/GSE223917_RAW/GSM7003732_OrgcE952081.pairs.gz	E95	intermediate mesoderm
OrgcE952082	/Volumes/SumSung500/CSU/0_HiRES/data/hires/GSE223917_RAW/GSM7003733_OrgcE952082.pairs.gz	E95	epithelial cells
OrgcE952084	/Volumes/SumSung500/CSU/0_HiRES/data/hires/GSE223917_RAW/GSM7003735_OrgcE952084.pairs.gz	E95	early mesenchyme
OrgcE952085	/Volumes/SumSung500/CSU/0_HiRES/data/hires/GSE223917_RAW/GSM7003736_OrgcE952085.pairs.gz	E95	blood
OrgcE952088	/Volumes/SumSung500/CSU/0_HiRES/data/hires/GSE223917_RAW/GSM7003739_OrgcE952088.pairs.gz	E95	blood
OrgcE952090	/Volumes/SumSung500/CSU/0_HiRES/data/hires/GSE223917_RAW/GSM7003741_OrgcE952090.pairs.gz	E95	NMP
OrgcE952091	/Volumes/SumSung500/CSU/0_HiRES/data/hires/GSE223917_RAW/GSM7003742_OrgcE952091.pairs.gz	E95	ExE mesoderm
OrgcE952092	/Volumes/SumSung500/CSU/0_HiRES/data/hires/GSE223917_RAW/GSM7003743_OrgcE952092.pairs.gz	E95	intermediate mesoderm
OrgcE952093	/Volumes/SumSung500/CSU/0_HiRES/data/hires/GSE223917_RAW/GSM7003744_OrgcE952093.pairs.gz	E95	intermediate mesoderm
OrgcE952104	/Volumes/SumSung500/CSU/0_HiRES/data/hires/GSE223917_RAW/GSM7003755_OrgcE952104.pairs.gz	E95	oligodendrocytes and progenitors
OrgcE952107	/Volumes/SumSung500/CSU/0_HiRES/data/hires/GSE223917_RAW/GSM7003758_OrgcE952107.pairs.gz	E95	intermediate mesoderm
OrgcE952112	/Volumes/SumSung500/CSU/0_HiRES/data/hires/GSE223917_RAW/GSM7003762_OrgcE952112.pairs.gz	E95	mix late mesenchyme
OrgcE952113	/Volumes/SumSung500/CSU/0_HiRES/data/hires/GSE223917_RAW/GSM7003763_OrgcE952113.pairs.gz	E95	NMP
OrgcE952114	/Volumes/SumSung500/CSU/0_HiRES/data/hires/GSE223917_RAW/GSM7003764_OrgcE952114.pairs.gz	E95	radial glias
OrgcE952118	/Volumes/SumSung500/CSU/0_HiRES/data/hires/GSE223917_RAW/GSM7003768_OrgcE952118.pairs.gz	E95	intermediate mesoderm
OrgcE952120	/Volumes/SumSung500/CSU/0_HiRES/data/hires/GSE223917_RAW/GSM7003770_OrgcE952120.pairs.gz	E95	mitosis
OrgcE952122	/Volumes/SumSung500/CSU/0_HiRES/data/hires/GSE223917_RAW/GSM7003772_OrgcE952122.pairs.gz	E95	notochord
OrgcE952127	/Volumes/SumSung500/CSU/0_HiRES/data/hires/GSE223917_RAW/GSM7003777_OrgcE952127.pairs.gz	E95	mitosis
OrgcE952129	/Volumes/SumSung500/CSU/0_HiRES/data/hires/GSE223917_RAW/GSM7003779_OrgcE952129.pairs.gz	E95	epithelial cells
OrgcE952137	/Volumes/SumSung500/CSU/0_HiRES/data/hires/GSE223917_RAW/GSM7003787_OrgcE952137.pairs.gz	E95	mix late mesenchyme
OrgcE952139	/Volumes/SumSung500/CSU/0_HiRES/data/hires/GSE223917_RAW/GSM7003789_OrgcE952139.pairs.gz	E95	intermediate mesoderm
OrgcE952145	/Volumes/SumSung500/CSU/0_HiRES/data/hires/GSE223917_RAW/GSM7003795_OrgcE952145.pairs.gz	E95	blood
OrgcE952146	/Volumes/SumSung500/CSU/0_HiRES/data/hires/GSE223917_RAW/GSM7003796_OrgcE952146.pairs.gz	E95	notochord
OrgcE952151	/Volumes/SumSung500/CSU/0_HiRES/data/hires/GSE223917_RAW/GSM7003801_OrgcE952151.pairs.gz	E95	radial glias
OrgcE952156	/Volumes/SumSung500/CSU/0_HiRES/data/hires/GSE223917_RAW/GSM7003806_OrgcE952156.pairs.gz	E95	early mesoderm
OrgcE952160	/Volumes/SumSung500/CSU/0_HiRES/data/hires/GSE223917_RAW/GSM7003810_OrgcE952160.pairs.gz	E95	epithelial cells
OrgcE952162	/Volumes/SumSung500/CSU/0_HiRES/data/hires/GSE223917_RAW/GSM7003812_OrgcE952162.pairs.gz	E95	radial glias
OrgcE952163	/Volumes/SumSung500/CSU/0_HiRES/data/hires/GSE223917_RAW/GSM7003813_OrgcE952163.pairs.gz	E95	intermediate mesoderm
OrgcE952164	/Volumes/SumSung500/CSU/0_HiRES/data/hires/GSE223917_RAW/GSM7003814_OrgcE952164.pairs.gz	E95	oligodendrocytes and progenitors
OrgcE952169	/Volumes/SumSung500/CSU/0_HiRES/data/hires/GSE223917_RAW/GSM7003819_OrgcE952169.pairs.gz	E95	ExE mesoderm
OrgcE952171	/Volumes/SumSung500/CSU/0_HiRES/data/hires/GSE223917_RAW/GSM7003821_OrgcE952171.pairs.gz	E95	intermediate mesoderm
OrgcE952172	/Volumes/SumSung500/CSU/0_HiRES/data/hires/GSE223917_RAW/GSM7003822_OrgcE952172.pairs.gz	E95	mitosis
OrgcE952176	/Volumes/SumSung500/CSU/0_HiRES/data/hires/GSE223917_RAW/GSM7003826_OrgcE952176.pairs.gz	E95	epithelial cells
OrgcE952180	/Volumes/SumSung500/CSU/0_HiRES/data/hires/GSE223917_RAW/GSM7003830_OrgcE952180.pairs.gz	E95	oligodendrocytes and progenitors
OrgcE952182	/Volumes/SumSung500/CSU/0_HiRES/data/hires/GSE223917_RAW/GSM7003832_OrgcE952182.pairs.gz	E95	notochord
OrgcE952185	/Volumes/SumSung500/CSU/0_HiRES/data/hires/GSE223917_RAW/GSM7003835_OrgcE952185.pairs.gz	E95	radial glias
OrgcE952186	/Volumes/SumSung500/CSU/0_HiRES/data/hires/GSE223917_RAW/GSM7003836_OrgcE952186.pairs.gz	E95	notochord
OrgcE952190	/Volumes/SumSung500/CSU/0_HiRES/data/hires/GSE223917_RAW/GSM7003840_OrgcE952190.pairs.gz	E95	intermediate mesoderm
OrgcE952191	/Volumes/SumSung500/CSU/0_HiRES/data/hires/GSE223917_RAW/GSM7003841_OrgcE952191.pairs.gz	E95	radial glias
OrgcE952193	/Volumes/SumSung500/CSU/0_HiRES/data/hires/GSE223917_RAW/GSM7003842_OrgcE952193.pairs.gz	E95	neural tube
OrgcE952196	/Volumes/SumSung500/CSU/0_HiRES/data/hires/GSE223917_RAW/GSM7003845_OrgcE952196.pairs.gz	E95	early mesenchyme
OrgcE952200	/Volumes/SumSung500/CSU/0_HiRES/data/hires/GSE223917_RAW/GSM7003849_OrgcE952200.pairs.gz	E95	intermediate mesoderm
OrgcE952202	/Volumes/SumSung500/CSU/0_HiRES/data/hires/GSE223917_RAW/GSM7003851_OrgcE952202.pairs.gz	E95	mix late mesenchyme
OrgcE952208	/Volumes/SumSung500/CSU/0_HiRES/data/hires/GSE223917_RAW/GSM7003857_OrgcE952208.pairs.gz	E95	neural tube
OrgcE952211	/Volumes/SumSung500/CSU/0_HiRES/data/hires/GSE223917_RAW/GSM7003860_OrgcE952211.pairs.gz	E95	early mesenchyme
OrgcE952216	/Volumes/SumSung500/CSU/0_HiRES/data/hires/GSE223917_RAW/GSM7003865_OrgcE952216.pairs.gz	E95	epithelial cells
OrgcE952218	/Volumes/SumSung500/CSU/0_HiRES/data/hires/GSE223917_RAW/GSM7003867_OrgcE952218.pairs.gz	E95	intermediate mesoderm
OrgcE952220	/Volumes/SumSung500/CSU/0_HiRES/data/hires/GSE223917_RAW/GSM7003869_OrgcE952220.pairs.gz	E95	mitosis
OrgcE952222	/Volumes/SumSung500/CSU/0_HiRES/data/hires/GSE223917_RAW/GSM7003871_OrgcE952222.pairs.gz	E95	mitosis
OrgcE952226	/Volumes/SumSung500/CSU/0_HiRES/data/hires/GSE223917_RAW/GSM7003875_OrgcE952226.pairs.gz	E95	blood
OrgcE952228	/Volumes/SumSung500/CSU/0_HiRES/data/hires/GSE223917_RAW/GSM7003877_OrgcE952228.pairs.gz	E95	blood
OrgcE952230	/Volumes/SumSung500/CSU/0_HiRES/data/hires/GSE223917_RAW/GSM7003879_OrgcE952230.pairs.gz	E95	early mesenchyme
OrgcE952235	/Volumes/SumSung500/CSU/0_HiRES/data/hires/GSE223917_RAW/GSM7003884_OrgcE952235.pairs.gz	E95	schwann cell precursors
OrgcE952237	/Volumes/SumSung500/CSU/0_HiRES/data/hires/GSE223917_RAW/GSM7003886_OrgcE952237.pairs.gz	E95	blood
OrgcE952242	/Volumes/SumSung500/CSU/0_HiRES/data/hires/GSE223917_RAW/GSM7003890_OrgcE952242.pairs.gz	E95	mitosis
OrgcE952247	/Volumes/SumSung500/CSU/0_HiRES/data/hires/GSE223917_RAW/GSM7003894_OrgcE952247.pairs.gz	E95	neural tube
OrgcE952249	/Volumes/SumSung500/CSU/0_HiRES/data/hires/GSE223917_RAW/GSM7003896_OrgcE952249.pairs.gz	E95	NMP
OrgcE952250	/Volumes/SumSung500/CSU/0_HiRES/data/hires/GSE223917_RAW/GSM7003897_OrgcE952250.pairs.gz	E95	mitosis
OrgcE952252	/Volumes/SumSung500/CSU/0_HiRES/data/hires/GSE223917_RAW/GSM7003899_OrgcE952252.pairs.gz	E95	notochord
OrgcE952258	/Volumes/SumSung500/CSU/0_HiRES/data/hires/GSE223917_RAW/GSM7003904_OrgcE952258.pairs.gz	E95	endoderm
OrgcE952261	/Volumes/SumSung500/CSU/0_HiRES/data/hires/GSE223917_RAW/GSM7003907_OrgcE952261.pairs.gz	E95	early mesenchyme
OrgcE952264	/Volumes/SumSung500/CSU/0_HiRES/data/hires/GSE223917_RAW/GSM7003910_OrgcE952264.pairs.gz	E95	intermediate mesoderm
OrgcE952265	/Volumes/SumSung500/CSU/0_HiRES/data/hires/GSE223917_RAW/GSM7003911_OrgcE952265.pairs.gz	E95	mix late mesenchyme
OrgcE952266	/Volumes/SumSung500/CSU/0_HiRES/data/hires/GSE223917_RAW/GSM7003912_OrgcE952266.pairs.gz	E95	epithelial cells
OrgcE952271	/Volumes/SumSung500/CSU/0_HiRES/data/hires/GSE223917_RAW/GSM7003916_OrgcE952271.pairs.gz	E95	intermediate mesoderm
OrgcE952274	/Volumes/SumSung500/CSU/0_HiRES/data/hires/GSE223917_RAW/GSM7003919_OrgcE952274.pairs.gz	E95	intermediate mesoderm
OrgcE952276	/Volumes/SumSung500/CSU/0_HiRES/data/hires/GSE223917_RAW/GSM7003921_OrgcE952276.pairs.gz	E95	early neurons
OrgcE952280	/Volumes/SumSung500/CSU/0_HiRES/data/hires/GSE223917_RAW/GSM7003925_OrgcE952280.pairs.gz	E95	neural tube
OrgcE952289	/Volumes/SumSung500/CSU/0_HiRES/data/hires/GSE223917_RAW/GSM7003934_OrgcE952289.pairs.gz	E95	NMP
OrgcE952293	/Volumes/SumSung500/CSU/0_HiRES/data/hires/GSE223917_RAW/GSM7003938_OrgcE952293.pairs.gz	E95	mix late mesenchyme
OrgcE952295	/Volumes/SumSung500/CSU/0_HiRES/data/hires/GSE223917_RAW/GSM7003939_OrgcE952295.pairs.gz	E95	mix late mesenchyme
OrgcE952298	/Volumes/SumSung500/CSU/0_HiRES/data/hires/GSE223917_RAW/GSM7003942_OrgcE952298.pairs.gz	E95	early mesenchyme
OrgcE952305	/Volumes/SumSung500/CSU/0_HiRES/data/hires/GSE223917_RAW/GSM7003949_OrgcE952305.pairs.gz	E95	intermediate mesoderm
OrgcE952306	/Volumes/SumSung500/CSU/0_HiRES/data/hires/GSE223917_RAW/GSM7003950_OrgcE952306.pairs.gz	E95	blood
OrgcE952308	/Volumes/SumSung500/CSU/0_HiRES/data/hires/GSE223917_RAW/GSM7003952_OrgcE952308.pairs.gz	E95	mitosis
OrgcE952312	/Volumes/SumSung500/CSU/0_HiRES/data/hires/GSE223917_RAW/GSM7003956_OrgcE952312.pairs.gz	E95	mitosis
OrgcE952313	/Volumes/SumSung500/CSU/0_HiRES/data/hires/GSE223917_RAW/GSM7003957_OrgcE952313.pairs.gz	E95	mix late mesenchyme
OrgcE952316	/Volumes/SumSung500/CSU/0_HiRES/data/hires/GSE223917_RAW/GSM7003960_OrgcE952316.pairs.gz	E95	notochord
OrgcE952318	/Volumes/SumSung500/CSU/0_HiRES/data/hires/GSE223917_RAW/GSM7003962_OrgcE952318.pairs.gz	E95	radial glias
OrgcE952319	/Volumes/SumSung500/CSU/0_HiRES/data/hires/GSE223917_RAW/GSM7003963_OrgcE952319.pairs.gz	E95	notochord
OrgcE952321	/Volumes/SumSung500/CSU/0_HiRES/data/hires/GSE223917_RAW/GSM7003965_OrgcE952321.pairs.gz	E95	early mesenchyme
OrgcE952324	/Volumes/SumSung500/CSU/0_HiRES/data/hires/GSE223917_RAW/GSM7003968_OrgcE952324.pairs.gz	E95	mitosis
OrgcE952326	/Volumes/SumSung500/CSU/0_HiRES/data/hires/GSE223917_RAW/GSM7003970_OrgcE952326.pairs.gz	E95	epithelial cells
OrgcE952329	/Volumes/SumSung500/CSU/0_HiRES/data/hires/GSE223917_RAW/GSM7003973_OrgcE952329.pairs.gz	E95	mitosis
OrgcE952331	/Volumes/SumSung500/CSU/0_HiRES/data/hires/GSE223917_RAW/GSM7003975_OrgcE952331.pairs.gz	E95	notochord
OrgcE952333	/Volumes/SumSung500/CSU/0_HiRES/data/hires/GSE223917_RAW/GSM7003977_OrgcE952333.pairs.gz	E95	epithelial cells
OrgcE952334	/Volumes/SumSung500/CSU/0_HiRES/data/hires/GSE223917_RAW/GSM7003978_OrgcE952334.pairs.gz	E95	mitosis
OrgcE952335	/Volumes/SumSung500/CSU/0_HiRES/data/hires/GSE223917_RAW/GSM7003979_OrgcE952335.pairs.gz	E95	mix late mesenchyme
OrgcE952337	/Volumes/SumSung500/CSU/0_HiRES/data/hires/GSE223917_RAW/GSM7003981_OrgcE952337.pairs.gz	E95	intermediate mesoderm
OrgcE952340	/Volumes/SumSung500/CSU/0_HiRES/data/hires/GSE223917_RAW/GSM7003984_OrgcE952340.pairs.gz	E95	mitosis
OrgcE952347	/Volumes/SumSung500/CSU/0_HiRES/data/hires/GSE223917_RAW/GSM7003991_OrgcE952347.pairs.gz	E95	intermediate mesoderm
OrgcE952348	/Volumes/SumSung500/CSU/0_HiRES/data/hires/GSE223917_RAW/GSM7003992_OrgcE952348.pairs.gz	E95	early mesenchyme
OrgcE952350	/Volumes/SumSung500/CSU/0_HiRES/data/hires/GSE223917_RAW/GSM7003994_OrgcE952350.pairs.gz	E95	NMP
OrgcE952354	/Volumes/SumSung500/CSU/0_HiRES/data/hires/GSE223917_RAW/GSM7003998_OrgcE952354.pairs.gz	E95	early neurons
OrgcE952355	/Volumes/SumSung500/CSU/0_HiRES/data/hires/GSE223917_RAW/GSM7003999_OrgcE952355.pairs.gz	E95	mitosis
OrgcE952356	/Volumes/SumSung500/CSU/0_HiRES/data/hires/GSE223917_RAW/GSM7004000_OrgcE952356.pairs.gz	E95	neural tube
OrgcE952360	/Volumes/SumSung500/CSU/0_HiRES/data/hires/GSE223917_RAW/GSM7004003_OrgcE952360.pairs.gz	E95	blood
OrgcE952361	/Volumes/SumSung500/CSU/0_HiRES/data/hires/GSE223917_RAW/GSM7004004_OrgcE952361.pairs.gz	E95	mix late mesenchyme
OrgcE952363	/Volumes/SumSung500/CSU/0_HiRES/data/hires/GSE223917_RAW/GSM7004006_OrgcE952363.pairs.gz	E95	blood
OrgcE952364	/Volumes/SumSung500/CSU/0_HiRES/data/hires/GSE223917_RAW/GSM7004007_OrgcE952364.pairs.gz	E95	mix late mesenchyme
OrgcE952365	/Volumes/SumSung500/CSU/0_HiRES/data/hires/GSE223917_RAW/GSM7004008_OrgcE952365.pairs.gz	E95	notochord
OrgcE952373	/Volumes/SumSung500/CSU/0_HiRES/data/hires/GSE223917_RAW/GSM7004016_OrgcE952373.pairs.gz	E95	intermediate mesoderm
OrgcE952375	/Volumes/SumSung500/CSU/0_HiRES/data/hires/GSE223917_RAW/GSM7004018_OrgcE952375.pairs.gz	E95	notochord
OrgcE952377	/Volumes/SumSung500/CSU/0_HiRES/data/hires/GSE223917_RAW/GSM7004020_OrgcE952377.pairs.gz	E95	mix late mesenchyme
OrgcE952380	/Volumes/SumSung500/CSU/0_HiRES/data/hires/GSE223917_RAW/GSM7004023_OrgcE952380.pairs.gz	E95	notochord
OrgcE952381	/Volumes/SumSung500/CSU/0_HiRES/data/hires/GSE223917_RAW/GSM7004024_OrgcE952381.pairs.gz	E95	radial glias
OrgcE953004	/Volumes/SumSung500/CSU/0_HiRES/data/hires/GSE223917_RAW/GSM7004031_OrgcE953004.pairs.gz	E95	mix late mesenchyme
OrgcE953006	/Volumes/SumSung500/CSU/0_HiRES/data/hires/GSE223917_RAW/GSM7004033_OrgcE953006.pairs.gz	E95	early mesenchyme
OrgcE953009	/Volumes/SumSung500/CSU/0_HiRES/data/hires/GSE223917_RAW/GSM7004036_OrgcE953009.pairs.gz	E95	radial glias
OrgcE953012	/Volumes/SumSung500/CSU/0_HiRES/data/hires/GSE223917_RAW/GSM7004039_OrgcE953012.pairs.gz	E95	schwann cell precursors
OrgcE953017	/Volumes/SumSung500/CSU/0_HiRES/data/hires/GSE223917_RAW/GSM7004044_OrgcE953017.pairs.gz	E95	mitosis
OrgcE953020	/Volumes/SumSung500/CSU/0_HiRES/data/hires/GSE223917_RAW/GSM7004047_OrgcE953020.pairs.gz	E95	mitosis
OrgcE953022	/Volumes/SumSung500/CSU/0_HiRES/data/hires/GSE223917_RAW/GSM7004049_OrgcE953022.pairs.gz	E95	epithelial cells
OrgcE953024	/Volumes/SumSung500/CSU/0_HiRES/data/hires/GSE223917_RAW/GSM7004051_OrgcE953024.pairs.gz	E95	radial glias
OrgcE953025	/Volumes/SumSung500/CSU/0_HiRES/data/hires/GSE223917_RAW/GSM7004052_OrgcE953025.pairs.gz	E95	oligodendrocytes and progenitors
OrgcE953027	/Volumes/SumSung500/CSU/0_HiRES/data/hires/GSE223917_RAW/GSM7004054_OrgcE953027.pairs.gz	E95	notochord
OrgcE953030	/Volumes/SumSung500/CSU/0_HiRES/data/hires/GSE223917_RAW/GSM7004057_OrgcE953030.pairs.gz	E95	notochord
OrgcE953031	/Volumes/SumSung500/CSU/0_HiRES/data/hires/GSE223917_RAW/GSM7004058_OrgcE953031.pairs.gz	E95	mitosis
OrgcE953034	/Volumes/SumSung500/CSU/0_HiRES/data/hires/GSE223917_RAW/GSM7004061_OrgcE953034.pairs.gz	E95	mitosis
OrgcE953035	/Volumes/SumSung500/CSU/0_HiRES/data/hires/GSE223917_RAW/GSM7004062_OrgcE953035.pairs.gz	E95	early neurons
OrgcE953036	/Volumes/SumSung500/CSU/0_HiRES/data/hires/GSE223917_RAW/GSM7004063_OrgcE953036.pairs.gz	E95	radial glias
OrgcE953037	/Volumes/SumSung500/CSU/0_HiRES/data/hires/GSE223917_RAW/GSM7004064_OrgcE953037.pairs.gz	E95	early neurons
OrgcE953040	/Volumes/SumSung500/CSU/0_HiRES/data/hires/GSE223917_RAW/GSM7004067_OrgcE953040.pairs.gz	E95	early neurons
OrgcE953041	/Volumes/SumSung500/CSU/0_HiRES/data/hires/GSE223917_RAW/GSM7004068_OrgcE953041.pairs.gz	E95	notochord
OrgcE953043	/Volumes/SumSung500/CSU/0_HiRES/data/hires/GSE223917_RAW/GSM7004070_OrgcE953043.pairs.gz	E95	mix late mesenchyme
OrgcE953045	/Volumes/SumSung500/CSU/0_HiRES/data/hires/GSE223917_RAW/GSM7004072_OrgcE953045.pairs.gz	E95	radial glias
OrgcE953046	/Volumes/SumSung500/CSU/0_HiRES/data/hires/GSE223917_RAW/GSM7004073_OrgcE953046.pairs.gz	E95	radial glias
OrgcE953049	/Volumes/SumSung500/CSU/0_HiRES/data/hires/GSE223917_RAW/GSM7004076_OrgcE953049.pairs.gz	E95	early mesoderm
OrgcE953052	/Volumes/SumSung500/CSU/0_HiRES/data/hires/GSE223917_RAW/GSM7004079_OrgcE953052.pairs.gz	E95	early neurons
OrgcE953055	/Volumes/SumSung500/CSU/0_HiRES/data/hires/GSE223917_RAW/GSM7004082_OrgcE953055.pairs.gz	E95	mitosis
OrgcE953056	/Volumes/SumSung500/CSU/0_HiRES/data/hires/GSE223917_RAW/GSM7004083_OrgcE953056.pairs.gz	E95	mix late mesenchyme
OrgcE953058	/Volumes/SumSung500/CSU/0_HiRES/data/hires/GSE223917_RAW/GSM7004085_OrgcE953058.pairs.gz	E95	intermediate mesoderm
OrgcE953060	/Volumes/SumSung500/CSU/0_HiRES/data/hires/GSE223917_RAW/GSM7004087_OrgcE953060.pairs.gz	E95	early mesenchyme
OrgcE953061	/Volumes/SumSung500/CSU/0_HiRES/data/hires/GSE223917_RAW/GSM7004088_OrgcE953061.pairs.gz	E95	radial glias
OrgcE953062	/Volumes/SumSung500/CSU/0_HiRES/data/hires/GSE223917_RAW/GSM7004089_OrgcE953062.pairs.gz	E95	early neurons
OrgcE953066	/Volumes/SumSung500/CSU/0_HiRES/data/hires/GSE223917_RAW/GSM7004093_OrgcE953066.pairs.gz	E95	mix late mesenchyme
OrgcE953069	/Volumes/SumSung500/CSU/0_HiRES/data/hires/GSE223917_RAW/GSM7004096_OrgcE953069.pairs.gz	E95	mix late mesenchyme
OrgcE953071	/Volumes/SumSung500/CSU/0_HiRES/data/hires/GSE223917_RAW/GSM7004098_OrgcE953071.pairs.gz	E95	mix late mesenchyme
OrgcE953073	/Volumes/SumSung500/CSU/0_HiRES/data/hires/GSE223917_RAW/GSM7004100_OrgcE953073.pairs.gz	E95	intermediate mesoderm
OrgcE953075	/Volumes/SumSung500/CSU/0_HiRES/data/hires/GSE223917_RAW/GSM7004102_OrgcE953075.pairs.gz	E95	schwann cell precursors
OrgcE953078	/Volumes/SumSung500/CSU/0_HiRES/data/hires/GSE223917_RAW/GSM7004105_OrgcE953078.pairs.gz	E95	early neurons
OrgcE953080	/Volumes/SumSung500/CSU/0_HiRES/data/hires/GSE223917_RAW/GSM7004107_OrgcE953080.pairs.gz	E95	early neurons
OrgcE953081	/Volumes/SumSung500/CSU/0_HiRES/data/hires/GSE223917_RAW/GSM7004108_OrgcE953081.pairs.gz	E95	mix late mesenchyme
OrgcE953083	/Volumes/SumSung500/CSU/0_HiRES/data/hires/GSE223917_RAW/GSM7004110_OrgcE953083.pairs.gz	E95	radial glias
OrgcE953084	/Volumes/SumSung500/CSU/0_HiRES/data/hires/GSE223917_RAW/GSM7004111_OrgcE953084.pairs.gz	E95	radial glias
OrgcE953086	/Volumes/SumSung500/CSU/0_HiRES/data/hires/GSE223917_RAW/GSM7004113_OrgcE953086.pairs.gz	E95	early mesenchyme
OrgcE953087	/Volumes/SumSung500/CSU/0_HiRES/data/hires/GSE223917_RAW/GSM7004114_OrgcE953087.pairs.gz	E95	radial glias
OrgcE953093	/Volumes/SumSung500/CSU/0_HiRES/data/hires/GSE223917_RAW/GSM7004120_OrgcE953093.pairs.gz	E95	notochord
OrgcE953094	/Volumes/SumSung500/CSU/0_HiRES/data/hires/GSE223917_RAW/GSM7004121_OrgcE953094.pairs.gz	E95	oligodendrocytes and progenitors
OrgcE953095	/Volumes/SumSung500/CSU/0_HiRES/data/hires/GSE223917_RAW/GSM7004122_OrgcE953095.pairs.gz	E95	mix late mesenchyme
OrgcE953096	/Volumes/SumSung500/CSU/0_HiRES/data/hires/GSE223917_RAW/GSM7004123_OrgcE953096.pairs.gz	E95	intermediate mesoderm
OrgcE953097	/Volumes/SumSung500/CSU/0_HiRES/data/hires/GSE223917_RAW/GSM7004124_OrgcE953097.pairs.gz	E95	blood
OrgcE953098	/Volumes/SumSung500/CSU/0_HiRES/data/hires/GSE223917_RAW/GSM7004125_OrgcE953098.pairs.gz	E95	mix late mesenchyme
OrgcE953100	/Volumes/SumSung500/CSU/0_HiRES/data/hires/GSE223917_RAW/GSM7004127_OrgcE953100.pairs.gz	E95	radial glias
OrgcE953101	/Volumes/SumSung500/CSU/0_HiRES/data/hires/GSE223917_RAW/GSM7004128_OrgcE953101.pairs.gz	E95	mix late mesenchyme
OrgcE953103	/Volumes/SumSung500/CSU/0_HiRES/data/hires/GSE223917_RAW/GSM7004130_OrgcE953103.pairs.gz	E95	epithelial cells
OrgcE953104	/Volumes/SumSung500/CSU/0_HiRES/data/hires/GSE223917_RAW/GSM7004131_OrgcE953104.pairs.gz	E95	mitosis
OrgcE953106	/Volumes/SumSung500/CSU/0_HiRES/data/hires/GSE223917_RAW/GSM7004133_OrgcE953106.pairs.gz	E95	mix late mesenchyme
OrgcE953107	/Volumes/SumSung500/CSU/0_HiRES/data/hires/GSE223917_RAW/GSM7004134_OrgcE953107.pairs.gz	E95	blood
OrgcE953109	/Volumes/SumSung500/CSU/0_HiRES/data/hires/GSE223917_RAW/GSM7004136_OrgcE953109.pairs.gz	E95	mitosis
OrgcE953110	/Volumes/SumSung500/CSU/0_HiRES/data/hires/GSE223917_RAW/GSM7004137_OrgcE953110.pairs.gz	E95	early mesenchyme
OrgcE953112	/Volumes/SumSung500/CSU/0_HiRES/data/hires/GSE223917_RAW/GSM7004139_OrgcE953112.pairs.gz	E95	epithelial cells
OrgcE953113	/Volumes/SumSung500/CSU/0_HiRES/data/hires/GSE223917_RAW/GSM7004140_OrgcE953113.pairs.gz	E95	notochord
OrgcE953115	/Volumes/SumSung500/CSU/0_HiRES/data/hires/GSE223917_RAW/GSM7004142_OrgcE953115.pairs.gz	E95	notochord
OrgcE953120	/Volumes/SumSung500/CSU/0_HiRES/data/hires/GSE223917_RAW/GSM7004147_OrgcE953120.pairs.gz	E95	mix late mesenchyme
OrgcE953123	/Volumes/SumSung500/CSU/0_HiRES/data/hires/GSE223917_RAW/GSM7004150_OrgcE953123.pairs.gz	E95	schwann cell precursors
OrgcE953124	/Volumes/SumSung500/CSU/0_HiRES/data/hires/GSE223917_RAW/GSM7004151_OrgcE953124.pairs.gz	E95	radial glias
OrgcE953127	/Volumes/SumSung500/CSU/0_HiRES/data/hires/GSE223917_RAW/GSM7004154_OrgcE953127.pairs.gz	E95	mix late mesenchyme
OrgcE953128	/Volumes/SumSung500/CSU/0_HiRES/data/hires/GSE223917_RAW/GSM7004155_OrgcE953128.pairs.gz	E95	notochord
OrgcE953129	/Volumes/SumSung500/CSU/0_HiRES/data/hires/GSE223917_RAW/GSM7004156_OrgcE953129.pairs.gz	E95	early mesoderm
OrgcE953130	/Volumes/SumSung500/CSU/0_HiRES/data/hires/GSE223917_RAW/GSM7004157_OrgcE953130.pairs.gz	E95	notochord
OrgcE953132	/Volumes/SumSung500/CSU/0_HiRES/data/hires/GSE223917_RAW/GSM7004159_OrgcE953132.pairs.gz	E95	radial glias
OrgcE953136	/Volumes/SumSung500/CSU/0_HiRES/data/hires/GSE223917_RAW/GSM7004162_OrgcE953136.pairs.gz	E95	intermediate mesoderm
OrgcE953138	/Volumes/SumSung500/CSU/0_HiRES/data/hires/GSE223917_RAW/GSM7004164_OrgcE953138.pairs.gz	E95	intermediate mesoderm
OrgcE953139	/Volumes/SumSung500/CSU/0_HiRES/data/hires/GSE223917_RAW/GSM7004165_OrgcE953139.pairs.gz	E95	mix late mesenchyme
OrgcE953140	/Volumes/SumSung500/CSU/0_HiRES/data/hires/GSE223917_RAW/GSM7004166_OrgcE953140.pairs.gz	E95	early mesenchyme
OrgcE953142	/Volumes/SumSung500/CSU/0_HiRES/data/hires/GSE223917_RAW/GSM7004168_OrgcE953142.pairs.gz	E95	notochord
OrgcE953144	/Volumes/SumSung500/CSU/0_HiRES/data/hires/GSE223917_RAW/GSM7004170_OrgcE953144.pairs.gz	E95	radial glias
OrgcE953145	/Volumes/SumSung500/CSU/0_HiRES/data/hires/GSE223917_RAW/GSM7004171_OrgcE953145.pairs.gz	E95	radial glias
OrgcE953146	/Volumes/SumSung500/CSU/0_HiRES/data/hires/GSE223917_RAW/GSM7004172_OrgcE953146.pairs.gz	E95	early neurons
OrgcE953147	/Volumes/SumSung500/CSU/0_HiRES/data/hires/GSE223917_RAW/GSM7004173_OrgcE953147.pairs.gz	E95	epithelial cells
OrgcE953149	/Volumes/SumSung500/CSU/0_HiRES/data/hires/GSE223917_RAW/GSM7004175_OrgcE953149.pairs.gz	E95	radial glias
OrgcE953155	/Volumes/SumSung500/CSU/0_HiRES/data/hires/GSE223917_RAW/GSM7004181_OrgcE953155.pairs.gz	E95	notochord
OrgcE953156	/Volumes/SumSung500/CSU/0_HiRES/data/hires/GSE223917_RAW/GSM7004182_OrgcE953156.pairs.gz	E95	notochord
OrgcE953157	/Volumes/SumSung500/CSU/0_HiRES/data/hires/GSE223917_RAW/GSM7004183_OrgcE953157.pairs.gz	E95	schwann cell precursors
OrgcE953158	/Volumes/SumSung500/CSU/0_HiRES/data/hires/GSE223917_RAW/GSM7004184_OrgcE953158.pairs.gz	E95	radial glias
OrgcE953159	/Volumes/SumSung500/CSU/0_HiRES/data/hires/GSE223917_RAW/GSM7004185_OrgcE953159.pairs.gz	E95	mix late mesenchyme
OrgcE953160	/Volumes/SumSung500/CSU/0_HiRES/data/hires/GSE223917_RAW/GSM7004186_OrgcE953160.pairs.gz	E95	oligodendrocytes and progenitors
OrgcE953161	/Volumes/SumSung500/CSU/0_HiRES/data/hires/GSE223917_RAW/GSM7004187_OrgcE953161.pairs.gz	E95	early neurons
OrgcE953163	/Volumes/SumSung500/CSU/0_HiRES/data/hires/GSE223917_RAW/GSM7004189_OrgcE953163.pairs.gz	E95	mitosis
OrgcE953164	/Volumes/SumSung500/CSU/0_HiRES/data/hires/GSE223917_RAW/GSM7004190_OrgcE953164.pairs.gz	E95	radial glias
OrgcE953165	/Volumes/SumSung500/CSU/0_HiRES/data/hires/GSE223917_RAW/GSM7004191_OrgcE953165.pairs.gz	E95	mix late mesenchyme
OrgcE953166	/Volumes/SumSung500/CSU/0_HiRES/data/hires/GSE223917_RAW/GSM7004192_OrgcE953166.pairs.gz	E95	blood
OrgcE953170	/Volumes/SumSung500/CSU/0_HiRES/data/hires/GSE223917_RAW/GSM7004196_OrgcE953170.pairs.gz	E95	radial glias
OrgcE953171	/Volumes/SumSung500/CSU/0_HiRES/data/hires/GSE223917_RAW/GSM7004197_OrgcE953171.pairs.gz	E95	oligodendrocytes and progenitors
OrgcE953172	/Volumes/SumSung500/CSU/0_HiRES/data/hires/GSE223917_RAW/GSM7004198_OrgcE953172.pairs.gz	E95	radial glias
OrgcE953176	/Volumes/SumSung500/CSU/0_HiRES/data/hires/GSE223917_RAW/GSM7004202_OrgcE953176.pairs.gz	E95	intermediate mesoderm
OrgcE953178	/Volumes/SumSung500/CSU/0_HiRES/data/hires/GSE223917_RAW/GSM7004204_OrgcE953178.pairs.gz	E95	radial glias
OrgcE953181	/Volumes/SumSung500/CSU/0_HiRES/data/hires/GSE223917_RAW/GSM7004206_OrgcE953181.pairs.gz	E95	schwann cell precursors
OrgcE953183	/Volumes/SumSung500/CSU/0_HiRES/data/hires/GSE223917_RAW/GSM7004208_OrgcE953183.pairs.gz	E95	radial glias
OrgcE953185	/Volumes/SumSung500/CSU/0_HiRES/data/hires/GSE223917_RAW/GSM7004210_OrgcE953185.pairs.gz	E95	schwann cell precursors
OrgcE953188	/Volumes/SumSung500/CSU/0_HiRES/data/hires/GSE223917_RAW/GSM7004213_OrgcE953188.pairs.gz	E95	radial glias
OrgcE953191	/Volumes/SumSung500/CSU/0_HiRES/data/hires/GSE223917_RAW/GSM7004216_OrgcE953191.pairs.gz	E95	early mesenchyme
OrgcE953192	/Volumes/SumSung500/CSU/0_HiRES/data/hires/GSE223917_RAW/GSM7004217_OrgcE953192.pairs.gz	E95	intermediate mesoderm
OrgcE953193	/Volumes/SumSung500/CSU/0_HiRES/data/hires/GSE223917_RAW/GSM7004218_OrgcE953193.pairs.gz	E95	radial glias
OrgcE953194	/Volumes/SumSung500/CSU/0_HiRES/data/hires/GSE223917_RAW/GSM7004219_OrgcE953194.pairs.gz	E95	mitosis
OrgcE953195	/Volumes/SumSung500/CSU/0_HiRES/data/hires/GSE223917_RAW/GSM7004220_OrgcE953195.pairs.gz	E95	mitosis
OrgcE953196	/Volumes/SumSung500/CSU/0_HiRES/data/hires/GSE223917_RAW/GSM7004221_OrgcE953196.pairs.gz	E95	radial glias
OrgcE953197	/Volumes/SumSung500/CSU/0_HiRES/data/hires/GSE223917_RAW/GSM7004222_OrgcE953197.pairs.gz	E95	notochord
OrgcE953200	/Volumes/SumSung500/CSU/0_HiRES/data/hires/GSE223917_RAW/GSM7004225_OrgcE953200.pairs.gz	E95	epithelial cells
OrgcE953203	/Volumes/SumSung500/CSU/0_HiRES/data/hires/GSE223917_RAW/GSM7004228_OrgcE953203.pairs.gz	E95	notochord
OrgcE953204	/Volumes/SumSung500/CSU/0_HiRES/data/hires/GSE223917_RAW/GSM7004229_OrgcE953204.pairs.gz	E95	early mesenchyme
OrgcE953209	/Volumes/SumSung500/CSU/0_HiRES/data/hires/GSE223917_RAW/GSM7004234_OrgcE953209.pairs.gz	E95	early neurons
OrgcE953210	/Volumes/SumSung500/CSU/0_HiRES/data/hires/GSE223917_RAW/GSM7004235_OrgcE953210.pairs.gz	E95	notochord
OrgcE953212	/Volumes/SumSung500/CSU/0_HiRES/data/hires/GSE223917_RAW/GSM7004237_OrgcE953212.pairs.gz	E95	notochord
OrgcE953213	/Volumes/SumSung500/CSU/0_HiRES/data/hires/GSE223917_RAW/GSM7004238_OrgcE953213.pairs.gz	E95	radial glias
OrgcE953215	/Volumes/SumSung500/CSU/0_HiRES/data/hires/GSE223917_RAW/GSM7004240_OrgcE953215.pairs.gz	E95	mix late mesenchyme
OrgcE953217	/Volumes/SumSung500/CSU/0_HiRES/data/hires/GSE223917_RAW/GSM7004242_OrgcE953217.pairs.gz	E95	radial glias
OrgcE953218	/Volumes/SumSung500/CSU/0_HiRES/data/hires/GSE223917_RAW/GSM7004243_OrgcE953218.pairs.gz	E95	mix late mesenchyme
OrgcE953220	/Volumes/SumSung500/CSU/0_HiRES/data/hires/GSE223917_RAW/GSM7004245_OrgcE953220.pairs.gz	E95	radial glias
OrgcE953221	/Volumes/SumSung500/CSU/0_HiRES/data/hires/GSE223917_RAW/GSM7004246_OrgcE953221.pairs.gz	E95	radial glias
OrgcE953223	/Volumes/SumSung500/CSU/0_HiRES/data/hires/GSE223917_RAW/GSM7004248_OrgcE953223.pairs.gz	E95	blood
OrgcE953235	/Volumes/SumSung500/CSU/0_HiRES/data/hires/GSE223917_RAW/GSM7004260_OrgcE953235.pairs.gz	E95	notochord
OrgcE953236	/Volumes/SumSung500/CSU/0_HiRES/data/hires/GSE223917_RAW/GSM7004261_OrgcE953236.pairs.gz	E95	mix late mesenchyme
OrgcE953244	/Volumes/SumSung500/CSU/0_HiRES/data/hires/GSE223917_RAW/GSM7004268_OrgcE953244.pairs.gz	E95	early neurons
OrgcE953245	/Volumes/SumSung500/CSU/0_HiRES/data/hires/GSE223917_RAW/GSM7004269_OrgcE953245.pairs.gz	E95	intermediate mesoderm
OrgcE953246	/Volumes/SumSung500/CSU/0_HiRES/data/hires/GSE223917_RAW/GSM7004270_OrgcE953246.pairs.gz	E95	notochord
OrgcE953247	/Volumes/SumSung500/CSU/0_HiRES/data/hires/GSE223917_RAW/GSM7004271_OrgcE953247.pairs.gz	E95	mix late mesenchyme
OrgcE953249	/Volumes/SumSung500/CSU/0_HiRES/data/hires/GSE223917_RAW/GSM7004273_OrgcE953249.pairs.gz	E95	mix late mesenchyme
OrgcE953251	/Volumes/SumSung500/CSU/0_HiRES/data/hires/GSE223917_RAW/GSM7004275_OrgcE953251.pairs.gz	E95	intermediate mesoderm
OrgcE953256	/Volumes/SumSung500/CSU/0_HiRES/data/hires/GSE223917_RAW/GSM7004280_OrgcE953256.pairs.gz	E95	radial glias
OrgcE953260	/Volumes/SumSung500/CSU/0_HiRES/data/hires/GSE223917_RAW/GSM7004283_OrgcE953260.pairs.gz	E95	mitosis
OrgcE953263	/Volumes/SumSung500/CSU/0_HiRES/data/hires/GSE223917_RAW/GSM7004286_OrgcE953263.pairs.gz	E95	notochord
OrgcE953264	/Volumes/SumSung500/CSU/0_HiRES/data/hires/GSE223917_RAW/GSM7004287_OrgcE953264.pairs.gz	E95	radial glias
OrgcE953265	/Volumes/SumSung500/CSU/0_HiRES/data/hires/GSE223917_RAW/GSM7004288_OrgcE953265.pairs.gz	E95	mix late mesenchyme
OrgcE953266	/Volumes/SumSung500/CSU/0_HiRES/data/hires/GSE223917_RAW/GSM7004289_OrgcE953266.pairs.gz	E95	mix late mesenchyme
OrgcE953267	/Volumes/SumSung500/CSU/0_HiRES/data/hires/GSE223917_RAW/GSM7004290_OrgcE953267.pairs.gz	E95	early mesenchyme
OrgcE953269	/Volumes/SumSung500/CSU/0_HiRES/data/hires/GSE223917_RAW/GSM7004292_OrgcE953269.pairs.gz	E95	radial glias
OrgcE953270	/Volumes/SumSung500/CSU/0_HiRES/data/hires/GSE223917_RAW/GSM7004293_OrgcE953270.pairs.gz	E95	radial glias
OrgcE953275	/Volumes/SumSung500/CSU/0_HiRES/data/hires/GSE223917_RAW/GSM7004298_OrgcE953275.pairs.gz	E95	mitosis
OrgcE953277	/Volumes/SumSung500/CSU/0_HiRES/data/hires/GSE223917_RAW/GSM7004300_OrgcE953277.pairs.gz	E95	early neurons
OrgcE953278	/Volumes/SumSung500/CSU/0_HiRES/data/hires/GSE223917_RAW/GSM7004301_OrgcE953278.pairs.gz	E95	radial glias
OrgcE953279	/Volumes/SumSung500/CSU/0_HiRES/data/hires/GSE223917_RAW/GSM7004302_OrgcE953279.pairs.gz	E95	notochord
OrgcE953280	/Volumes/SumSung500/CSU/0_HiRES/data/hires/GSE223917_RAW/GSM7004303_OrgcE953280.pairs.gz	E95	radial glias
OrgcE953285	/Volumes/SumSung500/CSU/0_HiRES/data/hires/GSE223917_RAW/GSM7004308_OrgcE953285.pairs.gz	E95	neural tube
OrgcE953287	/Volumes/SumSung500/CSU/0_HiRES/data/hires/GSE223917_RAW/GSM7004310_OrgcE953287.pairs.gz	E95	early mesenchyme
OrgcE953288	/Volumes/SumSung500/CSU/0_HiRES/data/hires/GSE223917_RAW/GSM7004311_OrgcE953288.pairs.gz	E95	mix late mesenchyme
OrgcE953289	/Volumes/SumSung500/CSU/0_HiRES/data/hires/GSE223917_RAW/GSM7004312_OrgcE953289.pairs.gz	E95	intermediate mesoderm
OrgcE953290	/Volumes/SumSung500/CSU/0_HiRES/data/hires/GSE223917_RAW/GSM7004313_OrgcE953290.pairs.gz	E95	mitosis
OrgcE953291	/Volumes/SumSung500/CSU/0_HiRES/data/hires/GSE223917_RAW/GSM7004314_OrgcE953291.pairs.gz	E95	radial glias
OrgcE953292	/Volumes/SumSung500/CSU/0_HiRES/data/hires/GSE223917_RAW/GSM7004315_OrgcE953292.pairs.gz	E95	radial glias
OrgcE953293	/Volumes/SumSung500/CSU/0_HiRES/data/hires/GSE223917_RAW/GSM7004316_OrgcE953293.pairs.gz	E95	oligodendrocytes and progenitors
OrgcE953294	/Volumes/SumSung500/CSU/0_HiRES/data/hires/GSE223917_RAW/GSM7004317_OrgcE953294.pairs.gz	E95	intermediate mesoderm
OrgcE953295	/Volumes/SumSung500/CSU/0_HiRES/data/hires/GSE223917_RAW/GSM7004318_OrgcE953295.pairs.gz	E95	radial glias
OrgcE953296	/Volumes/SumSung500/CSU/0_HiRES/data/hires/GSE223917_RAW/GSM7004319_OrgcE953296.pairs.gz	E95	mix late mesenchyme
OrgcE953299	/Volumes/SumSung500/CSU/0_HiRES/data/hires/GSE223917_RAW/GSM7004322_OrgcE953299.pairs.gz	E95	intermediate mesoderm
OrgcE953303	/Volumes/SumSung500/CSU/0_HiRES/data/hires/GSE223917_RAW/GSM7004326_OrgcE953303.pairs.gz	E95	radial glias
OrgcE953304	/Volumes/SumSung500/CSU/0_HiRES/data/hires/GSE223917_RAW/GSM7004327_OrgcE953304.pairs.gz	E95	radial glias
OrgcE953305	/Volumes/SumSung500/CSU/0_HiRES/data/hires/GSE223917_RAW/GSM7004328_OrgcE953305.pairs.gz	E95	early neurons
OrgcE953309	/Volumes/SumSung500/CSU/0_HiRES/data/hires/GSE223917_RAW/GSM7004332_OrgcE953309.pairs.gz	E95	radial glias
OrgcE953313	/Volumes/SumSung500/CSU/0_HiRES/data/hires/GSE223917_RAW/GSM7004336_OrgcE953313.pairs.gz	E95	mix late mesenchyme
OrgcE953314	/Volumes/SumSung500/CSU/0_HiRES/data/hires/GSE223917_RAW/GSM7004337_OrgcE953314.pairs.gz	E95	radial glias
OrgcE953316	/Volumes/SumSung500/CSU/0_HiRES/data/hires/GSE223917_RAW/GSM7004338_OrgcE953316.pairs.gz	E95	intermediate mesoderm
OrgcE953320	/Volumes/SumSung500/CSU/0_HiRES/data/hires/GSE223917_RAW/GSM7004342_OrgcE953320.pairs.gz	E95	oligodendrocytes and progenitors
OrgcE953321	/Volumes/SumSung500/CSU/0_HiRES/data/hires/GSE223917_RAW/GSM7004343_OrgcE953321.pairs.gz	E95	blood
OrgcE953323	/Volumes/SumSung500/CSU/0_HiRES/data/hires/GSE223917_RAW/GSM7004345_OrgcE953323.pairs.gz	E95	oligodendrocytes and progenitors
OrgcE953325	/Volumes/SumSung500/CSU/0_HiRES/data/hires/GSE223917_RAW/GSM7004347_OrgcE953325.pairs.gz	E95	notochord
OrgcE953327	/Volumes/SumSung500/CSU/0_HiRES/data/hires/GSE223917_RAW/GSM7004349_OrgcE953327.pairs.gz	E95	schwann cell precursors
OrgcE953329	/Volumes/SumSung500/CSU/0_HiRES/data/hires/GSE223917_RAW/GSM7004351_OrgcE953329.pairs.gz	E95	intermediate mesoderm
OrgcE953332	/Volumes/SumSung500/CSU/0_HiRES/data/hires/GSE223917_RAW/GSM7004354_OrgcE953332.pairs.gz	E95	endoderm
OrgcE953334	/Volumes/SumSung500/CSU/0_HiRES/data/hires/GSE223917_RAW/GSM7004356_OrgcE953334.pairs.gz	E95	intermediate mesoderm
OrgcE953338	/Volumes/SumSung500/CSU/0_HiRES/data/hires/GSE223917_RAW/GSM7004360_OrgcE953338.pairs.gz	E95	mix late mesenchyme
OrgcE953344	/Volumes/SumSung500/CSU/0_HiRES/data/hires/GSE223917_RAW/GSM7004366_OrgcE953344.pairs.gz	E95	mix late mesenchyme
OrgcE953345	/Volumes/SumSung500/CSU/0_HiRES/data/hires/GSE223917_RAW/GSM7004367_OrgcE953345.pairs.gz	E95	blood
OrgcE953350	/Volumes/SumSung500/CSU/0_HiRES/data/hires/GSE223917_RAW/GSM7004372_OrgcE953350.pairs.gz	E95	radial glias
OrgcE953351	/Volumes/SumSung500/CSU/0_HiRES/data/hires/GSE223917_RAW/GSM7004373_OrgcE953351.pairs.gz	E95	radial glias
OrgcE953357	/Volumes/SumSung500/CSU/0_HiRES/data/hires/GSE223917_RAW/GSM7004379_OrgcE953357.pairs.gz	E95	mix late mesenchyme
OrgcE953358	/Volumes/SumSung500/CSU/0_HiRES/data/hires/GSE223917_RAW/GSM7004380_OrgcE953358.pairs.gz	E95	intermediate mesoderm
OrgcE953361	/Volumes/SumSung500/CSU/0_HiRES/data/hires/GSE223917_RAW/GSM7004383_OrgcE953361.pairs.gz	E95	early mesenchyme
OrgcE953365	/Volumes/SumSung500/CSU/0_HiRES/data/hires/GSE223917_RAW/GSM7004387_OrgcE953365.pairs.gz	E95	epithelial cells
OrgcE953371	/Volumes/SumSung500/CSU/0_HiRES/data/hires/GSE223917_RAW/GSM7004392_OrgcE953371.pairs.gz	E95	notochord
OrgcE953372	/Volumes/SumSung500/CSU/0_HiRES/data/hires/GSE223917_RAW/GSM7004393_OrgcE953372.pairs.gz	E95	notochord
OrgcE953373	/Volumes/SumSung500/CSU/0_HiRES/data/hires/GSE223917_RAW/GSM7004394_OrgcE953373.pairs.gz	E95	radial glias
OrgcE953379	/Volumes/SumSung500/CSU/0_HiRES/data/hires/GSE223917_RAW/GSM7004399_OrgcE953379.pairs.gz	E95	NMP
OrgcE953380	/Volumes/SumSung500/CSU/0_HiRES/data/hires/GSE223917_RAW/GSM7004400_OrgcE953380.pairs.gz	E95	NMP
OrgcE953382	/Volumes/SumSung500/CSU/0_HiRES/data/hires/GSE223917_RAW/GSM7004402_OrgcE953382.pairs.gz	E95	radial glias
OrgcEX154001	/Volumes/SumSung500/CSU/0_HiRES/data/hires/GSE223917_RAW/GSM7004405_OrgcEX154001.pairs.gz	EX15	blood
OrgcEX154002	/Volumes/SumSung500/CSU/0_HiRES/data/hires/GSE223917_RAW/GSM7004406_OrgcEX154002.pairs.gz	EX15	mix late mesenchyme
OrgcEX154003	/Volumes/SumSung500/CSU/0_HiRES/data/hires/GSE223917_RAW/GSM7004407_OrgcEX154003.pairs.gz	EX15	early neurons
OrgcEX154004	/Volumes/SumSung500/CSU/0_HiRES/data/hires/GSE223917_RAW/GSM7004408_OrgcEX154004.pairs.gz	EX15	early neurons
OrgcEX154005	/Volumes/SumSung500/CSU/0_HiRES/data/hires/GSE223917_RAW/GSM7004409_OrgcEX154005.pairs.gz	EX15	oligodendrocytes and progenitors
OrgcEX154012	/Volumes/SumSung500/CSU/0_HiRES/data/hires/GSE223917_RAW/GSM7004414_OrgcEX154012.pairs.gz	EX15	mix late mesenchyme
OrgcEX154014	/Volumes/SumSung500/CSU/0_HiRES/data/hires/GSE223917_RAW/GSM7004416_OrgcEX154014.pairs.gz	EX15	blood
OrgcEX154016	/Volumes/SumSung500/CSU/0_HiRES/data/hires/GSE223917_RAW/GSM7004418_OrgcEX154016.pairs.gz	EX15	radial glias
OrgcEX154023	/Volumes/SumSung500/CSU/0_HiRES/data/hires/GSE223917_RAW/GSM7004425_OrgcEX154023.pairs.gz	EX15	myocytes
OrgcEX154024	/Volumes/SumSung500/CSU/0_HiRES/data/hires/GSE223917_RAW/GSM7004426_OrgcEX154024.pairs.gz	EX15	mix late mesenchyme
OrgcEX154027	/Volumes/SumSung500/CSU/0_HiRES/data/hires/GSE223917_RAW/GSM7004429_OrgcEX154027.pairs.gz	EX15	intermediate mesoderm
OrgcEX154028	/Volumes/SumSung500/CSU/0_HiRES/data/hires/GSE223917_RAW/GSM7004430_OrgcEX154028.pairs.gz	EX15	mitosis
OrgcEX154029	/Volumes/SumSung500/CSU/0_HiRES/data/hires/GSE223917_RAW/GSM7004431_OrgcEX154029.pairs.gz	EX15	early neurons
OrgcEX154032	/Volumes/SumSung500/CSU/0_HiRES/data/hires/GSE223917_RAW/GSM7004434_OrgcEX154032.pairs.gz	EX15	myocytes
OrgcEX154036	/Volumes/SumSung500/CSU/0_HiRES/data/hires/GSE223917_RAW/GSM7004438_OrgcEX154036.pairs.gz	EX15	early neurons
OrgcEX154041	/Volumes/SumSung500/CSU/0_HiRES/data/hires/GSE223917_RAW/GSM7004443_OrgcEX154041.pairs.gz	EX15	myocytes
OrgcEX154042	/Volumes/SumSung500/CSU/0_HiRES/data/hires/GSE223917_RAW/GSM7004444_OrgcEX154042.pairs.gz	EX15	early neurons
OrgcEX154044	/Volumes/SumSung500/CSU/0_HiRES/data/hires/GSE223917_RAW/GSM7004446_OrgcEX154044.pairs.gz	EX15	radial glias
OrgcEX154046	/Volumes/SumSung500/CSU/0_HiRES/data/hires/GSE223917_RAW/GSM7004448_OrgcEX154046.pairs.gz	EX15	mix late mesenchyme
OrgcEX154047	/Volumes/SumSung500/CSU/0_HiRES/data/hires/GSE223917_RAW/GSM7004449_OrgcEX154047.pairs.gz	EX15	mix late mesenchyme
OrgcEX154049	/Volumes/SumSung500/CSU/0_HiRES/data/hires/GSE223917_RAW/GSM7004451_OrgcEX154049.pairs.gz	EX15	mix late mesenchyme
OrgcEX154051	/Volumes/SumSung500/CSU/0_HiRES/data/hires/GSE223917_RAW/GSM7004453_OrgcEX154051.pairs.gz	EX15	early neurons
OrgcEX154053	/Volumes/SumSung500/CSU/0_HiRES/data/hires/GSE223917_RAW/GSM7004455_OrgcEX154053.pairs.gz	EX15	oligodendrocytes and progenitors
OrgcEX154056	/Volumes/SumSung500/CSU/0_HiRES/data/hires/GSE223917_RAW/GSM7004458_OrgcEX154056.pairs.gz	EX15	early neurons
OrgcEX154065	/Volumes/SumSung500/CSU/0_HiRES/data/hires/GSE223917_RAW/GSM7004467_OrgcEX154065.pairs.gz	EX15	blood
OrgcEX154067	/Volumes/SumSung500/CSU/0_HiRES/data/hires/GSE223917_RAW/GSM7004469_OrgcEX154067.pairs.gz	EX15	mitosis
OrgcEX154073	/Volumes/SumSung500/CSU/0_HiRES/data/hires/GSE223917_RAW/GSM7004475_OrgcEX154073.pairs.gz	EX15	mix late mesenchyme
OrgcEX154074	/Volumes/SumSung500/CSU/0_HiRES/data/hires/GSE223917_RAW/GSM7004476_OrgcEX154074.pairs.gz	EX15	mix late mesenchyme
OrgcEX154076	/Volumes/SumSung500/CSU/0_HiRES/data/hires/GSE223917_RAW/GSM7004478_OrgcEX154076.pairs.gz	EX15	radial glias
OrgcEX154078	/Volumes/SumSung500/CSU/0_HiRES/data/hires/GSE223917_RAW/GSM7004480_OrgcEX154078.pairs.gz	EX15	early neurons
OrgcEX154080	/Volumes/SumSung500/CSU/0_HiRES/data/hires/GSE223917_RAW/GSM7004482_OrgcEX154080.pairs.gz	EX15	mix late mesenchyme
OrgcEX154082	/Volumes/SumSung500/CSU/0_HiRES/data/hires/GSE223917_RAW/GSM7004484_OrgcEX154082.pairs.gz	EX15	early neurons
OrgcEX154083	/Volumes/SumSung500/CSU/0_HiRES/data/hires/GSE223917_RAW/GSM7004485_OrgcEX154083.pairs.gz	EX15	mix late mesenchyme
OrgcEX154084	/Volumes/SumSung500/CSU/0_HiRES/data/hires/GSE223917_RAW/GSM7004486_OrgcEX154084.pairs.gz	EX15	mix late mesenchyme
OrgcEX154085	/Volumes/SumSung500/CSU/0_HiRES/data/hires/GSE223917_RAW/GSM7004487_OrgcEX154085.pairs.gz	EX15	blood
OrgcEX154089	/Volumes/SumSung500/CSU/0_HiRES/data/hires/GSE223917_RAW/GSM7004491_OrgcEX154089.pairs.gz	EX15	mix late mesenchyme
OrgcEX154091	/Volumes/SumSung500/CSU/0_HiRES/data/hires/GSE223917_RAW/GSM7004493_OrgcEX154091.pairs.gz	EX15	myocytes
OrgcEX154092	/Volumes/SumSung500/CSU/0_HiRES/data/hires/GSE223917_RAW/GSM7004494_OrgcEX154092.pairs.gz	EX15	intermediate mesoderm
OrgcEX154093	/Volumes/SumSung500/CSU/0_HiRES/data/hires/GSE223917_RAW/GSM7004495_OrgcEX154093.pairs.gz	EX15	early neurons
OrgcEX154095	/Volumes/SumSung500/CSU/0_HiRES/data/hires/GSE223917_RAW/GSM7004497_OrgcEX154095.pairs.gz	EX15	early neurons
OrgcEX154097	/Volumes/SumSung500/CSU/0_HiRES/data/hires/GSE223917_RAW/GSM7004499_OrgcEX154097.pairs.gz	EX15	mix late mesenchyme
OrgcEX154098	/Volumes/SumSung500/CSU/0_HiRES/data/hires/GSE223917_RAW/GSM7004500_OrgcEX154098.pairs.gz	EX15	mix late mesenchyme
OrgcEX154100	/Volumes/SumSung500/CSU/0_HiRES/data/hires/GSE223917_RAW/GSM7004502_OrgcEX154100.pairs.gz	EX15	early neurons
OrgcEX154102	/Volumes/SumSung500/CSU/0_HiRES/data/hires/GSE223917_RAW/GSM7004504_OrgcEX154102.pairs.gz	EX15	blood
OrgcEX154103	/Volumes/SumSung500/CSU/0_HiRES/data/hires/GSE223917_RAW/GSM7004505_OrgcEX154103.pairs.gz	EX15	mix late mesenchyme
OrgcEX154104	/Volumes/SumSung500/CSU/0_HiRES/data/hires/GSE223917_RAW/GSM7004506_OrgcEX154104.pairs.gz	EX15	blood
OrgcEX154106	/Volumes/SumSung500/CSU/0_HiRES/data/hires/GSE223917_RAW/GSM7004508_OrgcEX154106.pairs.gz	EX15	early neurons
OrgcEX154107	/Volumes/SumSung500/CSU/0_HiRES/data/hires/GSE223917_RAW/GSM7004509_OrgcEX154107.pairs.gz	EX15	early neurons
OrgcEX154108	/Volumes/SumSung500/CSU/0_HiRES/data/hires/GSE223917_RAW/GSM7004510_OrgcEX154108.pairs.gz	EX15	mix late mesenchyme
OrgcEX154111	/Volumes/SumSung500/CSU/0_HiRES/data/hires/GSE223917_RAW/GSM7004513_OrgcEX154111.pairs.gz	EX15	mix late mesenchyme
OrgcEX154112	/Volumes/SumSung500/CSU/0_HiRES/data/hires/GSE223917_RAW/GSM7004514_OrgcEX154112.pairs.gz	EX15	mix late mesenchyme
OrgcEX154113	/Volumes/SumSung500/CSU/0_HiRES/data/hires/GSE223917_RAW/GSM7004515_OrgcEX154113.pairs.gz	EX15	blood
OrgcEX154115	/Volumes/SumSung500/CSU/0_HiRES/data/hires/GSE223917_RAW/GSM7004517_OrgcEX154115.pairs.gz	EX15	early neurons
OrgcEX154121	/Volumes/SumSung500/CSU/0_HiRES/data/hires/GSE223917_RAW/GSM7004523_OrgcEX154121.pairs.gz	EX15	radial glias
OrgcEX154126	/Volumes/SumSung500/CSU/0_HiRES/data/hires/GSE223917_RAW/GSM7004528_OrgcEX154126.pairs.gz	EX15	mix late mesenchyme
OrgcEX154129	/Volumes/SumSung500/CSU/0_HiRES/data/hires/GSE223917_RAW/GSM7004531_OrgcEX154129.pairs.gz	EX15	mix late mesenchyme
OrgcEX154135	/Volumes/SumSung500/CSU/0_HiRES/data/hires/GSE223917_RAW/GSM7004537_OrgcEX154135.pairs.gz	EX15	mix late mesenchyme
OrgcEX154136	/Volumes/SumSung500/CSU/0_HiRES/data/hires/GSE223917_RAW/GSM7004538_OrgcEX154136.pairs.gz	EX15	early neurons
OrgcEX154137	/Volumes/SumSung500/CSU/0_HiRES/data/hires/GSE223917_RAW/GSM7004539_OrgcEX154137.pairs.gz	EX15	mix late mesenchyme
OrgcEX154141	/Volumes/SumSung500/CSU/0_HiRES/data/hires/GSE223917_RAW/GSM7004543_OrgcEX154141.pairs.gz	EX15	myocytes
OrgcEX154144	/Volumes/SumSung500/CSU/0_HiRES/data/hires/GSE223917_RAW/GSM7004546_OrgcEX154144.pairs.gz	EX15	early neurons
OrgcEX154148	/Volumes/SumSung500/CSU/0_HiRES/data/hires/GSE223917_RAW/GSM7004550_OrgcEX154148.pairs.gz	EX15	mix late mesenchyme
OrgcEX154154	/Volumes/SumSung500/CSU/0_HiRES/data/hires/GSE223917_RAW/GSM7004556_OrgcEX154154.pairs.gz	EX15	mix late mesenchyme
OrgcEX154155	/Volumes/SumSung500/CSU/0_HiRES/data/hires/GSE223917_RAW/GSM7004557_OrgcEX154155.pairs.gz	EX15	blood
OrgcEX154156	/Volumes/SumSung500/CSU/0_HiRES/data/hires/GSE223917_RAW/GSM7004558_OrgcEX154156.pairs.gz	EX15	intermediate mesoderm
OrgcEX154161	/Volumes/SumSung500/CSU/0_HiRES/data/hires/GSE223917_RAW/GSM7004562_OrgcEX154161.pairs.gz	EX15	mix late mesenchyme
OrgcEX154162	/Volumes/SumSung500/CSU/0_HiRES/data/hires/GSE223917_RAW/GSM7004563_OrgcEX154162.pairs.gz	EX15	blood
OrgcEX154166	/Volumes/SumSung500/CSU/0_HiRES/data/hires/GSE223917_RAW/GSM7004567_OrgcEX154166.pairs.gz	EX15	early neurons
OrgcEX154167	/Volumes/SumSung500/CSU/0_HiRES/data/hires/GSE223917_RAW/GSM7004568_OrgcEX154167.pairs.gz	EX15	myocytes
OrgcEX154168	/Volumes/SumSung500/CSU/0_HiRES/data/hires/GSE223917_RAW/GSM7004569_OrgcEX154168.pairs.gz	EX15	early neurons
OrgcEX154175	/Volumes/SumSung500/CSU/0_HiRES/data/hires/GSE223917_RAW/GSM7004575_OrgcEX154175.pairs.gz	EX15	early neurons
OrgcEX154176	/Volumes/SumSung500/CSU/0_HiRES/data/hires/GSE223917_RAW/GSM7004576_OrgcEX154176.pairs.gz	EX15	mix late mesenchyme
OrgcEX154177	/Volumes/SumSung500/CSU/0_HiRES/data/hires/GSE223917_RAW/GSM7004577_OrgcEX154177.pairs.gz	EX15	myocytes
OrgcEX154178	/Volumes/SumSung500/CSU/0_HiRES/data/hires/GSE223917_RAW/GSM7004578_OrgcEX154178.pairs.gz	EX15	mix late mesenchyme
OrgcEX154179	/Volumes/SumSung500/CSU/0_HiRES/data/hires/GSE223917_RAW/GSM7004579_OrgcEX154179.pairs.gz	EX15	mix late mesenchyme
OrgcEX154180	/Volumes/SumSung500/CSU/0_HiRES/data/hires/GSE223917_RAW/GSM7004580_OrgcEX154180.pairs.gz	EX15	early neurons
OrgcEX154182	/Volumes/SumSung500/CSU/0_HiRES/data/hires/GSE223917_RAW/GSM7004582_OrgcEX154182.pairs.gz	EX15	blood
OrgcEX154183	/Volumes/SumSung500/CSU/0_HiRES/data/hires/GSE223917_RAW/GSM7004583_OrgcEX154183.pairs.gz	EX15	mitosis
OrgcEX154184	/Volumes/SumSung500/CSU/0_HiRES/data/hires/GSE223917_RAW/GSM7004584_OrgcEX154184.pairs.gz	EX15	intermediate mesoderm
OrgcEX154186	/Volumes/SumSung500/CSU/0_HiRES/data/hires/GSE223917_RAW/GSM7004586_OrgcEX154186.pairs.gz	EX15	early neurons
OrgcEX154187	/Volumes/SumSung500/CSU/0_HiRES/data/hires/GSE223917_RAW/GSM7004587_OrgcEX154187.pairs.gz	EX15	early neurons
OrgcEX154188	/Volumes/SumSung500/CSU/0_HiRES/data/hires/GSE223917_RAW/GSM7004588_OrgcEX154188.pairs.gz	EX15	oligodendrocytes and progenitors
OrgcEX154189	/Volumes/SumSung500/CSU/0_HiRES/data/hires/GSE223917_RAW/GSM7004589_OrgcEX154189.pairs.gz	EX15	radial glias
OrgcEX154190	/Volumes/SumSung500/CSU/0_HiRES/data/hires/GSE223917_RAW/GSM7004590_OrgcEX154190.pairs.gz	EX15	early neurons
OrgcEX154192	/Volumes/SumSung500/CSU/0_HiRES/data/hires/GSE223917_RAW/GSM7004592_OrgcEX154192.pairs.gz	EX15	early neurons
OrgcEX154193	/Volumes/SumSung500/CSU/0_HiRES/data/hires/GSE223917_RAW/GSM7004593_OrgcEX154193.pairs.gz	EX15	mix late mesenchyme
OrgcEX154195	/Volumes/SumSung500/CSU/0_HiRES/data/hires/GSE223917_RAW/GSM7004595_OrgcEX154195.pairs.gz	EX15	mix late mesenchyme
OrgcEX154196	/Volumes/SumSung500/CSU/0_HiRES/data/hires/GSE223917_RAW/GSM7004596_OrgcEX154196.pairs.gz	EX15	mix late mesenchyme
OrgcEX154197	/Volumes/SumSung500/CSU/0_HiRES/data/hires/GSE223917_RAW/GSM7004597_OrgcEX154197.pairs.gz	EX15	early neurons
OrgcEX154200	/Volumes/SumSung500/CSU/0_HiRES/data/hires/GSE223917_RAW/GSM7004599_OrgcEX154200.pairs.gz	EX15	early neurons
OrgcEX154201	/Volumes/SumSung500/CSU/0_HiRES/data/hires/GSE223917_RAW/GSM7004600_OrgcEX154201.pairs.gz	EX15	mix late mesenchyme
OrgcEX154202	/Volumes/SumSung500/CSU/0_HiRES/data/hires/GSE223917_RAW/GSM7004601_OrgcEX154202.pairs.gz	EX15	intermediate mesoderm
OrgcEX154203	/Volumes/SumSung500/CSU/0_HiRES/data/hires/GSE223917_RAW/GSM7004602_OrgcEX154203.pairs.gz	EX15	early neurons
OrgcEX154204	/Volumes/SumSung500/CSU/0_HiRES/data/hires/GSE223917_RAW/GSM7004603_OrgcEX154204.pairs.gz	EX15	mix late mesenchyme
OrgcEX154207	/Volumes/SumSung500/CSU/0_HiRES/data/hires/GSE223917_RAW/GSM7004606_OrgcEX154207.pairs.gz	EX15	mix late mesenchyme
OrgcEX154209	/Volumes/SumSung500/CSU/0_HiRES/data/hires/GSE223917_RAW/GSM7004608_OrgcEX154209.pairs.gz	EX15	early neurons
OrgcEX154210	/Volumes/SumSung500/CSU/0_HiRES/data/hires/GSE223917_RAW/GSM7004609_OrgcEX154210.pairs.gz	EX15	mix late mesenchyme
OrgcEX154216	/Volumes/SumSung500/CSU/0_HiRES/data/hires/GSE223917_RAW/GSM7004615_OrgcEX154216.pairs.gz	EX15	mix late mesenchyme
OrgcEX154217	/Volumes/SumSung500/CSU/0_HiRES/data/hires/GSE223917_RAW/GSM7004616_OrgcEX154217.pairs.gz	EX15	blood
OrgcEX154219	/Volumes/SumSung500/CSU/0_HiRES/data/hires/GSE223917_RAW/GSM7004618_OrgcEX154219.pairs.gz	EX15	mix late mesenchyme
OrgcEX154225	/Volumes/SumSung500/CSU/0_HiRES/data/hires/GSE223917_RAW/GSM7004623_OrgcEX154225.pairs.gz	EX15	early neurons
OrgcEX154226	/Volumes/SumSung500/CSU/0_HiRES/data/hires/GSE223917_RAW/GSM7004624_OrgcEX154226.pairs.gz	EX15	mix late mesenchyme
OrgcEX154227	/Volumes/SumSung500/CSU/0_HiRES/data/hires/GSE223917_RAW/GSM7004625_OrgcEX154227.pairs.gz	EX15	blood
OrgcEX154232	/Volumes/SumSung500/CSU/0_HiRES/data/hires/GSE223917_RAW/GSM7004630_OrgcEX154232.pairs.gz	EX15	schwann cell precursors
OrgcEX154238	/Volumes/SumSung500/CSU/0_HiRES/data/hires/GSE223917_RAW/GSM7004636_OrgcEX154238.pairs.gz	EX15	early neurons
OrgcEX154245	/Volumes/SumSung500/CSU/0_HiRES/data/hires/GSE223917_RAW/GSM7004641_OrgcEX154245.pairs.gz	EX15	early neurons
OrgcEX154253	/Volumes/SumSung500/CSU/0_HiRES/data/hires/GSE223917_RAW/GSM7004649_OrgcEX154253.pairs.gz	EX15	mix late mesenchyme
OrgcEX154267	/Volumes/SumSung500/CSU/0_HiRES/data/hires/GSE223917_RAW/GSM7004662_OrgcEX154267.pairs.gz	EX15	early neurons
OrgcEX154271	/Volumes/SumSung500/CSU/0_HiRES/data/hires/GSE223917_RAW/GSM7004666_OrgcEX154271.pairs.gz	EX15	mix late mesenchyme
OrgcEX154272	/Volumes/SumSung500/CSU/0_HiRES/data/hires/GSE223917_RAW/GSM7004667_OrgcEX154272.pairs.gz	EX15	early neurons
OrgcEX154274	/Volumes/SumSung500/CSU/0_HiRES/data/hires/GSE223917_RAW/GSM7004669_OrgcEX154274.pairs.gz	EX15	mitosis
OrgcEX154275	/Volumes/SumSung500/CSU/0_HiRES/data/hires/GSE223917_RAW/GSM7004670_OrgcEX154275.pairs.gz	EX15	radial glias
OrgcEX154278	/Volumes/SumSung500/CSU/0_HiRES/data/hires/GSE223917_RAW/GSM7004673_OrgcEX154278.pairs.gz	EX15	myocytes
OrgcEX154280	/Volumes/SumSung500/CSU/0_HiRES/data/hires/GSE223917_RAW/GSM7004675_OrgcEX154280.pairs.gz	EX15	radial glias
OrgcEX154281	/Volumes/SumSung500/CSU/0_HiRES/data/hires/GSE223917_RAW/GSM7004676_OrgcEX154281.pairs.gz	EX15	radial glias
OrgcEX154282	/Volumes/SumSung500/CSU/0_HiRES/data/hires/GSE223917_RAW/GSM7004677_OrgcEX154282.pairs.gz	EX15	early neurons
OrgcEX154284	/Volumes/SumSung500/CSU/0_HiRES/data/hires/GSE223917_RAW/GSM7004679_OrgcEX154284.pairs.gz	EX15	early neurons
OrgcEX154286	/Volumes/SumSung500/CSU/0_HiRES/data/hires/GSE223917_RAW/GSM7004680_OrgcEX154286.pairs.gz	EX15	early neurons
OrgcEX154287	/Volumes/SumSung500/CSU/0_HiRES/data/hires/GSE223917_RAW/GSM7004681_OrgcEX154287.pairs.gz	EX15	myocytes
OrgcEX154288	/Volumes/SumSung500/CSU/0_HiRES/data/hires/GSE223917_RAW/GSM7004682_OrgcEX154288.pairs.gz	EX15	mix late mesenchyme
OrgcEX154292	/Volumes/SumSung500/CSU/0_HiRES/data/hires/GSE223917_RAW/GSM7004686_OrgcEX154292.pairs.gz	EX15	early neurons
OrgcEX154293	/Volumes/SumSung500/CSU/0_HiRES/data/hires/GSE223917_RAW/GSM7004687_OrgcEX154293.pairs.gz	EX15	early neurons
OrgcEX154294	/Volumes/SumSung500/CSU/0_HiRES/data/hires/GSE223917_RAW/GSM7004688_OrgcEX154294.pairs.gz	EX15	early neurons
OrgcEX154295	/Volumes/SumSung500/CSU/0_HiRES/data/hires/GSE223917_RAW/GSM7004689_OrgcEX154295.pairs.gz	EX15	early neurons
OrgcEX154296	/Volumes/SumSung500/CSU/0_HiRES/data/hires/GSE223917_RAW/GSM7004690_OrgcEX154296.pairs.gz	EX15	early neurons
OrgcEX154297	/Volumes/SumSung500/CSU/0_HiRES/data/hires/GSE223917_RAW/GSM7004691_OrgcEX154297.pairs.gz	EX15	blood
OrgcEX154304	/Volumes/SumSung500/CSU/0_HiRES/data/hires/GSE223917_RAW/GSM7004698_OrgcEX154304.pairs.gz	EX15	blood
OrgcEX154307	/Volumes/SumSung500/CSU/0_HiRES/data/hires/GSE223917_RAW/GSM7004701_OrgcEX154307.pairs.gz	EX15	early neurons
OrgcEX154312	/Volumes/SumSung500/CSU/0_HiRES/data/hires/GSE223917_RAW/GSM7004706_OrgcEX154312.pairs.gz	EX15	blood
OrgcEX154314	/Volumes/SumSung500/CSU/0_HiRES/data/hires/GSE223917_RAW/GSM7004708_OrgcEX154314.pairs.gz	EX15	mix late mesenchyme
OrgcEX154315	/Volumes/SumSung500/CSU/0_HiRES/data/hires/GSE223917_RAW/GSM7004709_OrgcEX154315.pairs.gz	EX15	early neurons
OrgcEX154321	/Volumes/SumSung500/CSU/0_HiRES/data/hires/GSE223917_RAW/GSM7004715_OrgcEX154321.pairs.gz	EX15	blood
OrgcEX154323	/Volumes/SumSung500/CSU/0_HiRES/data/hires/GSE223917_RAW/GSM7004717_OrgcEX154323.pairs.gz	EX15	early neurons
OrgcEX154326	/Volumes/SumSung500/CSU/0_HiRES/data/hires/GSE223917_RAW/GSM7004720_OrgcEX154326.pairs.gz	EX15	blood
OrgcEX154331	/Volumes/SumSung500/CSU/0_HiRES/data/hires/GSE223917_RAW/GSM7004725_OrgcEX154331.pairs.gz	EX15	mix late mesenchyme
OrgcEX154336	/Volumes/SumSung500/CSU/0_HiRES/data/hires/GSE223917_RAW/GSM7004730_OrgcEX154336.pairs.gz	EX15	oligodendrocytes and progenitors
OrgcEX154337	/Volumes/SumSung500/CSU/0_HiRES/data/hires/GSE223917_RAW/GSM7004731_OrgcEX154337.pairs.gz	EX15	early neurons
OrgcEX154338	/Volumes/SumSung500/CSU/0_HiRES/data/hires/GSE223917_RAW/GSM7004732_OrgcEX154338.pairs.gz	EX15	blood
OrgcEX154350	/Volumes/SumSung500/CSU/0_HiRES/data/hires/GSE223917_RAW/GSM7004744_OrgcEX154350.pairs.gz	EX15	early neurons
OrgcEX154353	/Volumes/SumSung500/CSU/0_HiRES/data/hires/GSE223917_RAW/GSM7004747_OrgcEX154353.pairs.gz	EX15	early neurons
OrgcEX154356	/Volumes/SumSung500/CSU/0_HiRES/data/hires/GSE223917_RAW/GSM7004750_OrgcEX154356.pairs.gz	EX15	mix late mesenchyme
OrgcEX154361	/Volumes/SumSung500/CSU/0_HiRES/data/hires/GSE223917_RAW/GSM7004755_OrgcEX154361.pairs.gz	EX15	endoderm
OrgcEX154364	/Volumes/SumSung500/CSU/0_HiRES/data/hires/GSE223917_RAW/GSM7004758_OrgcEX154364.pairs.gz	EX15	mix late mesenchyme
OrgcEX154367	/Volumes/SumSung500/CSU/0_HiRES/data/hires/GSE223917_RAW/GSM7004761_OrgcEX154367.pairs.gz	EX15	mitosis
OrgcEX154368	/Volumes/SumSung500/CSU/0_HiRES/data/hires/GSE223917_RAW/GSM7004762_OrgcEX154368.pairs.gz	EX15	early neurons
OrgcEX154370	/Volumes/SumSung500/CSU/0_HiRES/data/hires/GSE223917_RAW/GSM7004764_OrgcEX154370.pairs.gz	EX15	mix late mesenchyme
OrgcEX154372	/Volumes/SumSung500/CSU/0_HiRES/data/hires/GSE223917_RAW/GSM7004766_OrgcEX154372.pairs.gz	EX15	mix late mesenchyme
OrgcEX154373	/Volumes/SumSung500/CSU/0_HiRES/data/hires/GSE223917_RAW/GSM7004767_OrgcEX154373.pairs.gz	EX15	radial glias
OrgcEX154375	/Volumes/SumSung500/CSU/0_HiRES/data/hires/GSE223917_RAW/GSM7004769_OrgcEX154375.pairs.gz	EX15	radial glias
OrgcEX154376	/Volumes/SumSung500/CSU/0_HiRES/data/hires/GSE223917_RAW/GSM7004770_OrgcEX154376.pairs.gz	EX15	mix late mesenchyme
OrgcEX154377	/Volumes/SumSung500/CSU/0_HiRES/data/hires/GSE223917_RAW/GSM7004771_OrgcEX154377.pairs.gz	EX15	early neurons
OrgcEX154380	/Volumes/SumSung500/CSU/0_HiRES/data/hires/GSE223917_RAW/GSM7004774_OrgcEX154380.pairs.gz	EX15	blood
OrgcEX154381	/Volumes/SumSung500/CSU/0_HiRES/data/hires/GSE223917_RAW/GSM7004775_OrgcEX154381.pairs.gz	EX15	early neurons
OrgcEX154382	/Volumes/SumSung500/CSU/0_HiRES/data/hires/GSE223917_RAW/GSM7004776_OrgcEX154382.pairs.gz	EX15	blood
OrgcEX154383	/Volumes/SumSung500/CSU/0_HiRES/data/hires/GSE223917_RAW/GSM7004777_OrgcEX154383.pairs.gz	EX15	mix late mesenchyme
OrgdEX052023	/Volumes/SumSung500/CSU/0_HiRES/data/hires/GSE223917_RAW/GSM7004800_OrgdEX052023.pairs.gz	EX05	mitosis
OrgdEX052047	/Volumes/SumSung500/CSU/0_HiRES/data/hires/GSE223917_RAW/GSM7004823_OrgdEX052047.pairs.gz	EX05	blood
OrgdEX052050	/Volumes/SumSung500/CSU/0_HiRES/data/hires/GSE223917_RAW/GSM7004826_OrgdEX052050.pairs.gz	EX05	radial glias
OrgdEX052065	/Volumes/SumSung500/CSU/0_HiRES/data/hires/GSE223917_RAW/GSM7004841_OrgdEX052065.pairs.gz	EX05	radial glias
OrgdEX052096	/Volumes/SumSung500/CSU/0_HiRES/data/hires/GSE223917_RAW/GSM7004872_OrgdEX052096.pairs.gz	EX05	mitosis
OrgdEX052110	/Volumes/SumSung500/CSU/0_HiRES/data/hires/GSE223917_RAW/GSM7004886_OrgdEX052110.pairs.gz	EX05	mix late mesenchyme
OrgdEX052125	/Volumes/SumSung500/CSU/0_HiRES/data/hires/GSE223917_RAW/GSM7004900_OrgdEX052125.pairs.gz	EX05	mix late mesenchyme
OrgdEX052157	/Volumes/SumSung500/CSU/0_HiRES/data/hires/GSE223917_RAW/GSM7004930_OrgdEX052157.pairs.gz	EX05	mix late mesenchyme
OrgdEX052160	/Volumes/SumSung500/CSU/0_HiRES/data/hires/GSE223917_RAW/GSM7004933_OrgdEX052160.pairs.gz	EX05	radial glias
OrgdEX052173	/Volumes/SumSung500/CSU/0_HiRES/data/hires/GSE223917_RAW/GSM7004946_OrgdEX052173.pairs.gz	EX05	schwann cell precursors
OrgdEX052177	/Volumes/SumSung500/CSU/0_HiRES/data/hires/GSE223917_RAW/GSM7004950_OrgdEX052177.pairs.gz	EX05	notochord
OrgdEX052180	/Volumes/SumSung500/CSU/0_HiRES/data/hires/GSE223917_RAW/GSM7004953_OrgdEX052180.pairs.gz	EX05	mix late mesenchyme
OrgdEX052184	/Volumes/SumSung500/CSU/0_HiRES/data/hires/GSE223917_RAW/GSM7004957_OrgdEX052184.pairs.gz	EX05	early neurons
OrgdEX052189	/Volumes/SumSung500/CSU/0_HiRES/data/hires/GSE223917_RAW/GSM7004962_OrgdEX052189.pairs.gz	EX05	mix late mesenchyme
OrgdEX052272	/Volumes/SumSung500/CSU/0_HiRES/data/hires/GSE223917_RAW/GSM7005042_OrgdEX052272.pairs.gz	EX05	mix late mesenchyme
OrgdEX052343	/Volumes/SumSung500/CSU/0_HiRES/data/hires/GSE223917_RAW/GSM7005116_OrgdEX052343.pairs.gz	EX05	mix late mesenchyme
OrgdEX052352	/Volumes/SumSung500/CSU/0_HiRES/data/hires/GSE223917_RAW/GSM7005125_OrgdEX052352.pairs.gz	EX05	intermediate mesoderm
OrgdEX052362	/Volumes/SumSung500/CSU/0_HiRES/data/hires/GSE223917_RAW/GSM7005134_OrgdEX052362.pairs.gz	EX05	early neurons
OrgeE851001	/Volumes/SumSung500/CSU/0_HiRES/data/hires/GSE223917_RAW/GSM7005157_OrgeE851001.pairs.gz	E85	neural tube
OrgeE851003	/Volumes/SumSung500/CSU/0_HiRES/data/hires/GSE223917_RAW/GSM7005159_OrgeE851003.pairs.gz	E85	blood
OrgeE851004	/Volumes/SumSung500/CSU/0_HiRES/data/hires/GSE223917_RAW/GSM7005160_OrgeE851004.pairs.gz	E85	ExE mesoderm
OrgeE851009	/Volumes/SumSung500/CSU/0_HiRES/data/hires/GSE223917_RAW/GSM7005165_OrgeE851009.pairs.gz	E85	blood
OrgeE851010	/Volumes/SumSung500/CSU/0_HiRES/data/hires/GSE223917_RAW/GSM7005166_OrgeE851010.pairs.gz	E85	NMP
OrgeE851013	/Volumes/SumSung500/CSU/0_HiRES/data/hires/GSE223917_RAW/GSM7005168_OrgeE851013.pairs.gz	E85	mitosis
OrgeE851014	/Volumes/SumSung500/CSU/0_HiRES/data/hires/GSE223917_RAW/GSM7005169_OrgeE851014.pairs.gz	E85	NMP
OrgeE851019	/Volumes/SumSung500/CSU/0_HiRES/data/hires/GSE223917_RAW/GSM7005174_OrgeE851019.pairs.gz	E85	ExE endoderm
OrgeE851020	/Volumes/SumSung500/CSU/0_HiRES/data/hires/GSE223917_RAW/GSM7005175_OrgeE851020.pairs.gz	E85	mitosis
OrgeE851021	/Volumes/SumSung500/CSU/0_HiRES/data/hires/GSE223917_RAW/GSM7005176_OrgeE851021.pairs.gz	E85	neural tube
OrgeE851022	/Volumes/SumSung500/CSU/0_HiRES/data/hires/GSE223917_RAW/GSM7005177_OrgeE851022.pairs.gz	E85	neural ectoderm
OrgeE851023	/Volumes/SumSung500/CSU/0_HiRES/data/hires/GSE223917_RAW/GSM7005178_OrgeE851023.pairs.gz	E85	NMP
OrgeE851024	/Volumes/SumSung500/CSU/0_HiRES/data/hires/GSE223917_RAW/GSM7005179_OrgeE851024.pairs.gz	E85	early mesenchyme
OrgeE851025	/Volumes/SumSung500/CSU/0_HiRES/data/hires/GSE223917_RAW/GSM7005180_OrgeE851025.pairs.gz	E85	neural tube
OrgeE851026	/Volumes/SumSung500/CSU/0_HiRES/data/hires/GSE223917_RAW/GSM7005181_OrgeE851026.pairs.gz	E85	blood
OrgeE851027	/Volumes/SumSung500/CSU/0_HiRES/data/hires/GSE223917_RAW/GSM7005182_OrgeE851027.pairs.gz	E85	ExE endoderm
OrgeE851029	/Volumes/SumSung500/CSU/0_HiRES/data/hires/GSE223917_RAW/GSM7005184_OrgeE851029.pairs.gz	E85	blood
OrgeE851030	/Volumes/SumSung500/CSU/0_HiRES/data/hires/GSE223917_RAW/GSM7005185_OrgeE851030.pairs.gz	E85	NMP
OrgeE851031	/Volumes/SumSung500/CSU/0_HiRES/data/hires/GSE223917_RAW/GSM7005186_OrgeE851031.pairs.gz	E85	epithelial cells
OrgeE851033	/Volumes/SumSung500/CSU/0_HiRES/data/hires/GSE223917_RAW/GSM7005188_OrgeE851033.pairs.gz	E85	early mesoderm
OrgeE851035	/Volumes/SumSung500/CSU/0_HiRES/data/hires/GSE223917_RAW/GSM7005190_OrgeE851035.pairs.gz	E85	early mesenchyme
OrgeE851036	/Volumes/SumSung500/CSU/0_HiRES/data/hires/GSE223917_RAW/GSM7005191_OrgeE851036.pairs.gz	E85	blood
OrgeE851037	/Volumes/SumSung500/CSU/0_HiRES/data/hires/GSE223917_RAW/GSM7005192_OrgeE851037.pairs.gz	E85	intermediate mesoderm
OrgeE851038	/Volumes/SumSung500/CSU/0_HiRES/data/hires/GSE223917_RAW/GSM7005193_OrgeE851038.pairs.gz	E85	intermediate mesoderm
OrgeE851039	/Volumes/SumSung500/CSU/0_HiRES/data/hires/GSE223917_RAW/GSM7005194_OrgeE851039.pairs.gz	E85	early mesoderm
OrgeE851040	/Volumes/SumSung500/CSU/0_HiRES/data/hires/GSE223917_RAW/GSM7005195_OrgeE851040.pairs.gz	E85	neural tube
OrgeE851041	/Volumes/SumSung500/CSU/0_HiRES/data/hires/GSE223917_RAW/GSM7005196_OrgeE851041.pairs.gz	E85	early mesenchyme
OrgeE851043	/Volumes/SumSung500/CSU/0_HiRES/data/hires/GSE223917_RAW/GSM7005198_OrgeE851043.pairs.gz	E85	intermediate mesoderm
OrgeE851044	/Volumes/SumSung500/CSU/0_HiRES/data/hires/GSE223917_RAW/GSM7005199_OrgeE851044.pairs.gz	E85	blood
OrgeE851046	/Volumes/SumSung500/CSU/0_HiRES/data/hires/GSE223917_RAW/GSM7005201_OrgeE851046.pairs.gz	E85	schwann cell precursors
OrgeE851048	/Volumes/SumSung500/CSU/0_HiRES/data/hires/GSE223917_RAW/GSM7005203_OrgeE851048.pairs.gz	E85	blood
OrgeE851049	/Volumes/SumSung500/CSU/0_HiRES/data/hires/GSE223917_RAW/GSM7005204_OrgeE851049.pairs.gz	E85	blood
OrgeE851050	/Volumes/SumSung500/CSU/0_HiRES/data/hires/GSE223917_RAW/GSM7005205_OrgeE851050.pairs.gz	E85	epithelial cells
OrgeE851051	/Volumes/SumSung500/CSU/0_HiRES/data/hires/GSE223917_RAW/GSM7005206_OrgeE851051.pairs.gz	E85	mitosis
OrgeE851052	/Volumes/SumSung500/CSU/0_HiRES/data/hires/GSE223917_RAW/GSM7005207_OrgeE851052.pairs.gz	E85	intermediate mesoderm
OrgeE851056	/Volumes/SumSung500/CSU/0_HiRES/data/hires/GSE223917_RAW/GSM7005211_OrgeE851056.pairs.gz	E85	neural tube
OrgeE851057	/Volumes/SumSung500/CSU/0_HiRES/data/hires/GSE223917_RAW/GSM7005212_OrgeE851057.pairs.gz	E85	ExE mesoderm
OrgeE851058	/Volumes/SumSung500/CSU/0_HiRES/data/hires/GSE223917_RAW/GSM7005213_OrgeE851058.pairs.gz	E85	ExE endoderm
OrgeE851059	/Volumes/SumSung500/CSU/0_HiRES/data/hires/GSE223917_RAW/GSM7005214_OrgeE851059.pairs.gz	E85	epithelial cells
OrgeE851060	/Volumes/SumSung500/CSU/0_HiRES/data/hires/GSE223917_RAW/GSM7005215_OrgeE851060.pairs.gz	E85	mitosis
OrgeE851063	/Volumes/SumSung500/CSU/0_HiRES/data/hires/GSE223917_RAW/GSM7005218_OrgeE851063.pairs.gz	E85	early mesoderm
OrgeE851064	/Volumes/SumSung500/CSU/0_HiRES/data/hires/GSE223917_RAW/GSM7005219_OrgeE851064.pairs.gz	E85	epithelial cells
OrgeE851066	/Volumes/SumSung500/CSU/0_HiRES/data/hires/GSE223917_RAW/GSM7005221_OrgeE851066.pairs.gz	E85	ExE endoderm
OrgeE851067	/Volumes/SumSung500/CSU/0_HiRES/data/hires/GSE223917_RAW/GSM7005222_OrgeE851067.pairs.gz	E85	blood
OrgeE851068	/Volumes/SumSung500/CSU/0_HiRES/data/hires/GSE223917_RAW/GSM7005223_OrgeE851068.pairs.gz	E85	ExE mesoderm
OrgeE851072	/Volumes/SumSung500/CSU/0_HiRES/data/hires/GSE223917_RAW/GSM7005227_OrgeE851072.pairs.gz	E85	blood
OrgeE851075	/Volumes/SumSung500/CSU/0_HiRES/data/hires/GSE223917_RAW/GSM7005230_OrgeE851075.pairs.gz	E85	neural tube
OrgeE851076	/Volumes/SumSung500/CSU/0_HiRES/data/hires/GSE223917_RAW/GSM7005231_OrgeE851076.pairs.gz	E85	ExE endoderm
OrgeE851077	/Volumes/SumSung500/CSU/0_HiRES/data/hires/GSE223917_RAW/GSM7005232_OrgeE851077.pairs.gz	E85	blood
OrgeE851081	/Volumes/SumSung500/CSU/0_HiRES/data/hires/GSE223917_RAW/GSM7005236_OrgeE851081.pairs.gz	E85	ExE mesoderm
OrgeE851082	/Volumes/SumSung500/CSU/0_HiRES/data/hires/GSE223917_RAW/GSM7005237_OrgeE851082.pairs.gz	E85	mitosis
OrgeE851083	/Volumes/SumSung500/CSU/0_HiRES/data/hires/GSE223917_RAW/GSM7005238_OrgeE851083.pairs.gz	E85	blood
OrgeE851085	/Volumes/SumSung500/CSU/0_HiRES/data/hires/GSE223917_RAW/GSM7005240_OrgeE851085.pairs.gz	E85	blood
OrgeE851086	/Volumes/SumSung500/CSU/0_HiRES/data/hires/GSE223917_RAW/GSM7005241_OrgeE851086.pairs.gz	E85	early mesenchyme
OrgeE851088	/Volumes/SumSung500/CSU/0_HiRES/data/hires/GSE223917_RAW/GSM7005243_OrgeE851088.pairs.gz	E85	early mesoderm
OrgeE851091	/Volumes/SumSung500/CSU/0_HiRES/data/hires/GSE223917_RAW/GSM7005246_OrgeE851091.pairs.gz	E85	blood
OrgeE851093	/Volumes/SumSung500/CSU/0_HiRES/data/hires/GSE223917_RAW/GSM7005248_OrgeE851093.pairs.gz	E85	blood
OrgeE851096	/Volumes/SumSung500/CSU/0_HiRES/data/hires/GSE223917_RAW/GSM7005251_OrgeE851096.pairs.gz	E85	early mesenchyme
OrgeE851098	/Volumes/SumSung500/CSU/0_HiRES/data/hires/GSE223917_RAW/GSM7005253_OrgeE851098.pairs.gz	E85	schwann cell precursors
OrgeE851099	/Volumes/SumSung500/CSU/0_HiRES/data/hires/GSE223917_RAW/GSM7005254_OrgeE851099.pairs.gz	E85	epithelial cells
OrgeE851100	/Volumes/SumSung500/CSU/0_HiRES/data/hires/GSE223917_RAW/GSM7005255_OrgeE851100.pairs.gz	E85	neural tube
OrgeE851101	/Volumes/SumSung500/CSU/0_HiRES/data/hires/GSE223917_RAW/GSM7005256_OrgeE851101.pairs.gz	E85	mitosis
OrgeE851102	/Volumes/SumSung500/CSU/0_HiRES/data/hires/GSE223917_RAW/GSM7005257_OrgeE851102.pairs.gz	E85	mitosis
OrgeE851104	/Volumes/SumSung500/CSU/0_HiRES/data/hires/GSE223917_RAW/GSM7005259_OrgeE851104.pairs.gz	E85	epithelial cells
OrgeE851105	/Volumes/SumSung500/CSU/0_HiRES/data/hires/GSE223917_RAW/GSM7005260_OrgeE851105.pairs.gz	E85	intermediate mesoderm
OrgeE851106	/Volumes/SumSung500/CSU/0_HiRES/data/hires/GSE223917_RAW/GSM7005261_OrgeE851106.pairs.gz	E85	ExE mesoderm
OrgeE851108	/Volumes/SumSung500/CSU/0_HiRES/data/hires/GSE223917_RAW/GSM7005263_OrgeE851108.pairs.gz	E85	early mesenchyme
OrgeE851110	/Volumes/SumSung500/CSU/0_HiRES/data/hires/GSE223917_RAW/GSM7005265_OrgeE851110.pairs.gz	E85	notochord
OrgeE851111	/Volumes/SumSung500/CSU/0_HiRES/data/hires/GSE223917_RAW/GSM7005266_OrgeE851111.pairs.gz	E85	blood
OrgeE851112	/Volumes/SumSung500/CSU/0_HiRES/data/hires/GSE223917_RAW/GSM7005267_OrgeE851112.pairs.gz	E85	early mesoderm
OrgeE851113	/Volumes/SumSung500/CSU/0_HiRES/data/hires/GSE223917_RAW/GSM7005268_OrgeE851113.pairs.gz	E85	blood
OrgeE851115	/Volumes/SumSung500/CSU/0_HiRES/data/hires/GSE223917_RAW/GSM7005270_OrgeE851115.pairs.gz	E85	mitosis
OrgeE851118	/Volumes/SumSung500/CSU/0_HiRES/data/hires/GSE223917_RAW/GSM7005273_OrgeE851118.pairs.gz	E85	early mesoderm
OrgeE851120	/Volumes/SumSung500/CSU/0_HiRES/data/hires/GSE223917_RAW/GSM7005275_OrgeE851120.pairs.gz	E85	blood
OrgeE851121	/Volumes/SumSung500/CSU/0_HiRES/data/hires/GSE223917_RAW/GSM7005276_OrgeE851121.pairs.gz	E85	intermediate mesoderm
OrgeE851122	/Volumes/SumSung500/CSU/0_HiRES/data/hires/GSE223917_RAW/GSM7005277_OrgeE851122.pairs.gz	E85	mitosis
OrgeE851124	/Volumes/SumSung500/CSU/0_HiRES/data/hires/GSE223917_RAW/GSM7005279_OrgeE851124.pairs.gz	E85	ExE mesoderm
OrgeE851125	/Volumes/SumSung500/CSU/0_HiRES/data/hires/GSE223917_RAW/GSM7005280_OrgeE851125.pairs.gz	E85	early mesoderm
OrgeE851127	/Volumes/SumSung500/CSU/0_HiRES/data/hires/GSE223917_RAW/GSM7005282_OrgeE851127.pairs.gz	E85	NMP
OrgeE851128	/Volumes/SumSung500/CSU/0_HiRES/data/hires/GSE223917_RAW/GSM7005283_OrgeE851128.pairs.gz	E85	early mesoderm
OrgeE851129	/Volumes/SumSung500/CSU/0_HiRES/data/hires/GSE223917_RAW/GSM7005284_OrgeE851129.pairs.gz	E85	early mesoderm
OrgeE851130	/Volumes/SumSung500/CSU/0_HiRES/data/hires/GSE223917_RAW/GSM7005285_OrgeE851130.pairs.gz	E85	epithelial cells
OrgeE851131	/Volumes/SumSung500/CSU/0_HiRES/data/hires/GSE223917_RAW/GSM7005286_OrgeE851131.pairs.gz	E85	schwann cell precursors
OrgeE851132	/Volumes/SumSung500/CSU/0_HiRES/data/hires/GSE223917_RAW/GSM7005287_OrgeE851132.pairs.gz	E85	blood
OrgeE851136	/Volumes/SumSung500/CSU/0_HiRES/data/hires/GSE223917_RAW/GSM7005291_OrgeE851136.pairs.gz	E85	blood
OrgeE851137	/Volumes/SumSung500/CSU/0_HiRES/data/hires/GSE223917_RAW/GSM7005292_OrgeE851137.pairs.gz	E85	neural tube
OrgeE851138	/Volumes/SumSung500/CSU/0_HiRES/data/hires/GSE223917_RAW/GSM7005293_OrgeE851138.pairs.gz	E85	early mesenchyme
OrgeE851140	/Volumes/SumSung500/CSU/0_HiRES/data/hires/GSE223917_RAW/GSM7005295_OrgeE851140.pairs.gz	E85	ExE mesoderm
OrgeE851141	/Volumes/SumSung500/CSU/0_HiRES/data/hires/GSE223917_RAW/GSM7005296_OrgeE851141.pairs.gz	E85	epithelial cells
OrgeE851142	/Volumes/SumSung500/CSU/0_HiRES/data/hires/GSE223917_RAW/GSM7005297_OrgeE851142.pairs.gz	E85	blood
OrgeE851144	/Volumes/SumSung500/CSU/0_HiRES/data/hires/GSE223917_RAW/GSM7005299_OrgeE851144.pairs.gz	E85	NMP
OrgeE851145	/Volumes/SumSung500/CSU/0_HiRES/data/hires/GSE223917_RAW/GSM7005300_OrgeE851145.pairs.gz	E85	blood
OrgeE851147	/Volumes/SumSung500/CSU/0_HiRES/data/hires/GSE223917_RAW/GSM7005302_OrgeE851147.pairs.gz	E85	neural tube
OrgeE851151	/Volumes/SumSung500/CSU/0_HiRES/data/hires/GSE223917_RAW/GSM7005306_OrgeE851151.pairs.gz	E85	epithelial cells
OrgeE851152	/Volumes/SumSung500/CSU/0_HiRES/data/hires/GSE223917_RAW/GSM7005307_OrgeE851152.pairs.gz	E85	blood
OrgeE851154	/Volumes/SumSung500/CSU/0_HiRES/data/hires/GSE223917_RAW/GSM7005309_OrgeE851154.pairs.gz	E85	mitosis
OrgeE851155	/Volumes/SumSung500/CSU/0_HiRES/data/hires/GSE223917_RAW/GSM7005310_OrgeE851155.pairs.gz	E85	blood
OrgeE851159	/Volumes/SumSung500/CSU/0_HiRES/data/hires/GSE223917_RAW/GSM7005314_OrgeE851159.pairs.gz	E85	intermediate mesoderm
OrgeE851160	/Volumes/SumSung500/CSU/0_HiRES/data/hires/GSE223917_RAW/GSM7005315_OrgeE851160.pairs.gz	E85	blood
OrgeE851162	/Volumes/SumSung500/CSU/0_HiRES/data/hires/GSE223917_RAW/GSM7005317_OrgeE851162.pairs.gz	E85	early mesoderm
OrgeE851163	/Volumes/SumSung500/CSU/0_HiRES/data/hires/GSE223917_RAW/GSM7005318_OrgeE851163.pairs.gz	E85	neural tube
OrgeE851165	/Volumes/SumSung500/CSU/0_HiRES/data/hires/GSE223917_RAW/GSM7005320_OrgeE851165.pairs.gz	E85	early mesenchyme
OrgeE851166	/Volumes/SumSung500/CSU/0_HiRES/data/hires/GSE223917_RAW/GSM7005321_OrgeE851166.pairs.gz	E85	ExE endoderm
OrgeE851168	/Volumes/SumSung500/CSU/0_HiRES/data/hires/GSE223917_RAW/GSM7005323_OrgeE851168.pairs.gz	E85	blood
OrgeE851169	/Volumes/SumSung500/CSU/0_HiRES/data/hires/GSE223917_RAW/GSM7005324_OrgeE851169.pairs.gz	E85	early mesenchyme
OrgeE851170	/Volumes/SumSung500/CSU/0_HiRES/data/hires/GSE223917_RAW/GSM7005325_OrgeE851170.pairs.gz	E85	early mesenchyme
OrgeE851171	/Volumes/SumSung500/CSU/0_HiRES/data/hires/GSE223917_RAW/GSM7005326_OrgeE851171.pairs.gz	E85	neural tube
OrgeE851172	/Volumes/SumSung500/CSU/0_HiRES/data/hires/GSE223917_RAW/GSM7005327_OrgeE851172.pairs.gz	E85	blood
OrgeE851175	/Volumes/SumSung500/CSU/0_HiRES/data/hires/GSE223917_RAW/GSM7005330_OrgeE851175.pairs.gz	E85	mitosis
OrgeE851176	/Volumes/SumSung500/CSU/0_HiRES/data/hires/GSE223917_RAW/GSM7005331_OrgeE851176.pairs.gz	E85	early mesoderm
OrgeE851178	/Volumes/SumSung500/CSU/0_HiRES/data/hires/GSE223917_RAW/GSM7005333_OrgeE851178.pairs.gz	E85	intermediate mesoderm
OrgeE851181	/Volumes/SumSung500/CSU/0_HiRES/data/hires/GSE223917_RAW/GSM7005336_OrgeE851181.pairs.gz	E85	blood
OrgeE851182	/Volumes/SumSung500/CSU/0_HiRES/data/hires/GSE223917_RAW/GSM7005337_OrgeE851182.pairs.gz	E85	blood
OrgeE851183	/Volumes/SumSung500/CSU/0_HiRES/data/hires/GSE223917_RAW/GSM7005338_OrgeE851183.pairs.gz	E85	early mesenchyme
OrgeE851187	/Volumes/SumSung500/CSU/0_HiRES/data/hires/GSE223917_RAW/GSM7005342_OrgeE851187.pairs.gz	E85	neural tube
OrgeE851188	/Volumes/SumSung500/CSU/0_HiRES/data/hires/GSE223917_RAW/GSM7005343_OrgeE851188.pairs.gz	E85	blood
OrgeE851189	/Volumes/SumSung500/CSU/0_HiRES/data/hires/GSE223917_RAW/GSM7005344_OrgeE851189.pairs.gz	E85	mitosis
OrgeE851191	/Volumes/SumSung500/CSU/0_HiRES/data/hires/GSE223917_RAW/GSM7005346_OrgeE851191.pairs.gz	E85	early mesenchyme
OrgeE851192	/Volumes/SumSung500/CSU/0_HiRES/data/hires/GSE223917_RAW/GSM7005347_OrgeE851192.pairs.gz	E85	mitosis
OrgeE851193	/Volumes/SumSung500/CSU/0_HiRES/data/hires/GSE223917_RAW/GSM7005348_OrgeE851193.pairs.gz	E85	epithelial cells
OrgeE851194	/Volumes/SumSung500/CSU/0_HiRES/data/hires/GSE223917_RAW/GSM7005349_OrgeE851194.pairs.gz	E85	blood
OrgeE851195	/Volumes/SumSung500/CSU/0_HiRES/data/hires/GSE223917_RAW/GSM7005350_OrgeE851195.pairs.gz	E85	blood
OrgeE851196	/Volumes/SumSung500/CSU/0_HiRES/data/hires/GSE223917_RAW/GSM7005351_OrgeE851196.pairs.gz	E85	mitosis
OrgeE851197	/Volumes/SumSung500/CSU/0_HiRES/data/hires/GSE223917_RAW/GSM7005352_OrgeE851197.pairs.gz	E85	blood
OrgeE851200	/Volumes/SumSung500/CSU/0_HiRES/data/hires/GSE223917_RAW/GSM7005355_OrgeE851200.pairs.gz	E85	blood
OrgeE851201	/Volumes/SumSung500/CSU/0_HiRES/data/hires/GSE223917_RAW/GSM7005356_OrgeE851201.pairs.gz	E85	blood
OrgeE851202	/Volumes/SumSung500/CSU/0_HiRES/data/hires/GSE223917_RAW/GSM7005357_OrgeE851202.pairs.gz	E85	blood
OrgeE851204	/Volumes/SumSung500/CSU/0_HiRES/data/hires/GSE223917_RAW/GSM7005359_OrgeE851204.pairs.gz	E85	blood
OrgeE851209	/Volumes/SumSung500/CSU/0_HiRES/data/hires/GSE223917_RAW/GSM7005364_OrgeE851209.pairs.gz	E85	schwann cell precursors
OrgeE851212	/Volumes/SumSung500/CSU/0_HiRES/data/hires/GSE223917_RAW/GSM7005367_OrgeE851212.pairs.gz	E85	neural tube
OrgeE851213	/Volumes/SumSung500/CSU/0_HiRES/data/hires/GSE223917_RAW/GSM7005368_OrgeE851213.pairs.gz	E85	blood
OrgeE851214	/Volumes/SumSung500/CSU/0_HiRES/data/hires/GSE223917_RAW/GSM7005369_OrgeE851214.pairs.gz	E85	neural tube
OrgeE851217	/Volumes/SumSung500/CSU/0_HiRES/data/hires/GSE223917_RAW/GSM7005372_OrgeE851217.pairs.gz	E85	intermediate mesoderm
OrgeE851218	/Volumes/SumSung500/CSU/0_HiRES/data/hires/GSE223917_RAW/GSM7005373_OrgeE851218.pairs.gz	E85	intermediate mesoderm
OrgeE851220	/Volumes/SumSung500/CSU/0_HiRES/data/hires/GSE223917_RAW/GSM7005375_OrgeE851220.pairs.gz	E85	intermediate mesoderm
OrgeE851223	/Volumes/SumSung500/CSU/0_HiRES/data/hires/GSE223917_RAW/GSM7005378_OrgeE851223.pairs.gz	E85	early mesenchyme
OrgeE851224	/Volumes/SumSung500/CSU/0_HiRES/data/hires/GSE223917_RAW/GSM7005379_OrgeE851224.pairs.gz	E85	blood
OrgeE851225	/Volumes/SumSung500/CSU/0_HiRES/data/hires/GSE223917_RAW/GSM7005380_OrgeE851225.pairs.gz	E85	endoderm
OrgeE851226	/Volumes/SumSung500/CSU/0_HiRES/data/hires/GSE223917_RAW/GSM7005381_OrgeE851226.pairs.gz	E85	intermediate mesoderm
OrgeE851227	/Volumes/SumSung500/CSU/0_HiRES/data/hires/GSE223917_RAW/GSM7005382_OrgeE851227.pairs.gz	E85	intermediate mesoderm
OrgeE851232	/Volumes/SumSung500/CSU/0_HiRES/data/hires/GSE223917_RAW/GSM7005387_OrgeE851232.pairs.gz	E85	mitosis
OrgeE851233	/Volumes/SumSung500/CSU/0_HiRES/data/hires/GSE223917_RAW/GSM7005388_OrgeE851233.pairs.gz	E85	schwann cell precursors
OrgeE851238	/Volumes/SumSung500/CSU/0_HiRES/data/hires/GSE223917_RAW/GSM7005393_OrgeE851238.pairs.gz	E85	early mesenchyme
OrgeE851239	/Volumes/SumSung500/CSU/0_HiRES/data/hires/GSE223917_RAW/GSM7005394_OrgeE851239.pairs.gz	E85	ExE mesoderm
OrgeE851242	/Volumes/SumSung500/CSU/0_HiRES/data/hires/GSE223917_RAW/GSM7005397_OrgeE851242.pairs.gz	E85	epithelial cells
OrgeE851243	/Volumes/SumSung500/CSU/0_HiRES/data/hires/GSE223917_RAW/GSM7005398_OrgeE851243.pairs.gz	E85	intermediate mesoderm
OrgeE851244	/Volumes/SumSung500/CSU/0_HiRES/data/hires/GSE223917_RAW/GSM7005399_OrgeE851244.pairs.gz	E85	notochord
OrgeE851245	/Volumes/SumSung500/CSU/0_HiRES/data/hires/GSE223917_RAW/GSM7005400_OrgeE851245.pairs.gz	E85	early mesenchyme
OrgeE851247	/Volumes/SumSung500/CSU/0_HiRES/data/hires/GSE223917_RAW/GSM7005402_OrgeE851247.pairs.gz	E85	early mesoderm
OrgeE851249	/Volumes/SumSung500/CSU/0_HiRES/data/hires/GSE223917_RAW/GSM7005404_OrgeE851249.pairs.gz	E85	early mesoderm
OrgeE851251	/Volumes/SumSung500/CSU/0_HiRES/data/hires/GSE223917_RAW/GSM7005406_OrgeE851251.pairs.gz	E85	blood
OrgeE851256	/Volumes/SumSung500/CSU/0_HiRES/data/hires/GSE223917_RAW/GSM7005410_OrgeE851256.pairs.gz	E85	ExE mesoderm
OrgeE851258	/Volumes/SumSung500/CSU/0_HiRES/data/hires/GSE223917_RAW/GSM7005411_OrgeE851258.pairs.gz	E85	ExE mesoderm
OrgeE851259	/Volumes/SumSung500/CSU/0_HiRES/data/hires/GSE223917_RAW/GSM7005412_OrgeE851259.pairs.gz	E85	early mesenchyme
OrgeE851260	/Volumes/SumSung500/CSU/0_HiRES/data/hires/GSE223917_RAW/GSM7005413_OrgeE851260.pairs.gz	E85	early mesoderm
OrgeE851261	/Volumes/SumSung500/CSU/0_HiRES/data/hires/GSE223917_RAW/GSM7005414_OrgeE851261.pairs.gz	E85	blood
OrgeE851263	/Volumes/SumSung500/CSU/0_HiRES/data/hires/GSE223917_RAW/GSM7005416_OrgeE851263.pairs.gz	E85	blood
OrgeE851265	/Volumes/SumSung500/CSU/0_HiRES/data/hires/GSE223917_RAW/GSM7005418_OrgeE851265.pairs.gz	E85	intermediate mesoderm
OrgeE851267	/Volumes/SumSung500/CSU/0_HiRES/data/hires/GSE223917_RAW/GSM7005420_OrgeE851267.pairs.gz	E85	blood
OrgeE851269	/Volumes/SumSung500/CSU/0_HiRES/data/hires/GSE223917_RAW/GSM7005422_OrgeE851269.pairs.gz	E85	NMP
OrgeE851273	/Volumes/SumSung500/CSU/0_HiRES/data/hires/GSE223917_RAW/GSM7005426_OrgeE851273.pairs.gz	E85	schwann cell precursors
OrgeE851275	/Volumes/SumSung500/CSU/0_HiRES/data/hires/GSE223917_RAW/GSM7005428_OrgeE851275.pairs.gz	E85	blood
OrgeE851277	/Volumes/SumSung500/CSU/0_HiRES/data/hires/GSE223917_RAW/GSM7005430_OrgeE851277.pairs.gz	E85	schwann cell precursors
OrgeE851278	/Volumes/SumSung500/CSU/0_HiRES/data/hires/GSE223917_RAW/GSM7005431_OrgeE851278.pairs.gz	E85	intermediate mesoderm
OrgeE851279	/Volumes/SumSung500/CSU/0_HiRES/data/hires/GSE223917_RAW/GSM7005432_OrgeE851279.pairs.gz	E85	early mesoderm
OrgeE851280	/Volumes/SumSung500/CSU/0_HiRES/data/hires/GSE223917_RAW/GSM7005433_OrgeE851280.pairs.gz	E85	early mesenchyme
OrgeE851282	/Volumes/SumSung500/CSU/0_HiRES/data/hires/GSE223917_RAW/GSM7005435_OrgeE851282.pairs.gz	E85	blood
OrgeE851283	/Volumes/SumSung500/CSU/0_HiRES/data/hires/GSE223917_RAW/GSM7005436_OrgeE851283.pairs.gz	E85	NMP
OrgeE851284	/Volumes/SumSung500/CSU/0_HiRES/data/hires/GSE223917_RAW/GSM7005437_OrgeE851284.pairs.gz	E85	blood
OrgeE851286	/Volumes/SumSung500/CSU/0_HiRES/data/hires/GSE223917_RAW/GSM7005439_OrgeE851286.pairs.gz	E85	early mesoderm
OrgeE851288	/Volumes/SumSung500/CSU/0_HiRES/data/hires/GSE223917_RAW/GSM7005441_OrgeE851288.pairs.gz	E85	blood
OrgeE851290	/Volumes/SumSung500/CSU/0_HiRES/data/hires/GSE223917_RAW/GSM7005443_OrgeE851290.pairs.gz	E85	neural tube
OrgeE851293	/Volumes/SumSung500/CSU/0_HiRES/data/hires/GSE223917_RAW/GSM7005445_OrgeE851293.pairs.gz	E85	early mesenchyme
OrgeE851294	/Volumes/SumSung500/CSU/0_HiRES/data/hires/GSE223917_RAW/GSM7005446_OrgeE851294.pairs.gz	E85	mitosis
OrgeE851298	/Volumes/SumSung500/CSU/0_HiRES/data/hires/GSE223917_RAW/GSM7005449_OrgeE851298.pairs.gz	E85	notochord
OrgeE851301	/Volumes/SumSung500/CSU/0_HiRES/data/hires/GSE223917_RAW/GSM7005452_OrgeE851301.pairs.gz	E85	blood
OrgeE851303	/Volumes/SumSung500/CSU/0_HiRES/data/hires/GSE223917_RAW/GSM7005454_OrgeE851303.pairs.gz	E85	intermediate mesoderm
OrgeE851308	/Volumes/SumSung500/CSU/0_HiRES/data/hires/GSE223917_RAW/GSM7005459_OrgeE851308.pairs.gz	E85	neural tube
OrgeE851309	/Volumes/SumSung500/CSU/0_HiRES/data/hires/GSE223917_RAW/GSM7005460_OrgeE851309.pairs.gz	E85	early mesenchyme
OrgeE851312	/Volumes/SumSung500/CSU/0_HiRES/data/hires/GSE223917_RAW/GSM7005463_OrgeE851312.pairs.gz	E85	mitosis
OrgeE851313	/Volumes/SumSung500/CSU/0_HiRES/data/hires/GSE223917_RAW/GSM7005464_OrgeE851313.pairs.gz	E85	ExE endoderm
OrgeE851316	/Volumes/SumSung500/CSU/0_HiRES/data/hires/GSE223917_RAW/GSM7005466_OrgeE851316.pairs.gz	E85	NMP
OrgeE851317	/Volumes/SumSung500/CSU/0_HiRES/data/hires/GSE223917_RAW/GSM7005467_OrgeE851317.pairs.gz	E85	blood
OrgeE851319	/Volumes/SumSung500/CSU/0_HiRES/data/hires/GSE223917_RAW/GSM7005469_OrgeE851319.pairs.gz	E85	blood
OrgeE851321	/Volumes/SumSung500/CSU/0_HiRES/data/hires/GSE223917_RAW/GSM7005471_OrgeE851321.pairs.gz	E85	neural tube
OrgeE851322	/Volumes/SumSung500/CSU/0_HiRES/data/hires/GSE223917_RAW/GSM7005472_OrgeE851322.pairs.gz	E85	blood
OrgeE851324	/Volumes/SumSung500/CSU/0_HiRES/data/hires/GSE223917_RAW/GSM7005474_OrgeE851324.pairs.gz	E85	notochord
OrgeE851325	/Volumes/SumSung500/CSU/0_HiRES/data/hires/GSE223917_RAW/GSM7005475_OrgeE851325.pairs.gz	E85	epithelial cells
OrgeE851326	/Volumes/SumSung500/CSU/0_HiRES/data/hires/GSE223917_RAW/GSM7005476_OrgeE851326.pairs.gz	E85	neural tube
OrgeE851327	/Volumes/SumSung500/CSU/0_HiRES/data/hires/GSE223917_RAW/GSM7005477_OrgeE851327.pairs.gz	E85	ExE endoderm
OrgeE851332	/Volumes/SumSung500/CSU/0_HiRES/data/hires/GSE223917_RAW/GSM7005482_OrgeE851332.pairs.gz	E85	neural tube
OrgeE851333	/Volumes/SumSung500/CSU/0_HiRES/data/hires/GSE223917_RAW/GSM7005483_OrgeE851333.pairs.gz	E85	blood
OrgeE851334	/Volumes/SumSung500/CSU/0_HiRES/data/hires/GSE223917_RAW/GSM7005484_OrgeE851334.pairs.gz	E85	blood
OrgeE851337	/Volumes/SumSung500/CSU/0_HiRES/data/hires/GSE223917_RAW/GSM7005487_OrgeE851337.pairs.gz	E85	early mesenchyme
OrgeE851341	/Volumes/SumSung500/CSU/0_HiRES/data/hires/GSE223917_RAW/GSM7005491_OrgeE851341.pairs.gz	E85	neural tube
OrgeE851342	/Volumes/SumSung500/CSU/0_HiRES/data/hires/GSE223917_RAW/GSM7005492_OrgeE851342.pairs.gz	E85	neural tube
OrgeE851343	/Volumes/SumSung500/CSU/0_HiRES/data/hires/GSE223917_RAW/GSM7005493_OrgeE851343.pairs.gz	E85	blood
OrgeE851344	/Volumes/SumSung500/CSU/0_HiRES/data/hires/GSE223917_RAW/GSM7005494_OrgeE851344.pairs.gz	E85	schwann cell precursors
OrgeE851346	/Volumes/SumSung500/CSU/0_HiRES/data/hires/GSE223917_RAW/GSM7005496_OrgeE851346.pairs.gz	E85	neural tube
OrgeE851347	/Volumes/SumSung500/CSU/0_HiRES/data/hires/GSE223917_RAW/GSM7005497_OrgeE851347.pairs.gz	E85	neural tube
OrgeE851348	/Volumes/SumSung500/CSU/0_HiRES/data/hires/GSE223917_RAW/GSM7005498_OrgeE851348.pairs.gz	E85	blood
OrgeE851350	/Volumes/SumSung500/CSU/0_HiRES/data/hires/GSE223917_RAW/GSM7005500_OrgeE851350.pairs.gz	E85	early mesenchyme
OrgeE851352	/Volumes/SumSung500/CSU/0_HiRES/data/hires/GSE223917_RAW/GSM7005502_OrgeE851352.pairs.gz	E85	blood
OrgeE851354	/Volumes/SumSung500/CSU/0_HiRES/data/hires/GSE223917_RAW/GSM7005504_OrgeE851354.pairs.gz	E85	blood
OrgeE851359	/Volumes/SumSung500/CSU/0_HiRES/data/hires/GSE223917_RAW/GSM7005509_OrgeE851359.pairs.gz	E85	ExE mesoderm
OrgeE851361	/Volumes/SumSung500/CSU/0_HiRES/data/hires/GSE223917_RAW/GSM7005511_OrgeE851361.pairs.gz	E85	intermediate mesoderm
OrgeE851362	/Volumes/SumSung500/CSU/0_HiRES/data/hires/GSE223917_RAW/GSM7005512_OrgeE851362.pairs.gz	E85	NMP
OrgeE851366	/Volumes/SumSung500/CSU/0_HiRES/data/hires/GSE223917_RAW/GSM7005516_OrgeE851366.pairs.gz	E85	blood
OrgeE851367	/Volumes/SumSung500/CSU/0_HiRES/data/hires/GSE223917_RAW/GSM7005517_OrgeE851367.pairs.gz	E85	blood
OrgeE851368	/Volumes/SumSung500/CSU/0_HiRES/data/hires/GSE223917_RAW/GSM7005518_OrgeE851368.pairs.gz	E85	early mesenchyme
OrgeE851371	/Volumes/SumSung500/CSU/0_HiRES/data/hires/GSE223917_RAW/GSM7005521_OrgeE851371.pairs.gz	E85	blood
OrgeE851372	/Volumes/SumSung500/CSU/0_HiRES/data/hires/GSE223917_RAW/GSM7005522_OrgeE851372.pairs.gz	E85	epithelial cells
OrgeE851373	/Volumes/SumSung500/CSU/0_HiRES/data/hires/GSE223917_RAW/GSM7005523_OrgeE851373.pairs.gz	E85	mitosis
OrgeE851374	/Volumes/SumSung500/CSU/0_HiRES/data/hires/GSE223917_RAW/GSM7005524_OrgeE851374.pairs.gz	E85	neural tube
OrgeE851375	/Volumes/SumSung500/CSU/0_HiRES/data/hires/GSE223917_RAW/GSM7005525_OrgeE851375.pairs.gz	E85	blood
OrgeE851377	/Volumes/SumSung500/CSU/0_HiRES/data/hires/GSE223917_RAW/GSM7005527_OrgeE851377.pairs.gz	E85	mitosis
OrgeE851378	/Volumes/SumSung500/CSU/0_HiRES/data/hires/GSE223917_RAW/GSM7005528_OrgeE851378.pairs.gz	E85	blood
OrgeE851382	/Volumes/SumSung500/CSU/0_HiRES/data/hires/GSE223917_RAW/GSM7005532_OrgeE851382.pairs.gz	E85	NMP
OrgeE851383	/Volumes/SumSung500/CSU/0_HiRES/data/hires/GSE223917_RAW/GSM7005533_OrgeE851383.pairs.gz	E85	neural tube
OrgeEX052003	/Volumes/SumSung500/CSU/0_HiRES/data/hires/GSE223917_RAW/GSM7005537_OrgeEX052003.pairs.gz	EX05	mix late mesenchyme
OrgeEX052004	/Volumes/SumSung500/CSU/0_HiRES/data/hires/GSE223917_RAW/GSM7005538_OrgeEX052004.pairs.gz	EX05	mix late mesenchyme
OrgeEX052007	/Volumes/SumSung500/CSU/0_HiRES/data/hires/GSE223917_RAW/GSM7005541_OrgeEX052007.pairs.gz	EX05	mix late mesenchyme
OrgeEX052012	/Volumes/SumSung500/CSU/0_HiRES/data/hires/GSE223917_RAW/GSM7005546_OrgeEX052012.pairs.gz	EX05	radial glias
OrgeEX052013	/Volumes/SumSung500/CSU/0_HiRES/data/hires/GSE223917_RAW/GSM7005547_OrgeEX052013.pairs.gz	EX05	radial glias
OrgeEX052014	/Volumes/SumSung500/CSU/0_HiRES/data/hires/GSE223917_RAW/GSM7005548_OrgeEX052014.pairs.gz	EX05	early mesenchyme
OrgeEX052015	/Volumes/SumSung500/CSU/0_HiRES/data/hires/GSE223917_RAW/GSM7005549_OrgeEX052015.pairs.gz	EX05	radial glias
OrgeEX052016	/Volumes/SumSung500/CSU/0_HiRES/data/hires/GSE223917_RAW/GSM7005550_OrgeEX052016.pairs.gz	EX05	mix late mesenchyme
OrgeEX052018	/Volumes/SumSung500/CSU/0_HiRES/data/hires/GSE223917_RAW/GSM7005552_OrgeEX052018.pairs.gz	EX05	early neurons
OrgeEX052020	/Volumes/SumSung500/CSU/0_HiRES/data/hires/GSE223917_RAW/GSM7005554_OrgeEX052020.pairs.gz	EX05	intermediate mesoderm
OrgeEX052025	/Volumes/SumSung500/CSU/0_HiRES/data/hires/GSE223917_RAW/GSM7005559_OrgeEX052025.pairs.gz	EX05	early neurons
OrgeEX052036	/Volumes/SumSung500/CSU/0_HiRES/data/hires/GSE223917_RAW/GSM7005570_OrgeEX052036.pairs.gz	EX05	myocytes
OrgeEX052038	/Volumes/SumSung500/CSU/0_HiRES/data/hires/GSE223917_RAW/GSM7005572_OrgeEX052038.pairs.gz	EX05	radial glias
OrgeEX052039	/Volumes/SumSung500/CSU/0_HiRES/data/hires/GSE223917_RAW/GSM7005573_OrgeEX052039.pairs.gz	EX05	early neurons
OrgeEX052040	/Volumes/SumSung500/CSU/0_HiRES/data/hires/GSE223917_RAW/GSM7005574_OrgeEX052040.pairs.gz	EX05	mix late mesenchyme
OrgeEX052041	/Volumes/SumSung500/CSU/0_HiRES/data/hires/GSE223917_RAW/GSM7005575_OrgeEX052041.pairs.gz	EX05	blood
OrgeEX052042	/Volumes/SumSung500/CSU/0_HiRES/data/hires/GSE223917_RAW/GSM7005576_OrgeEX052042.pairs.gz	EX05	mix late mesenchyme
OrgeEX052043	/Volumes/SumSung500/CSU/0_HiRES/data/hires/GSE223917_RAW/GSM7005577_OrgeEX052043.pairs.gz	EX05	mitosis
OrgeEX052044	/Volumes/SumSung500/CSU/0_HiRES/data/hires/GSE223917_RAW/GSM7005578_OrgeEX052044.pairs.gz	EX05	radial glias
OrgeEX052047	/Volumes/SumSung500/CSU/0_HiRES/data/hires/GSE223917_RAW/GSM7005581_OrgeEX052047.pairs.gz	EX05	mix late mesenchyme
OrgeEX052049	/Volumes/SumSung500/CSU/0_HiRES/data/hires/GSE223917_RAW/GSM7005583_OrgeEX052049.pairs.gz	EX05	early neurons
OrgeEX052050	/Volumes/SumSung500/CSU/0_HiRES/data/hires/GSE223917_RAW/GSM7005584_OrgeEX052050.pairs.gz	EX05	early neurons
OrgeEX052051	/Volumes/SumSung500/CSU/0_HiRES/data/hires/GSE223917_RAW/GSM7005585_OrgeEX052051.pairs.gz	EX05	mix late mesenchyme
OrgeEX052052	/Volumes/SumSung500/CSU/0_HiRES/data/hires/GSE223917_RAW/GSM7005586_OrgeEX052052.pairs.gz	EX05	myocytes
OrgeEX052056	/Volumes/SumSung500/CSU/0_HiRES/data/hires/GSE223917_RAW/GSM7005590_OrgeEX052056.pairs.gz	EX05	early neurons
OrgeEX052058	/Volumes/SumSung500/CSU/0_HiRES/data/hires/GSE223917_RAW/GSM7005592_OrgeEX052058.pairs.gz	EX05	oligodendrocytes and progenitors
OrgeEX052059	/Volumes/SumSung500/CSU/0_HiRES/data/hires/GSE223917_RAW/GSM7005593_OrgeEX052059.pairs.gz	EX05	mitosis
OrgeEX052062	/Volumes/SumSung500/CSU/0_HiRES/data/hires/GSE223917_RAW/GSM7005596_OrgeEX052062.pairs.gz	EX05	oligodendrocytes and progenitors
OrgeEX052066	/Volumes/SumSung500/CSU/0_HiRES/data/hires/GSE223917_RAW/GSM7005600_OrgeEX052066.pairs.gz	EX05	mitosis
OrgeEX052067	/Volumes/SumSung500/CSU/0_HiRES/data/hires/GSE223917_RAW/GSM7005601_OrgeEX052067.pairs.gz	EX05	radial glias
OrgeEX052070	/Volumes/SumSung500/CSU/0_HiRES/data/hires/GSE223917_RAW/GSM7005603_OrgeEX052070.pairs.gz	EX05	intermediate mesoderm
OrgeEX052074	/Volumes/SumSung500/CSU/0_HiRES/data/hires/GSE223917_RAW/GSM7005607_OrgeEX052074.pairs.gz	EX05	intermediate mesoderm
OrgeEX052076	/Volumes/SumSung500/CSU/0_HiRES/data/hires/GSE223917_RAW/GSM7005609_OrgeEX052076.pairs.gz	EX05	mix late mesenchyme
OrgeEX052077	/Volumes/SumSung500/CSU/0_HiRES/data/hires/GSE223917_RAW/GSM7005610_OrgeEX052077.pairs.gz	EX05	mix late mesenchyme
OrgeEX052078	/Volumes/SumSung500/CSU/0_HiRES/data/hires/GSE223917_RAW/GSM7005611_OrgeEX052078.pairs.gz	EX05	early neurons
OrgeEX052081	/Volumes/SumSung500/CSU/0_HiRES/data/hires/GSE223917_RAW/GSM7005614_OrgeEX052081.pairs.gz	EX05	mix late mesenchyme
OrgeEX052083	/Volumes/SumSung500/CSU/0_HiRES/data/hires/GSE223917_RAW/GSM7005616_OrgeEX052083.pairs.gz	EX05	mix late mesenchyme
OrgeEX052084	/Volumes/SumSung500/CSU/0_HiRES/data/hires/GSE223917_RAW/GSM7005617_OrgeEX052084.pairs.gz	EX05	radial glias
OrgeEX052090	/Volumes/SumSung500/CSU/0_HiRES/data/hires/GSE223917_RAW/GSM7005623_OrgeEX052090.pairs.gz	EX05	intermediate mesoderm
OrgeEX052092	/Volumes/SumSung500/CSU/0_HiRES/data/hires/GSE223917_RAW/GSM7005625_OrgeEX052092.pairs.gz	EX05	early neurons
OrgeEX052096	/Volumes/SumSung500/CSU/0_HiRES/data/hires/GSE223917_RAW/GSM7005629_OrgeEX052096.pairs.gz	EX05	myocytes
OrgeEX052097	/Volumes/SumSung500/CSU/0_HiRES/data/hires/GSE223917_RAW/GSM7005630_OrgeEX052097.pairs.gz	EX05	mix late mesenchyme
OrgeEX052098	/Volumes/SumSung500/CSU/0_HiRES/data/hires/GSE223917_RAW/GSM7005631_OrgeEX052098.pairs.gz	EX05	epithelial cells
OrgeEX052099	/Volumes/SumSung500/CSU/0_HiRES/data/hires/GSE223917_RAW/GSM7005632_OrgeEX052099.pairs.gz	EX05	early neurons
OrgeEX052102	/Volumes/SumSung500/CSU/0_HiRES/data/hires/GSE223917_RAW/GSM7005635_OrgeEX052102.pairs.gz	EX05	radial glias
OrgeEX052103	/Volumes/SumSung500/CSU/0_HiRES/data/hires/GSE223917_RAW/GSM7005636_OrgeEX052103.pairs.gz	EX05	mix late mesenchyme
OrgeEX052104	/Volumes/SumSung500/CSU/0_HiRES/data/hires/GSE223917_RAW/GSM7005637_OrgeEX052104.pairs.gz	EX05	schwann cell precursors
OrgeEX052105	/Volumes/SumSung500/CSU/0_HiRES/data/hires/GSE223917_RAW/GSM7005638_OrgeEX052105.pairs.gz	EX05	mix late mesenchyme
OrgeEX052107	/Volumes/SumSung500/CSU/0_HiRES/data/hires/GSE223917_RAW/GSM7005640_OrgeEX052107.pairs.gz	EX05	mix late mesenchyme
OrgeEX052108	/Volumes/SumSung500/CSU/0_HiRES/data/hires/GSE223917_RAW/GSM7005641_OrgeEX052108.pairs.gz	EX05	early mesenchyme
OrgeEX052110	/Volumes/SumSung500/CSU/0_HiRES/data/hires/GSE223917_RAW/GSM7005643_OrgeEX052110.pairs.gz	EX05	mix late mesenchyme
OrgeEX052111	/Volumes/SumSung500/CSU/0_HiRES/data/hires/GSE223917_RAW/GSM7005644_OrgeEX052111.pairs.gz	EX05	early neurons
OrgeEX052112	/Volumes/SumSung500/CSU/0_HiRES/data/hires/GSE223917_RAW/GSM7005645_OrgeEX052112.pairs.gz	EX05	radial glias
OrgeEX052113	/Volumes/SumSung500/CSU/0_HiRES/data/hires/GSE223917_RAW/GSM7005646_OrgeEX052113.pairs.gz	EX05	radial glias
OrgeEX052114	/Volumes/SumSung500/CSU/0_HiRES/data/hires/GSE223917_RAW/GSM7005647_OrgeEX052114.pairs.gz	EX05	schwann cell precursors
OrgeEX052118	/Volumes/SumSung500/CSU/0_HiRES/data/hires/GSE223917_RAW/GSM7005651_OrgeEX052118.pairs.gz	EX05	mix late mesenchyme
OrgeEX052119	/Volumes/SumSung500/CSU/0_HiRES/data/hires/GSE223917_RAW/GSM7005652_OrgeEX052119.pairs.gz	EX05	mix late mesenchyme
OrgeEX052124	/Volumes/SumSung500/CSU/0_HiRES/data/hires/GSE223917_RAW/GSM7005657_OrgeEX052124.pairs.gz	EX05	radial glias
OrgeEX052125	/Volumes/SumSung500/CSU/0_HiRES/data/hires/GSE223917_RAW/GSM7005658_OrgeEX052125.pairs.gz	EX05	mitosis
OrgeEX052128	/Volumes/SumSung500/CSU/0_HiRES/data/hires/GSE223917_RAW/GSM7005661_OrgeEX052128.pairs.gz	EX05	oligodendrocytes and progenitors
OrgeEX052130	/Volumes/SumSung500/CSU/0_HiRES/data/hires/GSE223917_RAW/GSM7005663_OrgeEX052130.pairs.gz	EX05	radial glias
OrgeEX052132	/Volumes/SumSung500/CSU/0_HiRES/data/hires/GSE223917_RAW/GSM7005665_OrgeEX052132.pairs.gz	EX05	mitosis
OrgeEX052135	/Volumes/SumSung500/CSU/0_HiRES/data/hires/GSE223917_RAW/GSM7005668_OrgeEX052135.pairs.gz	EX05	oligodendrocytes and progenitors
OrgeEX052136	/Volumes/SumSung500/CSU/0_HiRES/data/hires/GSE223917_RAW/GSM7005669_OrgeEX052136.pairs.gz	EX05	mix late mesenchyme
OrgeEX052138	/Volumes/SumSung500/CSU/0_HiRES/data/hires/GSE223917_RAW/GSM7005671_OrgeEX052138.pairs.gz	EX05	radial glias
OrgeEX052139	/Volumes/SumSung500/CSU/0_HiRES/data/hires/GSE223917_RAW/GSM7005672_OrgeEX052139.pairs.gz	EX05	mix late mesenchyme
OrgeEX052142	/Volumes/SumSung500/CSU/0_HiRES/data/hires/GSE223917_RAW/GSM7005675_OrgeEX052142.pairs.gz	EX05	neural tube
OrgeEX052143	/Volumes/SumSung500/CSU/0_HiRES/data/hires/GSE223917_RAW/GSM7005676_OrgeEX052143.pairs.gz	EX05	early neurons
OrgeEX052145	/Volumes/SumSung500/CSU/0_HiRES/data/hires/GSE223917_RAW/GSM7005678_OrgeEX052145.pairs.gz	EX05	mix late mesenchyme
OrgeEX052146	/Volumes/SumSung500/CSU/0_HiRES/data/hires/GSE223917_RAW/GSM7005679_OrgeEX052146.pairs.gz	EX05	radial glias
OrgeEX052147	/Volumes/SumSung500/CSU/0_HiRES/data/hires/GSE223917_RAW/GSM7005680_OrgeEX052147.pairs.gz	EX05	mix late mesenchyme
OrgeEX052148	/Volumes/SumSung500/CSU/0_HiRES/data/hires/GSE223917_RAW/GSM7005681_OrgeEX052148.pairs.gz	EX05	intermediate mesoderm
OrgeEX052149	/Volumes/SumSung500/CSU/0_HiRES/data/hires/GSE223917_RAW/GSM7005682_OrgeEX052149.pairs.gz	EX05	blood
OrgeEX052150	/Volumes/SumSung500/CSU/0_HiRES/data/hires/GSE223917_RAW/GSM7005683_OrgeEX052150.pairs.gz	EX05	mix late mesenchyme
OrgeEX052153	/Volumes/SumSung500/CSU/0_HiRES/data/hires/GSE223917_RAW/GSM7005686_OrgeEX052153.pairs.gz	EX05	mix late mesenchyme
OrgeEX052157	/Volumes/SumSung500/CSU/0_HiRES/data/hires/GSE223917_RAW/GSM7005690_OrgeEX052157.pairs.gz	EX05	mitosis
OrgeEX052159	/Volumes/SumSung500/CSU/0_HiRES/data/hires/GSE223917_RAW/GSM7005692_OrgeEX052159.pairs.gz	EX05	radial glias
OrgeEX052160	/Volumes/SumSung500/CSU/0_HiRES/data/hires/GSE223917_RAW/GSM7005693_OrgeEX052160.pairs.gz	EX05	early neurons
OrgeEX052161	/Volumes/SumSung500/CSU/0_HiRES/data/hires/GSE223917_RAW/GSM7005694_OrgeEX052161.pairs.gz	EX05	mix late mesenchyme
OrgeEX052162	/Volumes/SumSung500/CSU/0_HiRES/data/hires/GSE223917_RAW/GSM7005695_OrgeEX052162.pairs.gz	EX05	mix late mesenchyme
OrgeEX052163	/Volumes/SumSung500/CSU/0_HiRES/data/hires/GSE223917_RAW/GSM7005696_OrgeEX052163.pairs.gz	EX05	early neurons
OrgeEX052167	/Volumes/SumSung500/CSU/0_HiRES/data/hires/GSE223917_RAW/GSM7005700_OrgeEX052167.pairs.gz	EX05	intermediate mesoderm
OrgeEX052168	/Volumes/SumSung500/CSU/0_HiRES/data/hires/GSE223917_RAW/GSM7005701_OrgeEX052168.pairs.gz	EX05	radial glias
OrgeEX052169	/Volumes/SumSung500/CSU/0_HiRES/data/hires/GSE223917_RAW/GSM7005702_OrgeEX052169.pairs.gz	EX05	mix late mesenchyme
OrgeEX052177	/Volumes/SumSung500/CSU/0_HiRES/data/hires/GSE223917_RAW/GSM7005710_OrgeEX052177.pairs.gz	EX05	intermediate mesoderm
OrgeEX052180	/Volumes/SumSung500/CSU/0_HiRES/data/hires/GSE223917_RAW/GSM7005713_OrgeEX052180.pairs.gz	EX05	intermediate mesoderm
OrgeEX052181	/Volumes/SumSung500/CSU/0_HiRES/data/hires/GSE223917_RAW/GSM7005714_OrgeEX052181.pairs.gz	EX05	radial glias
OrgeEX052183	/Volumes/SumSung500/CSU/0_HiRES/data/hires/GSE223917_RAW/GSM7005716_OrgeEX052183.pairs.gz	EX05	mix late mesenchyme
OrgeEX052185	/Volumes/SumSung500/CSU/0_HiRES/data/hires/GSE223917_RAW/GSM7005718_OrgeEX052185.pairs.gz	EX05	early neurons
OrgeEX052186	/Volumes/SumSung500/CSU/0_HiRES/data/hires/GSE223917_RAW/GSM7005719_OrgeEX052186.pairs.gz	EX05	mix late mesenchyme
OrgeEX052187	/Volumes/SumSung500/CSU/0_HiRES/data/hires/GSE223917_RAW/GSM7005720_OrgeEX052187.pairs.gz	EX05	mitosis
OrgeEX052190	/Volumes/SumSung500/CSU/0_HiRES/data/hires/GSE223917_RAW/GSM7005723_OrgeEX052190.pairs.gz	EX05	intermediate mesoderm
OrgeEX052191	/Volumes/SumSung500/CSU/0_HiRES/data/hires/GSE223917_RAW/GSM7005724_OrgeEX052191.pairs.gz	EX05	mix late mesenchyme
OrgeEX052194	/Volumes/SumSung500/CSU/0_HiRES/data/hires/GSE223917_RAW/GSM7005727_OrgeEX052194.pairs.gz	EX05	radial glias
OrgeEX052195	/Volumes/SumSung500/CSU/0_HiRES/data/hires/GSE223917_RAW/GSM7005728_OrgeEX052195.pairs.gz	EX05	intermediate mesoderm
OrgeEX052198	/Volumes/SumSung500/CSU/0_HiRES/data/hires/GSE223917_RAW/GSM7005731_OrgeEX052198.pairs.gz	EX05	intermediate mesoderm
OrgeEX052200	/Volumes/SumSung500/CSU/0_HiRES/data/hires/GSE223917_RAW/GSM7005733_OrgeEX052200.pairs.gz	EX05	blood
OrgeEX052201	/Volumes/SumSung500/CSU/0_HiRES/data/hires/GSE223917_RAW/GSM7005734_OrgeEX052201.pairs.gz	EX05	mix late mesenchyme
OrgeEX052202	/Volumes/SumSung500/CSU/0_HiRES/data/hires/GSE223917_RAW/GSM7005735_OrgeEX052202.pairs.gz	EX05	mix late mesenchyme
OrgeEX052206	/Volumes/SumSung500/CSU/0_HiRES/data/hires/GSE223917_RAW/GSM7005739_OrgeEX052206.pairs.gz	EX05	notochord
OrgeEX052208	/Volumes/SumSung500/CSU/0_HiRES/data/hires/GSE223917_RAW/GSM7005741_OrgeEX052208.pairs.gz	EX05	radial glias
OrgeEX052209	/Volumes/SumSung500/CSU/0_HiRES/data/hires/GSE223917_RAW/GSM7005742_OrgeEX052209.pairs.gz	EX05	radial glias
OrgeEX052212	/Volumes/SumSung500/CSU/0_HiRES/data/hires/GSE223917_RAW/GSM7005745_OrgeEX052212.pairs.gz	EX05	mix late mesenchyme
OrgeEX052213	/Volumes/SumSung500/CSU/0_HiRES/data/hires/GSE223917_RAW/GSM7005746_OrgeEX052213.pairs.gz	EX05	early neurons
OrgeEX052215	/Volumes/SumSung500/CSU/0_HiRES/data/hires/GSE223917_RAW/GSM7005748_OrgeEX052215.pairs.gz	EX05	myocytes
OrgeEX052216	/Volumes/SumSung500/CSU/0_HiRES/data/hires/GSE223917_RAW/GSM7005749_OrgeEX052216.pairs.gz	EX05	mitosis
OrgeEX052217	/Volumes/SumSung500/CSU/0_HiRES/data/hires/GSE223917_RAW/GSM7005750_OrgeEX052217.pairs.gz	EX05	oligodendrocytes and progenitors
OrgeEX052219	/Volumes/SumSung500/CSU/0_HiRES/data/hires/GSE223917_RAW/GSM7005752_OrgeEX052219.pairs.gz	EX05	blood
OrgeEX052221	/Volumes/SumSung500/CSU/0_HiRES/data/hires/GSE223917_RAW/GSM7005754_OrgeEX052221.pairs.gz	EX05	blood
OrgeEX052223	/Volumes/SumSung500/CSU/0_HiRES/data/hires/GSE223917_RAW/GSM7005756_OrgeEX052223.pairs.gz	EX05	mix late mesenchyme
OrgeEX052224	/Volumes/SumSung500/CSU/0_HiRES/data/hires/GSE223917_RAW/GSM7005757_OrgeEX052224.pairs.gz	EX05	mix late mesenchyme
OrgeEX052226	/Volumes/SumSung500/CSU/0_HiRES/data/hires/GSE223917_RAW/GSM7005759_OrgeEX052226.pairs.gz	EX05	mix late mesenchyme
OrgeEX052227	/Volumes/SumSung500/CSU/0_HiRES/data/hires/GSE223917_RAW/GSM7005760_OrgeEX052227.pairs.gz	EX05	mix late mesenchyme
OrgeEX052228	/Volumes/SumSung500/CSU/0_HiRES/data/hires/GSE223917_RAW/GSM7005761_OrgeEX052228.pairs.gz	EX05	early mesenchyme
OrgeEX052229	/Volumes/SumSung500/CSU/0_HiRES/data/hires/GSE223917_RAW/GSM7005762_OrgeEX052229.pairs.gz	EX05	mix late mesenchyme
OrgeEX052232	/Volumes/SumSung500/CSU/0_HiRES/data/hires/GSE223917_RAW/GSM7005765_OrgeEX052232.pairs.gz	EX05	radial glias
OrgeEX052234	/Volumes/SumSung500/CSU/0_HiRES/data/hires/GSE223917_RAW/GSM7005767_OrgeEX052234.pairs.gz	EX05	notochord
OrgeEX052235	/Volumes/SumSung500/CSU/0_HiRES/data/hires/GSE223917_RAW/GSM7005768_OrgeEX052235.pairs.gz	EX05	mix late mesenchyme
OrgeEX052237	/Volumes/SumSung500/CSU/0_HiRES/data/hires/GSE223917_RAW/GSM7005770_OrgeEX052237.pairs.gz	EX05	intermediate mesoderm
OrgeEX052239	/Volumes/SumSung500/CSU/0_HiRES/data/hires/GSE223917_RAW/GSM7005772_OrgeEX052239.pairs.gz	EX05	mix late mesenchyme
OrgeEX052241	/Volumes/SumSung500/CSU/0_HiRES/data/hires/GSE223917_RAW/GSM7005774_OrgeEX052241.pairs.gz	EX05	mitosis
OrgeEX052244	/Volumes/SumSung500/CSU/0_HiRES/data/hires/GSE223917_RAW/GSM7005777_OrgeEX052244.pairs.gz	EX05	radial glias
OrgeEX052250	/Volumes/SumSung500/CSU/0_HiRES/data/hires/GSE223917_RAW/GSM7005782_OrgeEX052250.pairs.gz	EX05	radial glias
OrgeEX052251	/Volumes/SumSung500/CSU/0_HiRES/data/hires/GSE223917_RAW/GSM7005783_OrgeEX052251.pairs.gz	EX05	mitosis
OrgeEX052252	/Volumes/SumSung500/CSU/0_HiRES/data/hires/GSE223917_RAW/GSM7005784_OrgeEX052252.pairs.gz	EX05	notochord
OrgeEX052253	/Volumes/SumSung500/CSU/0_HiRES/data/hires/GSE223917_RAW/GSM7005785_OrgeEX052253.pairs.gz	EX05	mix late mesenchyme
OrgeEX052255	/Volumes/SumSung500/CSU/0_HiRES/data/hires/GSE223917_RAW/GSM7005787_OrgeEX052255.pairs.gz	EX05	oligodendrocytes and progenitors
OrgeEX052256	/Volumes/SumSung500/CSU/0_HiRES/data/hires/GSE223917_RAW/GSM7005788_OrgeEX052256.pairs.gz	EX05	epithelial cells
OrgeEX052258	/Volumes/SumSung500/CSU/0_HiRES/data/hires/GSE223917_RAW/GSM7005789_OrgeEX052258.pairs.gz	EX05	mix late mesenchyme
OrgeEX052260	/Volumes/SumSung500/CSU/0_HiRES/data/hires/GSE223917_RAW/GSM7005791_OrgeEX052260.pairs.gz	EX05	mix late mesenchyme
OrgeEX052261	/Volumes/SumSung500/CSU/0_HiRES/data/hires/GSE223917_RAW/GSM7005792_OrgeEX052261.pairs.gz	EX05	schwann cell precursors
OrgeEX052262	/Volumes/SumSung500/CSU/0_HiRES/data/hires/GSE223917_RAW/GSM7005793_OrgeEX052262.pairs.gz	EX05	early neurons
OrgeEX052263	/Volumes/SumSung500/CSU/0_HiRES/data/hires/GSE223917_RAW/GSM7005794_OrgeEX052263.pairs.gz	EX05	early neurons
OrgeEX052273	/Volumes/SumSung500/CSU/0_HiRES/data/hires/GSE223917_RAW/GSM7005803_OrgeEX052273.pairs.gz	EX05	early neurons
OrgeEX052276	/Volumes/SumSung500/CSU/0_HiRES/data/hires/GSE223917_RAW/GSM7005805_OrgeEX052276.pairs.gz	EX05	epithelial cells
OrgeEX052277	/Volumes/SumSung500/CSU/0_HiRES/data/hires/GSE223917_RAW/GSM7005806_OrgeEX052277.pairs.gz	EX05	mix late mesenchyme
OrgeEX052290	/Volumes/SumSung500/CSU/0_HiRES/data/hires/GSE223917_RAW/GSM7005819_OrgeEX052290.pairs.gz	EX05	mix late mesenchyme
OrgeEX052291	/Volumes/SumSung500/CSU/0_HiRES/data/hires/GSE223917_RAW/GSM7005820_OrgeEX052291.pairs.gz	EX05	early neurons
OrgeEX052295	/Volumes/SumSung500/CSU/0_HiRES/data/hires/GSE223917_RAW/GSM7005824_OrgeEX052295.pairs.gz	EX05	radial glias
OrgeEX052301	/Volumes/SumSung500/CSU/0_HiRES/data/hires/GSE223917_RAW/GSM7005830_OrgeEX052301.pairs.gz	EX05	mix late mesenchyme
OrgeEX052304	/Volumes/SumSung500/CSU/0_HiRES/data/hires/GSE223917_RAW/GSM7005833_OrgeEX052304.pairs.gz	EX05	mix late mesenchyme
OrgeEX052306	/Volumes/SumSung500/CSU/0_HiRES/data/hires/GSE223917_RAW/GSM7005835_OrgeEX052306.pairs.gz	EX05	intermediate mesoderm
OrgeEX052307	/Volumes/SumSung500/CSU/0_HiRES/data/hires/GSE223917_RAW/GSM7005836_OrgeEX052307.pairs.gz	EX05	mitosis
OrgeEX052308	/Volumes/SumSung500/CSU/0_HiRES/data/hires/GSE223917_RAW/GSM7005837_OrgeEX052308.pairs.gz	EX05	mix late mesenchyme
OrgeEX052310	/Volumes/SumSung500/CSU/0_HiRES/data/hires/GSE223917_RAW/GSM7005839_OrgeEX052310.pairs.gz	EX05	intermediate mesoderm
OrgeEX052312	/Volumes/SumSung500/CSU/0_HiRES/data/hires/GSE223917_RAW/GSM7005840_OrgeEX052312.pairs.gz	EX05	mix late mesenchyme
OrgeEX052314	/Volumes/SumSung500/CSU/0_HiRES/data/hires/GSE223917_RAW/GSM7005842_OrgeEX052314.pairs.gz	EX05	mitosis
OrgeEX052315	/Volumes/SumSung500/CSU/0_HiRES/data/hires/GSE223917_RAW/GSM7005843_OrgeEX052315.pairs.gz	EX05	early neurons
OrgeEX052316	/Volumes/SumSung500/CSU/0_HiRES/data/hires/GSE223917_RAW/GSM7005844_OrgeEX052316.pairs.gz	EX05	early mesenchyme
OrgeEX052317	/Volumes/SumSung500/CSU/0_HiRES/data/hires/GSE223917_RAW/GSM7005845_OrgeEX052317.pairs.gz	EX05	epithelial cells
OrgeEX052318	/Volumes/SumSung500/CSU/0_HiRES/data/hires/GSE223917_RAW/GSM7005846_OrgeEX052318.pairs.gz	EX05	radial glias
OrgeEX052319	/Volumes/SumSung500/CSU/0_HiRES/data/hires/GSE223917_RAW/GSM7005847_OrgeEX052319.pairs.gz	EX05	epithelial cells
OrgeEX052320	/Volumes/SumSung500/CSU/0_HiRES/data/hires/GSE223917_RAW/GSM7005848_OrgeEX052320.pairs.gz	EX05	radial glias
OrgeEX052321	/Volumes/SumSung500/CSU/0_HiRES/data/hires/GSE223917_RAW/GSM7005849_OrgeEX052321.pairs.gz	EX05	blood
OrgeEX052322	/Volumes/SumSung500/CSU/0_HiRES/data/hires/GSE223917_RAW/GSM7005850_OrgeEX052322.pairs.gz	EX05	mix late mesenchyme
OrgeEX052326	/Volumes/SumSung500/CSU/0_HiRES/data/hires/GSE223917_RAW/GSM7005854_OrgeEX052326.pairs.gz	EX05	mitosis
OrgeEX052328	/Volumes/SumSung500/CSU/0_HiRES/data/hires/GSE223917_RAW/GSM7005856_OrgeEX052328.pairs.gz	EX05	mix late mesenchyme
OrgeEX052330	/Volumes/SumSung500/CSU/0_HiRES/data/hires/GSE223917_RAW/GSM7005858_OrgeEX052330.pairs.gz	EX05	radial glias
OrgeEX052335	/Volumes/SumSung500/CSU/0_HiRES/data/hires/GSE223917_RAW/GSM7005863_OrgeEX052335.pairs.gz	EX05	mix late mesenchyme
OrgeEX052337	/Volumes/SumSung500/CSU/0_HiRES/data/hires/GSE223917_RAW/GSM7005865_OrgeEX052337.pairs.gz	EX05	oligodendrocytes and progenitors
OrgeEX052339	/Volumes/SumSung500/CSU/0_HiRES/data/hires/GSE223917_RAW/GSM7005867_OrgeEX052339.pairs.gz	EX05	mix late mesenchyme
OrgeEX052340	/Volumes/SumSung500/CSU/0_HiRES/data/hires/GSE223917_RAW/GSM7005868_OrgeEX052340.pairs.gz	EX05	blood
OrgeEX052341	/Volumes/SumSung500/CSU/0_HiRES/data/hires/GSE223917_RAW/GSM7005869_OrgeEX052341.pairs.gz	EX05	early neurons
OrgeEX052344	/Volumes/SumSung500/CSU/0_HiRES/data/hires/GSE223917_RAW/GSM7005872_OrgeEX052344.pairs.gz	EX05	mix late mesenchyme
OrgeEX052347	/Volumes/SumSung500/CSU/0_HiRES/data/hires/GSE223917_RAW/GSM7005875_OrgeEX052347.pairs.gz	EX05	mix late mesenchyme
OrgeEX052348	/Volumes/SumSung500/CSU/0_HiRES/data/hires/GSE223917_RAW/GSM7005876_OrgeEX052348.pairs.gz	EX05	oligodendrocytes and progenitors
OrgeEX052349	/Volumes/SumSung500/CSU/0_HiRES/data/hires/GSE223917_RAW/GSM7005877_OrgeEX052349.pairs.gz	EX05	intermediate mesoderm
OrgeEX052350	/Volumes/SumSung500/CSU/0_HiRES/data/hires/GSE223917_RAW/GSM7005878_OrgeEX052350.pairs.gz	EX05	early neurons
OrgeEX052351	/Volumes/SumSung500/CSU/0_HiRES/data/hires/GSE223917_RAW/GSM7005879_OrgeEX052351.pairs.gz	EX05	blood
OrgeEX052352	/Volumes/SumSung500/CSU/0_HiRES/data/hires/GSE223917_RAW/GSM7005880_OrgeEX052352.pairs.gz	EX05	intermediate mesoderm
OrgeEX052355	/Volumes/SumSung500/CSU/0_HiRES/data/hires/GSE223917_RAW/GSM7005883_OrgeEX052355.pairs.gz	EX05	blood
OrgeEX052357	/Volumes/SumSung500/CSU/0_HiRES/data/hires/GSE223917_RAW/GSM7005885_OrgeEX052357.pairs.gz	EX05	mitosis
OrgeEX052358	/Volumes/SumSung500/CSU/0_HiRES/data/hires/GSE223917_RAW/GSM7005886_OrgeEX052358.pairs.gz	EX05	early neurons
OrgeEX052362	/Volumes/SumSung500/CSU/0_HiRES/data/hires/GSE223917_RAW/GSM7005890_OrgeEX052362.pairs.gz	EX05	radial glias
OrgeEX052364	/Volumes/SumSung500/CSU/0_HiRES/data/hires/GSE223917_RAW/GSM7005892_OrgeEX052364.pairs.gz	EX05	early neurons
OrgeEX052365	/Volumes/SumSung500/CSU/0_HiRES/data/hires/GSE223917_RAW/GSM7005893_OrgeEX052365.pairs.gz	EX05	radial glias
OrgeEX052370	/Volumes/SumSung500/CSU/0_HiRES/data/hires/GSE223917_RAW/GSM7005898_OrgeEX052370.pairs.gz	EX05	radial glias
OrgeEX052374	/Volumes/SumSung500/CSU/0_HiRES/data/hires/GSE223917_RAW/GSM7005902_OrgeEX052374.pairs.gz	EX05	radial glias
OrgeEX052375	/Volumes/SumSung500/CSU/0_HiRES/data/hires/GSE223917_RAW/GSM7005903_OrgeEX052375.pairs.gz	EX05	mitosis
OrgeEX052377	/Volumes/SumSung500/CSU/0_HiRES/data/hires/GSE223917_RAW/GSM7005905_OrgeEX052377.pairs.gz	EX05	mitosis
OrgeEX052380	/Volumes/SumSung500/CSU/0_HiRES/data/hires/GSE223917_RAW/GSM7005908_OrgeEX052380.pairs.gz	EX05	early neurons
OrgeEX052383	/Volumes/SumSung500/CSU/0_HiRES/data/hires/GSE223917_RAW/GSM7005910_OrgeEX052383.pairs.gz	EX05	blood
OrgeEX053001	/Volumes/SumSung500/CSU/0_HiRES/data/hires/GSE223917_RAW/GSM7005912_OrgeEX053001.pairs.gz	EX05	mix late mesenchyme
OrgeEX053002	/Volumes/SumSung500/CSU/0_HiRES/data/hires/GSE223917_RAW/GSM7005913_OrgeEX053002.pairs.gz	EX05	intermediate mesoderm
OrgeEX053003	/Volumes/SumSung500/CSU/0_HiRES/data/hires/GSE223917_RAW/GSM7005914_OrgeEX053003.pairs.gz	EX05	early neurons
OrgeEX053004	/Volumes/SumSung500/CSU/0_HiRES/data/hires/GSE223917_RAW/GSM7005915_OrgeEX053004.pairs.gz	EX05	mix late mesenchyme
OrgeEX053005	/Volumes/SumSung500/CSU/0_HiRES/data/hires/GSE223917_RAW/GSM7005916_OrgeEX053005.pairs.gz	EX05	early neurons
OrgeEX053006	/Volumes/SumSung500/CSU/0_HiRES/data/hires/GSE223917_RAW/GSM7005917_OrgeEX053006.pairs.gz	EX05	mix late mesenchyme
OrgeEX053007	/Volumes/SumSung500/CSU/0_HiRES/data/hires/GSE223917_RAW/GSM7005918_OrgeEX053007.pairs.gz	EX05	oligodendrocytes and progenitors
OrgeEX053008	/Volumes/SumSung500/CSU/0_HiRES/data/hires/GSE223917_RAW/GSM7005919_OrgeEX053008.pairs.gz	EX05	mix late mesenchyme
OrgeEX053009	/Volumes/SumSung500/CSU/0_HiRES/data/hires/GSE223917_RAW/GSM7005920_OrgeEX053009.pairs.gz	EX05	intermediate mesoderm
OrgeEX053010	/Volumes/SumSung500/CSU/0_HiRES/data/hires/GSE223917_RAW/GSM7005921_OrgeEX053010.pairs.gz	EX05	mix late mesenchyme
OrgeEX053011	/Volumes/SumSung500/CSU/0_HiRES/data/hires/GSE223917_RAW/GSM7005922_OrgeEX053011.pairs.gz	EX05	epithelial cells
OrgeEX053012	/Volumes/SumSung500/CSU/0_HiRES/data/hires/GSE223917_RAW/GSM7005923_OrgeEX053012.pairs.gz	EX05	oligodendrocytes and progenitors
OrgeEX053013	/Volumes/SumSung500/CSU/0_HiRES/data/hires/GSE223917_RAW/GSM7005924_OrgeEX053013.pairs.gz	EX05	mix late mesenchyme
OrgeEX053014	/Volumes/SumSung500/CSU/0_HiRES/data/hires/GSE223917_RAW/GSM7005925_OrgeEX053014.pairs.gz	EX05	radial glias
OrgeEX053015	/Volumes/SumSung500/CSU/0_HiRES/data/hires/GSE223917_RAW/GSM7005926_OrgeEX053015.pairs.gz	EX05	blood
OrgeEX053016	/Volumes/SumSung500/CSU/0_HiRES/data/hires/GSE223917_RAW/GSM7005927_OrgeEX053016.pairs.gz	EX05	mix late mesenchyme
OrgeEX053017	/Volumes/SumSung500/CSU/0_HiRES/data/hires/GSE223917_RAW/GSM7005928_OrgeEX053017.pairs.gz	EX05	mix late mesenchyme
OrgeEX053019	/Volumes/SumSung500/CSU/0_HiRES/data/hires/GSE223917_RAW/GSM7005930_OrgeEX053019.pairs.gz	EX05	epithelial cells
OrgeEX053020	/Volumes/SumSung500/CSU/0_HiRES/data/hires/GSE223917_RAW/GSM7005931_OrgeEX053020.pairs.gz	EX05	radial glias
OrgeEX053022	/Volumes/SumSung500/CSU/0_HiRES/data/hires/GSE223917_RAW/GSM7005932_OrgeEX053022.pairs.gz	EX05	mix late mesenchyme
OrgeEX053023	/Volumes/SumSung500/CSU/0_HiRES/data/hires/GSE223917_RAW/GSM7005933_OrgeEX053023.pairs.gz	EX05	mix late mesenchyme
OrgeEX053024	/Volumes/SumSung500/CSU/0_HiRES/data/hires/GSE223917_RAW/GSM7005934_OrgeEX053024.pairs.gz	EX05	mix late mesenchyme
OrgeEX053025	/Volumes/SumSung500/CSU/0_HiRES/data/hires/GSE223917_RAW/GSM7005935_OrgeEX053025.pairs.gz	EX05	radial glias
OrgeEX053026	/Volumes/SumSung500/CSU/0_HiRES/data/hires/GSE223917_RAW/GSM7005936_OrgeEX053026.pairs.gz	EX05	mix late mesenchyme
OrgeEX053028	/Volumes/SumSung500/CSU/0_HiRES/data/hires/GSE223917_RAW/GSM7005938_OrgeEX053028.pairs.gz	EX05	mix late mesenchyme
OrgeEX053030	/Volumes/SumSung500/CSU/0_HiRES/data/hires/GSE223917_RAW/GSM7005940_OrgeEX053030.pairs.gz	EX05	intermediate mesoderm
OrgeEX053031	/Volumes/SumSung500/CSU/0_HiRES/data/hires/GSE223917_RAW/GSM7005941_OrgeEX053031.pairs.gz	EX05	blood
OrgeEX053032	/Volumes/SumSung500/CSU/0_HiRES/data/hires/GSE223917_RAW/GSM7005942_OrgeEX053032.pairs.gz	EX05	mix late mesenchyme
OrgeEX053033	/Volumes/SumSung500/CSU/0_HiRES/data/hires/GSE223917_RAW/GSM7005943_OrgeEX053033.pairs.gz	EX05	oligodendrocytes and progenitors
OrgeEX053034	/Volumes/SumSung500/CSU/0_HiRES/data/hires/GSE223917_RAW/GSM7005944_OrgeEX053034.pairs.gz	EX05	early mesoderm
OrgeEX053035	/Volumes/SumSung500/CSU/0_HiRES/data/hires/GSE223917_RAW/GSM7005945_OrgeEX053035.pairs.gz	EX05	mix late mesenchyme
OrgeEX053036	/Volumes/SumSung500/CSU/0_HiRES/data/hires/GSE223917_RAW/GSM7005946_OrgeEX053036.pairs.gz	EX05	early neurons
OrgeEX053037	/Volumes/SumSung500/CSU/0_HiRES/data/hires/GSE223917_RAW/GSM7005947_OrgeEX053037.pairs.gz	EX05	mix late mesenchyme
OrgeEX053039	/Volumes/SumSung500/CSU/0_HiRES/data/hires/GSE223917_RAW/GSM7005949_OrgeEX053039.pairs.gz	EX05	blood
OrgeEX053040	/Volumes/SumSung500/CSU/0_HiRES/data/hires/GSE223917_RAW/GSM7005950_OrgeEX053040.pairs.gz	EX05	mix late mesenchyme
OrgeEX053041	/Volumes/SumSung500/CSU/0_HiRES/data/hires/GSE223917_RAW/GSM7005951_OrgeEX053041.pairs.gz	EX05	mitosis
OrgeEX053042	/Volumes/SumSung500/CSU/0_HiRES/data/hires/GSE223917_RAW/GSM7005952_OrgeEX053042.pairs.gz	EX05	oligodendrocytes and progenitors
OrgeEX053043	/Volumes/SumSung500/CSU/0_HiRES/data/hires/GSE223917_RAW/GSM7005953_OrgeEX053043.pairs.gz	EX05	mix late mesenchyme
OrgeEX053044	/Volumes/SumSung500/CSU/0_HiRES/data/hires/GSE223917_RAW/GSM7005954_OrgeEX053044.pairs.gz	EX05	mitosis
OrgeEX053045	/Volumes/SumSung500/CSU/0_HiRES/data/hires/GSE223917_RAW/GSM7005955_OrgeEX053045.pairs.gz	EX05	early neurons
OrgeEX053046	/Volumes/SumSung500/CSU/0_HiRES/data/hires/GSE223917_RAW/GSM7005956_OrgeEX053046.pairs.gz	EX05	intermediate mesoderm
OrgeEX053047	/Volumes/SumSung500/CSU/0_HiRES/data/hires/GSE223917_RAW/GSM7005957_OrgeEX053047.pairs.gz	EX05	mix late mesenchyme
OrgeEX053048	/Volumes/SumSung500/CSU/0_HiRES/data/hires/GSE223917_RAW/GSM7005958_OrgeEX053048.pairs.gz	EX05	mitosis
OrgeEX053049	/Volumes/SumSung500/CSU/0_HiRES/data/hires/GSE223917_RAW/GSM7005959_OrgeEX053049.pairs.gz	EX05	mix late mesenchyme
OrgeEX053050	/Volumes/SumSung500/CSU/0_HiRES/data/hires/GSE223917_RAW/GSM7005960_OrgeEX053050.pairs.gz	EX05	mix late mesenchyme
OrgeEX053051	/Volumes/SumSung500/CSU/0_HiRES/data/hires/GSE223917_RAW/GSM7005961_OrgeEX053051.pairs.gz	EX05	mitosis
OrgeEX053052	/Volumes/SumSung500/CSU/0_HiRES/data/hires/GSE223917_RAW/GSM7005962_OrgeEX053052.pairs.gz	EX05	mix late mesenchyme
OrgeEX053054	/Volumes/SumSung500/CSU/0_HiRES/data/hires/GSE223917_RAW/GSM7005964_OrgeEX053054.pairs.gz	EX05	mitosis
OrgeEX053055	/Volumes/SumSung500/CSU/0_HiRES/data/hires/GSE223917_RAW/GSM7005965_OrgeEX053055.pairs.gz	EX05	oligodendrocytes and progenitors
OrgeEX053056	/Volumes/SumSung500/CSU/0_HiRES/data/hires/GSE223917_RAW/GSM7005966_OrgeEX053056.pairs.gz	EX05	radial glias
OrgeEX053057	/Volumes/SumSung500/CSU/0_HiRES/data/hires/GSE223917_RAW/GSM7005967_OrgeEX053057.pairs.gz	EX05	mix late mesenchyme
OrgeEX053058	/Volumes/SumSung500/CSU/0_HiRES/data/hires/GSE223917_RAW/GSM7005968_OrgeEX053058.pairs.gz	EX05	radial glias
OrgeEX053059	/Volumes/SumSung500/CSU/0_HiRES/data/hires/GSE223917_RAW/GSM7005969_OrgeEX053059.pairs.gz	EX05	mix late mesenchyme
OrgeEX053060	/Volumes/SumSung500/CSU/0_HiRES/data/hires/GSE223917_RAW/GSM7005970_OrgeEX053060.pairs.gz	EX05	early neurons
OrgeEX053061	/Volumes/SumSung500/CSU/0_HiRES/data/hires/GSE223917_RAW/GSM7005971_OrgeEX053061.pairs.gz	EX05	myocytes
OrgeEX053062	/Volumes/SumSung500/CSU/0_HiRES/data/hires/GSE223917_RAW/GSM7005972_OrgeEX053062.pairs.gz	EX05	oligodendrocytes and progenitors
OrgeEX053063	/Volumes/SumSung500/CSU/0_HiRES/data/hires/GSE223917_RAW/GSM7005973_OrgeEX053063.pairs.gz	EX05	mix late mesenchyme
OrgeEX053064	/Volumes/SumSung500/CSU/0_HiRES/data/hires/GSE223917_RAW/GSM7005974_OrgeEX053064.pairs.gz	EX05	mix late mesenchyme
OrgeEX053065	/Volumes/SumSung500/CSU/0_HiRES/data/hires/GSE223917_RAW/GSM7005975_OrgeEX053065.pairs.gz	EX05	radial glias
OrgeEX053066	/Volumes/SumSung500/CSU/0_HiRES/data/hires/GSE223917_RAW/GSM7005976_OrgeEX053066.pairs.gz	EX05	mix late mesenchyme
OrgeEX053067	/Volumes/SumSung500/CSU/0_HiRES/data/hires/GSE223917_RAW/GSM7005977_OrgeEX053067.pairs.gz	EX05	radial glias
OrgeEX053068	/Volumes/SumSung500/CSU/0_HiRES/data/hires/GSE223917_RAW/GSM7005978_OrgeEX053068.pairs.gz	EX05	mix late mesenchyme
OrgeEX053069	/Volumes/SumSung500/CSU/0_HiRES/data/hires/GSE223917_RAW/GSM7005979_OrgeEX053069.pairs.gz	EX05	blood
OrgeEX053070	/Volumes/SumSung500/CSU/0_HiRES/data/hires/GSE223917_RAW/GSM7005980_OrgeEX053070.pairs.gz	EX05	mix late mesenchyme
OrgeEX053071	/Volumes/SumSung500/CSU/0_HiRES/data/hires/GSE223917_RAW/GSM7005981_OrgeEX053071.pairs.gz	EX05	radial glias
OrgeEX053072	/Volumes/SumSung500/CSU/0_HiRES/data/hires/GSE223917_RAW/GSM7005982_OrgeEX053072.pairs.gz	EX05	mix late mesenchyme
OrgeEX053073	/Volumes/SumSung500/CSU/0_HiRES/data/hires/GSE223917_RAW/GSM7005983_OrgeEX053073.pairs.gz	EX05	mix late mesenchyme
OrgeEX053074	/Volumes/SumSung500/CSU/0_HiRES/data/hires/GSE223917_RAW/GSM7005984_OrgeEX053074.pairs.gz	EX05	intermediate mesoderm
OrgeEX053075	/Volumes/SumSung500/CSU/0_HiRES/data/hires/GSE223917_RAW/GSM7005985_OrgeEX053075.pairs.gz	EX05	radial glias
OrgeEX053076	/Volumes/SumSung500/CSU/0_HiRES/data/hires/GSE223917_RAW/GSM7005986_OrgeEX053076.pairs.gz	EX05	oligodendrocytes and progenitors
OrgeEX053077	/Volumes/SumSung500/CSU/0_HiRES/data/hires/GSE223917_RAW/GSM7005987_OrgeEX053077.pairs.gz	EX05	mix late mesenchyme
OrgeEX053078	/Volumes/SumSung500/CSU/0_HiRES/data/hires/GSE223917_RAW/GSM7005988_OrgeEX053078.pairs.gz	EX05	myocytes
OrgeEX053079	/Volumes/SumSung500/CSU/0_HiRES/data/hires/GSE223917_RAW/GSM7005989_OrgeEX053079.pairs.gz	EX05	mitosis
OrgeEX053080	/Volumes/SumSung500/CSU/0_HiRES/data/hires/GSE223917_RAW/GSM7005990_OrgeEX053080.pairs.gz	EX05	blood
OrgeEX053081	/Volumes/SumSung500/CSU/0_HiRES/data/hires/GSE223917_RAW/GSM7005991_OrgeEX053081.pairs.gz	EX05	intermediate mesoderm
OrgeEX053082	/Volumes/SumSung500/CSU/0_HiRES/data/hires/GSE223917_RAW/GSM7005992_OrgeEX053082.pairs.gz	EX05	blood
OrgeEX053083	/Volumes/SumSung500/CSU/0_HiRES/data/hires/GSE223917_RAW/GSM7005993_OrgeEX053083.pairs.gz	EX05	blood
OrgeEX053084	/Volumes/SumSung500/CSU/0_HiRES/data/hires/GSE223917_RAW/GSM7005994_OrgeEX053084.pairs.gz	EX05	early neurons
OrgeEX053085	/Volumes/SumSung500/CSU/0_HiRES/data/hires/GSE223917_RAW/GSM7005995_OrgeEX053085.pairs.gz	EX05	mix late mesenchyme
OrgeEX053086	/Volumes/SumSung500/CSU/0_HiRES/data/hires/GSE223917_RAW/GSM7005996_OrgeEX053086.pairs.gz	EX05	early mesenchyme
OrgeEX053087	/Volumes/SumSung500/CSU/0_HiRES/data/hires/GSE223917_RAW/GSM7005997_OrgeEX053087.pairs.gz	EX05	radial glias
OrgeEX053088	/Volumes/SumSung500/CSU/0_HiRES/data/hires/GSE223917_RAW/GSM7005998_OrgeEX053088.pairs.gz	EX05	myocytes
OrgeEX053089	/Volumes/SumSung500/CSU/0_HiRES/data/hires/GSE223917_RAW/GSM7005999_OrgeEX053089.pairs.gz	EX05	mix late mesenchyme
OrgeEX053091	/Volumes/SumSung500/CSU/0_HiRES/data/hires/GSE223917_RAW/GSM7006001_OrgeEX053091.pairs.gz	EX05	early neurons
OrgeEX053092	/Volumes/SumSung500/CSU/0_HiRES/data/hires/GSE223917_RAW/GSM7006002_OrgeEX053092.pairs.gz	EX05	blood
OrgeEX053093	/Volumes/SumSung500/CSU/0_HiRES/data/hires/GSE223917_RAW/GSM7006003_OrgeEX053093.pairs.gz	EX05	oligodendrocytes and progenitors
OrgeEX053095	/Volumes/SumSung500/CSU/0_HiRES/data/hires/GSE223917_RAW/GSM7006005_OrgeEX053095.pairs.gz	EX05	early neurons
OrgeEX053098	/Volumes/SumSung500/CSU/0_HiRES/data/hires/GSE223917_RAW/GSM7006008_OrgeEX053098.pairs.gz	EX05	early neurons
OrgeEX053100	/Volumes/SumSung500/CSU/0_HiRES/data/hires/GSE223917_RAW/GSM7006010_OrgeEX053100.pairs.gz	EX05	radial glias
OrgeEX053103	/Volumes/SumSung500/CSU/0_HiRES/data/hires/GSE223917_RAW/GSM7006013_OrgeEX053103.pairs.gz	EX05	mix late mesenchyme
OrgeEX053104	/Volumes/SumSung500/CSU/0_HiRES/data/hires/GSE223917_RAW/GSM7006014_OrgeEX053104.pairs.gz	EX05	early neurons
OrgeEX053105	/Volumes/SumSung500/CSU/0_HiRES/data/hires/GSE223917_RAW/GSM7006015_OrgeEX053105.pairs.gz	EX05	mix late mesenchyme
OrgeEX053106	/Volumes/SumSung500/CSU/0_HiRES/data/hires/GSE223917_RAW/GSM7006016_OrgeEX053106.pairs.gz	EX05	early mesoderm
OrgeEX053107	/Volumes/SumSung500/CSU/0_HiRES/data/hires/GSE223917_RAW/GSM7006017_OrgeEX053107.pairs.gz	EX05	oligodendrocytes and progenitors
OrgeEX053108	/Volumes/SumSung500/CSU/0_HiRES/data/hires/GSE223917_RAW/GSM7006018_OrgeEX053108.pairs.gz	EX05	mix late mesenchyme
OrgeEX053109	/Volumes/SumSung500/CSU/0_HiRES/data/hires/GSE223917_RAW/GSM7006019_OrgeEX053109.pairs.gz	EX05	mix late mesenchyme
OrgeEX053110	/Volumes/SumSung500/CSU/0_HiRES/data/hires/GSE223917_RAW/GSM7006020_OrgeEX053110.pairs.gz	EX05	radial glias
OrgeEX053111	/Volumes/SumSung500/CSU/0_HiRES/data/hires/GSE223917_RAW/GSM7006021_OrgeEX053111.pairs.gz	EX05	mix late mesenchyme
OrgeEX053112	/Volumes/SumSung500/CSU/0_HiRES/data/hires/GSE223917_RAW/GSM7006022_OrgeEX053112.pairs.gz	EX05	intermediate mesoderm
OrgeEX053113	/Volumes/SumSung500/CSU/0_HiRES/data/hires/GSE223917_RAW/GSM7006023_OrgeEX053113.pairs.gz	EX05	radial glias
OrgeEX053114	/Volumes/SumSung500/CSU/0_HiRES/data/hires/GSE223917_RAW/GSM7006024_OrgeEX053114.pairs.gz	EX05	oligodendrocytes and progenitors
OrgeEX053115	/Volumes/SumSung500/CSU/0_HiRES/data/hires/GSE223917_RAW/GSM7006025_OrgeEX053115.pairs.gz	EX05	mix late mesenchyme
OrgeEX053116	/Volumes/SumSung500/CSU/0_HiRES/data/hires/GSE223917_RAW/GSM7006026_OrgeEX053116.pairs.gz	EX05	mix late mesenchyme
OrgeEX053117	/Volumes/SumSung500/CSU/0_HiRES/data/hires/GSE223917_RAW/GSM7006027_OrgeEX053117.pairs.gz	EX05	epithelial cells
OrgeEX053118	/Volumes/SumSung500/CSU/0_HiRES/data/hires/GSE223917_RAW/GSM7006028_OrgeEX053118.pairs.gz	EX05	early mesoderm
OrgeEX053119	/Volumes/SumSung500/CSU/0_HiRES/data/hires/GSE223917_RAW/GSM7006029_OrgeEX053119.pairs.gz	EX05	early neurons
OrgeEX053120	/Volumes/SumSung500/CSU/0_HiRES/data/hires/GSE223917_RAW/GSM7006030_OrgeEX053120.pairs.gz	EX05	blood
OrgeEX053121	/Volumes/SumSung500/CSU/0_HiRES/data/hires/GSE223917_RAW/GSM7006031_OrgeEX053121.pairs.gz	EX05	oligodendrocytes and progenitors
OrgeEX053122	/Volumes/SumSung500/CSU/0_HiRES/data/hires/GSE223917_RAW/GSM7006032_OrgeEX053122.pairs.gz	EX05	mix late mesenchyme
OrgeEX053123	/Volumes/SumSung500/CSU/0_HiRES/data/hires/GSE223917_RAW/GSM7006033_OrgeEX053123.pairs.gz	EX05	intermediate mesoderm
OrgeEX053124	/Volumes/SumSung500/CSU/0_HiRES/data/hires/GSE223917_RAW/GSM7006034_OrgeEX053124.pairs.gz	EX05	mitosis
OrgeEX053125	/Volumes/SumSung500/CSU/0_HiRES/data/hires/GSE223917_RAW/GSM7006035_OrgeEX053125.pairs.gz	EX05	blood
OrgeEX053126	/Volumes/SumSung500/CSU/0_HiRES/data/hires/GSE223917_RAW/GSM7006036_OrgeEX053126.pairs.gz	EX05	radial glias
OrgeEX053127	/Volumes/SumSung500/CSU/0_HiRES/data/hires/GSE223917_RAW/GSM7006037_OrgeEX053127.pairs.gz	EX05	blood
OrgeEX053128	/Volumes/SumSung500/CSU/0_HiRES/data/hires/GSE223917_RAW/GSM7006038_OrgeEX053128.pairs.gz	EX05	radial glias
OrgeEX053129	/Volumes/SumSung500/CSU/0_HiRES/data/hires/GSE223917_RAW/GSM7006039_OrgeEX053129.pairs.gz	EX05	mix late mesenchyme
OrgeEX053130	/Volumes/SumSung500/CSU/0_HiRES/data/hires/GSE223917_RAW/GSM7006040_OrgeEX053130.pairs.gz	EX05	mix late mesenchyme
OrgeEX053131	/Volumes/SumSung500/CSU/0_HiRES/data/hires/GSE223917_RAW/GSM7006041_OrgeEX053131.pairs.gz	EX05	intermediate mesoderm
OrgeEX053132	/Volumes/SumSung500/CSU/0_HiRES/data/hires/GSE223917_RAW/GSM7006042_OrgeEX053132.pairs.gz	EX05	blood
OrgeEX053133	/Volumes/SumSung500/CSU/0_HiRES/data/hires/GSE223917_RAW/GSM7006043_OrgeEX053133.pairs.gz	EX05	mix late mesenchyme
OrgeEX053134	/Volumes/SumSung500/CSU/0_HiRES/data/hires/GSE223917_RAW/GSM7006044_OrgeEX053134.pairs.gz	EX05	notochord
OrgeEX053135	/Volumes/SumSung500/CSU/0_HiRES/data/hires/GSE223917_RAW/GSM7006045_OrgeEX053135.pairs.gz	EX05	intermediate mesoderm
OrgeEX053136	/Volumes/SumSung500/CSU/0_HiRES/data/hires/GSE223917_RAW/GSM7006046_OrgeEX053136.pairs.gz	EX05	mix late mesenchyme
OrgeEX053137	/Volumes/SumSung500/CSU/0_HiRES/data/hires/GSE223917_RAW/GSM7006047_OrgeEX053137.pairs.gz	EX05	mix late mesenchyme
OrgeEX053138	/Volumes/SumSung500/CSU/0_HiRES/data/hires/GSE223917_RAW/GSM7006048_OrgeEX053138.pairs.gz	EX05	radial glias
OrgeEX053140	/Volumes/SumSung500/CSU/0_HiRES/data/hires/GSE223917_RAW/GSM7006049_OrgeEX053140.pairs.gz	EX05	mix late mesenchyme
OrgeEX053141	/Volumes/SumSung500/CSU/0_HiRES/data/hires/GSE223917_RAW/GSM7006050_OrgeEX053141.pairs.gz	EX05	radial glias
OrgeEX053142	/Volumes/SumSung500/CSU/0_HiRES/data/hires/GSE223917_RAW/GSM7006051_OrgeEX053142.pairs.gz	EX05	early neurons
OrgeEX053143	/Volumes/SumSung500/CSU/0_HiRES/data/hires/GSE223917_RAW/GSM7006052_OrgeEX053143.pairs.gz	EX05	mix late mesenchyme
OrgeEX053144	/Volumes/SumSung500/CSU/0_HiRES/data/hires/GSE223917_RAW/GSM7006053_OrgeEX053144.pairs.gz	EX05	mix late mesenchyme
OrgeEX053145	/Volumes/SumSung500/CSU/0_HiRES/data/hires/GSE223917_RAW/GSM7006054_OrgeEX053145.pairs.gz	EX05	endoderm
OrgeEX053146	/Volumes/SumSung500/CSU/0_HiRES/data/hires/GSE223917_RAW/GSM7006055_OrgeEX053146.pairs.gz	EX05	mix late mesenchyme
OrgeEX053147	/Volumes/SumSung500/CSU/0_HiRES/data/hires/GSE223917_RAW/GSM7006056_OrgeEX053147.pairs.gz	EX05	mix late mesenchyme
OrgeEX053148	/Volumes/SumSung500/CSU/0_HiRES/data/hires/GSE223917_RAW/GSM7006057_OrgeEX053148.pairs.gz	EX05	early neurons
OrgeEX053149	/Volumes/SumSung500/CSU/0_HiRES/data/hires/GSE223917_RAW/GSM7006058_OrgeEX053149.pairs.gz	EX05	early neurons
OrgeEX053150	/Volumes/SumSung500/CSU/0_HiRES/data/hires/GSE223917_RAW/GSM7006059_OrgeEX053150.pairs.gz	EX05	early neurons
OrgeEX053151	/Volumes/SumSung500/CSU/0_HiRES/data/hires/GSE223917_RAW/GSM7006060_OrgeEX053151.pairs.gz	EX05	mix late mesenchyme
OrgeEX053152	/Volumes/SumSung500/CSU/0_HiRES/data/hires/GSE223917_RAW/GSM7006061_OrgeEX053152.pairs.gz	EX05	myocytes
OrgeEX053153	/Volumes/SumSung500/CSU/0_HiRES/data/hires/GSE223917_RAW/GSM7006062_OrgeEX053153.pairs.gz	EX05	blood
OrgeEX053155	/Volumes/SumSung500/CSU/0_HiRES/data/hires/GSE223917_RAW/GSM7006064_OrgeEX053155.pairs.gz	EX05	schwann cell precursors
OrgeEX053156	/Volumes/SumSung500/CSU/0_HiRES/data/hires/GSE223917_RAW/GSM7006065_OrgeEX053156.pairs.gz	EX05	mix late mesenchyme
OrgeEX053157	/Volumes/SumSung500/CSU/0_HiRES/data/hires/GSE223917_RAW/GSM7006066_OrgeEX053157.pairs.gz	EX05	radial glias
OrgeEX053158	/Volumes/SumSung500/CSU/0_HiRES/data/hires/GSE223917_RAW/GSM7006067_OrgeEX053158.pairs.gz	EX05	mix late mesenchyme
OrgeEX053159	/Volumes/SumSung500/CSU/0_HiRES/data/hires/GSE223917_RAW/GSM7006068_OrgeEX053159.pairs.gz	EX05	blood
OrgeEX053160	/Volumes/SumSung500/CSU/0_HiRES/data/hires/GSE223917_RAW/GSM7006069_OrgeEX053160.pairs.gz	EX05	intermediate mesoderm
OrgeEX053161	/Volumes/SumSung500/CSU/0_HiRES/data/hires/GSE223917_RAW/GSM7006070_OrgeEX053161.pairs.gz	EX05	mix late mesenchyme
OrgeEX053162	/Volumes/SumSung500/CSU/0_HiRES/data/hires/GSE223917_RAW/GSM7006071_OrgeEX053162.pairs.gz	EX05	mix late mesenchyme
OrgeEX053163	/Volumes/SumSung500/CSU/0_HiRES/data/hires/GSE223917_RAW/GSM7006072_OrgeEX053163.pairs.gz	EX05	notochord
OrgeEX053164	/Volumes/SumSung500/CSU/0_HiRES/data/hires/GSE223917_RAW/GSM7006073_OrgeEX053164.pairs.gz	EX05	mix late mesenchyme
OrgeEX053165	/Volumes/SumSung500/CSU/0_HiRES/data/hires/GSE223917_RAW/GSM7006074_OrgeEX053165.pairs.gz	EX05	mix late mesenchyme
OrgeEX053166	/Volumes/SumSung500/CSU/0_HiRES/data/hires/GSE223917_RAW/GSM7006075_OrgeEX053166.pairs.gz	EX05	early neurons
OrgeEX053167	/Volumes/SumSung500/CSU/0_HiRES/data/hires/GSE223917_RAW/GSM7006076_OrgeEX053167.pairs.gz	EX05	early neurons
OrgeEX053168	/Volumes/SumSung500/CSU/0_HiRES/data/hires/GSE223917_RAW/GSM7006077_OrgeEX053168.pairs.gz	EX05	mitosis
OrgeEX053169	/Volumes/SumSung500/CSU/0_HiRES/data/hires/GSE223917_RAW/GSM7006078_OrgeEX053169.pairs.gz	EX05	early neurons
OrgeEX053170	/Volumes/SumSung500/CSU/0_HiRES/data/hires/GSE223917_RAW/GSM7006079_OrgeEX053170.pairs.gz	EX05	mix late mesenchyme
OrgeEX053171	/Volumes/SumSung500/CSU/0_HiRES/data/hires/GSE223917_RAW/GSM7006080_OrgeEX053171.pairs.gz	EX05	intermediate mesoderm
OrgeEX053172	/Volumes/SumSung500/CSU/0_HiRES/data/hires/GSE223917_RAW/GSM7006081_OrgeEX053172.pairs.gz	EX05	radial glias
OrgeEX053173	/Volumes/SumSung500/CSU/0_HiRES/data/hires/GSE223917_RAW/GSM7006082_OrgeEX053173.pairs.gz	EX05	myocytes
OrgeEX053174	/Volumes/SumSung500/CSU/0_HiRES/data/hires/GSE223917_RAW/GSM7006083_OrgeEX053174.pairs.gz	EX05	mix late mesenchyme
OrgeEX053175	/Volumes/SumSung500/CSU/0_HiRES/data/hires/GSE223917_RAW/GSM7006084_OrgeEX053175.pairs.gz	EX05	mix late mesenchyme
OrgeEX053176	/Volumes/SumSung500/CSU/0_HiRES/data/hires/GSE223917_RAW/GSM7006085_OrgeEX053176.pairs.gz	EX05	epithelial cells
OrgeEX053177	/Volumes/SumSung500/CSU/0_HiRES/data/hires/GSE223917_RAW/GSM7006086_OrgeEX053177.pairs.gz	EX05	mix late mesenchyme
OrgeEX053178	/Volumes/SumSung500/CSU/0_HiRES/data/hires/GSE223917_RAW/GSM7006087_OrgeEX053178.pairs.gz	EX05	mix late mesenchyme
OrgeEX053179	/Volumes/SumSung500/CSU/0_HiRES/data/hires/GSE223917_RAW/GSM7006088_OrgeEX053179.pairs.gz	EX05	myocytes
OrgeEX053180	/Volumes/SumSung500/CSU/0_HiRES/data/hires/GSE223917_RAW/GSM7006089_OrgeEX053180.pairs.gz	EX05	mix late mesenchyme
OrgeEX053182	/Volumes/SumSung500/CSU/0_HiRES/data/hires/GSE223917_RAW/GSM7006091_OrgeEX053182.pairs.gz	EX05	mix late mesenchyme
OrgeEX053183	/Volumes/SumSung500/CSU/0_HiRES/data/hires/GSE223917_RAW/GSM7006092_OrgeEX053183.pairs.gz	EX05	radial glias
OrgeEX053184	/Volumes/SumSung500/CSU/0_HiRES/data/hires/GSE223917_RAW/GSM7006093_OrgeEX053184.pairs.gz	EX05	radial glias
OrgeEX053185	/Volumes/SumSung500/CSU/0_HiRES/data/hires/GSE223917_RAW/GSM7006094_OrgeEX053185.pairs.gz	EX05	radial glias
OrgeEX053186	/Volumes/SumSung500/CSU/0_HiRES/data/hires/GSE223917_RAW/GSM7006095_OrgeEX053186.pairs.gz	EX05	early neurons
OrgeEX053188	/Volumes/SumSung500/CSU/0_HiRES/data/hires/GSE223917_RAW/GSM7006097_OrgeEX053188.pairs.gz	EX05	early neurons
OrgeEX053189	/Volumes/SumSung500/CSU/0_HiRES/data/hires/GSE223917_RAW/GSM7006098_OrgeEX053189.pairs.gz	EX05	mix late mesenchyme
OrgeEX053190	/Volumes/SumSung500/CSU/0_HiRES/data/hires/GSE223917_RAW/GSM7006099_OrgeEX053190.pairs.gz	EX05	myocytes
OrgeEX053191	/Volumes/SumSung500/CSU/0_HiRES/data/hires/GSE223917_RAW/GSM7006100_OrgeEX053191.pairs.gz	EX05	schwann cell precursors
OrgeEX053192	/Volumes/SumSung500/CSU/0_HiRES/data/hires/GSE223917_RAW/GSM7006101_OrgeEX053192.pairs.gz	EX05	intermediate mesoderm
OrgeEX053193	/Volumes/SumSung500/CSU/0_HiRES/data/hires/GSE223917_RAW/GSM7006102_OrgeEX053193.pairs.gz	EX05	mix late mesenchyme
OrgeEX053194	/Volumes/SumSung500/CSU/0_HiRES/data/hires/GSE223917_RAW/GSM7006103_OrgeEX053194.pairs.gz	EX05	radial glias
OrgeEX053195	/Volumes/SumSung500/CSU/0_HiRES/data/hires/GSE223917_RAW/GSM7006104_OrgeEX053195.pairs.gz	EX05	early neurons
OrgeEX053196	/Volumes/SumSung500/CSU/0_HiRES/data/hires/GSE223917_RAW/GSM7006105_OrgeEX053196.pairs.gz	EX05	mix late mesenchyme
OrgeEX053197	/Volumes/SumSung500/CSU/0_HiRES/data/hires/GSE223917_RAW/GSM7006106_OrgeEX053197.pairs.gz	EX05	mix late mesenchyme
OrgeEX053199	/Volumes/SumSung500/CSU/0_HiRES/data/hires/GSE223917_RAW/GSM7006108_OrgeEX053199.pairs.gz	EX05	radial glias
OrgeEX053200	/Volumes/SumSung500/CSU/0_HiRES/data/hires/GSE223917_RAW/GSM7006109_OrgeEX053200.pairs.gz	EX05	epithelial cells
OrgeEX053201	/Volumes/SumSung500/CSU/0_HiRES/data/hires/GSE223917_RAW/GSM7006110_OrgeEX053201.pairs.gz	EX05	myocytes
OrgeEX053202	/Volumes/SumSung500/CSU/0_HiRES/data/hires/GSE223917_RAW/GSM7006111_OrgeEX053202.pairs.gz	EX05	blood
OrgeEX053203	/Volumes/SumSung500/CSU/0_HiRES/data/hires/GSE223917_RAW/GSM7006112_OrgeEX053203.pairs.gz	EX05	mix late mesenchyme
OrgeEX053204	/Volumes/SumSung500/CSU/0_HiRES/data/hires/GSE223917_RAW/GSM7006113_OrgeEX053204.pairs.gz	EX05	mix late mesenchyme
OrgeEX053205	/Volumes/SumSung500/CSU/0_HiRES/data/hires/GSE223917_RAW/GSM7006114_OrgeEX053205.pairs.gz	EX05	mix late mesenchyme
OrgeEX053206	/Volumes/SumSung500/CSU/0_HiRES/data/hires/GSE223917_RAW/GSM7006115_OrgeEX053206.pairs.gz	EX05	radial glias
OrgeEX053207	/Volumes/SumSung500/CSU/0_HiRES/data/hires/GSE223917_RAW/GSM7006116_OrgeEX053207.pairs.gz	EX05	blood
OrgeEX053208	/Volumes/SumSung500/CSU/0_HiRES/data/hires/GSE223917_RAW/GSM7006117_OrgeEX053208.pairs.gz	EX05	radial glias
OrgeEX053209	/Volumes/SumSung500/CSU/0_HiRES/data/hires/GSE223917_RAW/GSM7006118_OrgeEX053209.pairs.gz	EX05	oligodendrocytes and progenitors
OrgeEX053210	/Volumes/SumSung500/CSU/0_HiRES/data/hires/GSE223917_RAW/GSM7006119_OrgeEX053210.pairs.gz	EX05	early neurons
OrgeEX053211	/Volumes/SumSung500/CSU/0_HiRES/data/hires/GSE223917_RAW/GSM7006120_OrgeEX053211.pairs.gz	EX05	mitosis
OrgeEX053212	/Volumes/SumSung500/CSU/0_HiRES/data/hires/GSE223917_RAW/GSM7006121_OrgeEX053212.pairs.gz	EX05	blood
OrgeEX053213	/Volumes/SumSung500/CSU/0_HiRES/data/hires/GSE223917_RAW/GSM7006122_OrgeEX053213.pairs.gz	EX05	oligodendrocytes and progenitors
OrgeEX053214	/Volumes/SumSung500/CSU/0_HiRES/data/hires/GSE223917_RAW/GSM7006123_OrgeEX053214.pairs.gz	EX05	blood
OrgeEX053215	/Volumes/SumSung500/CSU/0_HiRES/data/hires/GSE223917_RAW/GSM7006124_OrgeEX053215.pairs.gz	EX05	mitosis
OrgeEX053216	/Volumes/SumSung500/CSU/0_HiRES/data/hires/GSE223917_RAW/GSM7006125_OrgeEX053216.pairs.gz	EX05	intermediate mesoderm
OrgeEX053217	/Volumes/SumSung500/CSU/0_HiRES/data/hires/GSE223917_RAW/GSM7006126_OrgeEX053217.pairs.gz	EX05	mix late mesenchyme
OrgeEX053218	/Volumes/SumSung500/CSU/0_HiRES/data/hires/GSE223917_RAW/GSM7006127_OrgeEX053218.pairs.gz	EX05	blood
OrgeEX053219	/Volumes/SumSung500/CSU/0_HiRES/data/hires/GSE223917_RAW/GSM7006128_OrgeEX053219.pairs.gz	EX05	early neurons
OrgeEX053220	/Volumes/SumSung500/CSU/0_HiRES/data/hires/GSE223917_RAW/GSM7006129_OrgeEX053220.pairs.gz	EX05	early neurons
OrgeEX053221	/Volumes/SumSung500/CSU/0_HiRES/data/hires/GSE223917_RAW/GSM7006130_OrgeEX053221.pairs.gz	EX05	mix late mesenchyme
OrgeEX053222	/Volumes/SumSung500/CSU/0_HiRES/data/hires/GSE223917_RAW/GSM7006131_OrgeEX053222.pairs.gz	EX05	oligodendrocytes and progenitors
OrgeEX053223	/Volumes/SumSung500/CSU/0_HiRES/data/hires/GSE223917_RAW/GSM7006132_OrgeEX053223.pairs.gz	EX05	mix late mesenchyme
OrgeEX053224	/Volumes/SumSung500/CSU/0_HiRES/data/hires/GSE223917_RAW/GSM7006133_OrgeEX053224.pairs.gz	EX05	early neurons
OrgeEX053225	/Volumes/SumSung500/CSU/0_HiRES/data/hires/GSE223917_RAW/GSM7006134_OrgeEX053225.pairs.gz	EX05	radial glias
OrgeEX053226	/Volumes/SumSung500/CSU/0_HiRES/data/hires/GSE223917_RAW/GSM7006135_OrgeEX053226.pairs.gz	EX05	early neurons
OrgeEX053227	/Volumes/SumSung500/CSU/0_HiRES/data/hires/GSE223917_RAW/GSM7006136_OrgeEX053227.pairs.gz	EX05	schwann cell precursors
OrgeEX053228	/Volumes/SumSung500/CSU/0_HiRES/data/hires/GSE223917_RAW/GSM7006137_OrgeEX053228.pairs.gz	EX05	early neurons
OrgeEX053229	/Volumes/SumSung500/CSU/0_HiRES/data/hires/GSE223917_RAW/GSM7006138_OrgeEX053229.pairs.gz	EX05	radial glias
OrgeEX053230	/Volumes/SumSung500/CSU/0_HiRES/data/hires/GSE223917_RAW/GSM7006139_OrgeEX053230.pairs.gz	EX05	mix late mesenchyme
OrgeEX053231	/Volumes/SumSung500/CSU/0_HiRES/data/hires/GSE223917_RAW/GSM7006140_OrgeEX053231.pairs.gz	EX05	mitosis
OrgeEX053232	/Volumes/SumSung500/CSU/0_HiRES/data/hires/GSE223917_RAW/GSM7006141_OrgeEX053232.pairs.gz	EX05	mix late mesenchyme
OrgeEX053233	/Volumes/SumSung500/CSU/0_HiRES/data/hires/GSE223917_RAW/GSM7006142_OrgeEX053233.pairs.gz	EX05	oligodendrocytes and progenitors
OrgeEX053234	/Volumes/SumSung500/CSU/0_HiRES/data/hires/GSE223917_RAW/GSM7006143_OrgeEX053234.pairs.gz	EX05	radial glias
OrgeEX053235	/Volumes/SumSung500/CSU/0_HiRES/data/hires/GSE223917_RAW/GSM7006144_OrgeEX053235.pairs.gz	EX05	mix late mesenchyme
OrgeEX053236	/Volumes/SumSung500/CSU/0_HiRES/data/hires/GSE223917_RAW/GSM7006145_OrgeEX053236.pairs.gz	EX05	mix late mesenchyme
OrgeEX053237	/Volumes/SumSung500/CSU/0_HiRES/data/hires/GSE223917_RAW/GSM7006146_OrgeEX053237.pairs.gz	EX05	notochord
OrgeEX053238	/Volumes/SumSung500/CSU/0_HiRES/data/hires/GSE223917_RAW/GSM7006147_OrgeEX053238.pairs.gz	EX05	mix late mesenchyme
OrgeEX053240	/Volumes/SumSung500/CSU/0_HiRES/data/hires/GSE223917_RAW/GSM7006149_OrgeEX053240.pairs.gz	EX05	radial glias
OrgeEX053241	/Volumes/SumSung500/CSU/0_HiRES/data/hires/GSE223917_RAW/GSM7006150_OrgeEX053241.pairs.gz	EX05	mix late mesenchyme
OrgeEX053243	/Volumes/SumSung500/CSU/0_HiRES/data/hires/GSE223917_RAW/GSM7006152_OrgeEX053243.pairs.gz	EX05	mix late mesenchyme
OrgeEX053244	/Volumes/SumSung500/CSU/0_HiRES/data/hires/GSE223917_RAW/GSM7006153_OrgeEX053244.pairs.gz	EX05	mix late mesenchyme
OrgeEX053245	/Volumes/SumSung500/CSU/0_HiRES/data/hires/GSE223917_RAW/GSM7006154_OrgeEX053245.pairs.gz	EX05	myocytes
OrgeEX053246	/Volumes/SumSung500/CSU/0_HiRES/data/hires/GSE223917_RAW/GSM7006155_OrgeEX053246.pairs.gz	EX05	early neurons
OrgeEX053247	/Volumes/SumSung500/CSU/0_HiRES/data/hires/GSE223917_RAW/GSM7006156_OrgeEX053247.pairs.gz	EX05	mix late mesenchyme
OrgeEX053248	/Volumes/SumSung500/CSU/0_HiRES/data/hires/GSE223917_RAW/GSM7006157_OrgeEX053248.pairs.gz	EX05	mix late mesenchyme
OrgeEX053249	/Volumes/SumSung500/CSU/0_HiRES/data/hires/GSE223917_RAW/GSM7006158_OrgeEX053249.pairs.gz	EX05	mix late mesenchyme
OrgeEX053250	/Volumes/SumSung500/CSU/0_HiRES/data/hires/GSE223917_RAW/GSM7006159_OrgeEX053250.pairs.gz	EX05	oligodendrocytes and progenitors
OrgeEX053251	/Volumes/SumSung500/CSU/0_HiRES/data/hires/GSE223917_RAW/GSM7006160_OrgeEX053251.pairs.gz	EX05	early mesenchyme
OrgeEX053252	/Volumes/SumSung500/CSU/0_HiRES/data/hires/GSE223917_RAW/GSM7006161_OrgeEX053252.pairs.gz	EX05	early neurons
OrgeEX053253	/Volumes/SumSung500/CSU/0_HiRES/data/hires/GSE223917_RAW/GSM7006162_OrgeEX053253.pairs.gz	EX05	mitosis
OrgeEX053254	/Volumes/SumSung500/CSU/0_HiRES/data/hires/GSE223917_RAW/GSM7006163_OrgeEX053254.pairs.gz	EX05	early neurons
OrgeEX053255	/Volumes/SumSung500/CSU/0_HiRES/data/hires/GSE223917_RAW/GSM7006164_OrgeEX053255.pairs.gz	EX05	blood
OrgeEX053258	/Volumes/SumSung500/CSU/0_HiRES/data/hires/GSE223917_RAW/GSM7006166_OrgeEX053258.pairs.gz	EX05	radial glias
OrgeEX053259	/Volumes/SumSung500/CSU/0_HiRES/data/hires/GSE223917_RAW/GSM7006167_OrgeEX053259.pairs.gz	EX05	mix late mesenchyme
OrgeEX053260	/Volumes/SumSung500/CSU/0_HiRES/data/hires/GSE223917_RAW/GSM7006168_OrgeEX053260.pairs.gz	EX05	mix late mesenchyme
OrgeEX053261	/Volumes/SumSung500/CSU/0_HiRES/data/hires/GSE223917_RAW/GSM7006169_OrgeEX053261.pairs.gz	EX05	radial glias
OrgeEX053262	/Volumes/SumSung500/CSU/0_HiRES/data/hires/GSE223917_RAW/GSM7006170_OrgeEX053262.pairs.gz	EX05	mitosis
OrgeEX053263	/Volumes/SumSung500/CSU/0_HiRES/data/hires/GSE223917_RAW/GSM7006171_OrgeEX053263.pairs.gz	EX05	mix late mesenchyme
OrgeEX053265	/Volumes/SumSung500/CSU/0_HiRES/data/hires/GSE223917_RAW/GSM7006173_OrgeEX053265.pairs.gz	EX05	mix late mesenchyme
OrgeEX053266	/Volumes/SumSung500/CSU/0_HiRES/data/hires/GSE223917_RAW/GSM7006174_OrgeEX053266.pairs.gz	EX05	mix late mesenchyme
OrgeEX053267	/Volumes/SumSung500/CSU/0_HiRES/data/hires/GSE223917_RAW/GSM7006175_OrgeEX053267.pairs.gz	EX05	mix late mesenchyme
OrgeEX053268	/Volumes/SumSung500/CSU/0_HiRES/data/hires/GSE223917_RAW/GSM7006176_OrgeEX053268.pairs.gz	EX05	mitosis
OrgeEX053269	/Volumes/SumSung500/CSU/0_HiRES/data/hires/GSE223917_RAW/GSM7006177_OrgeEX053269.pairs.gz	EX05	radial glias
OrgeEX053270	/Volumes/SumSung500/CSU/0_HiRES/data/hires/GSE223917_RAW/GSM7006178_OrgeEX053270.pairs.gz	EX05	notochord
OrgeEX053271	/Volumes/SumSung500/CSU/0_HiRES/data/hires/GSE223917_RAW/GSM7006179_OrgeEX053271.pairs.gz	EX05	early neurons
OrgeEX053272	/Volumes/SumSung500/CSU/0_HiRES/data/hires/GSE223917_RAW/GSM7006180_OrgeEX053272.pairs.gz	EX05	intermediate mesoderm
OrgeEX053273	/Volumes/SumSung500/CSU/0_HiRES/data/hires/GSE223917_RAW/GSM7006181_OrgeEX053273.pairs.gz	EX05	mix late mesenchyme
OrgeEX053276	/Volumes/SumSung500/CSU/0_HiRES/data/hires/GSE223917_RAW/GSM7006183_OrgeEX053276.pairs.gz	EX05	mix late mesenchyme
OrgeEX053277	/Volumes/SumSung500/CSU/0_HiRES/data/hires/GSE223917_RAW/GSM7006184_OrgeEX053277.pairs.gz	EX05	radial glias
OrgeEX053278	/Volumes/SumSung500/CSU/0_HiRES/data/hires/GSE223917_RAW/GSM7006185_OrgeEX053278.pairs.gz	EX05	intermediate mesoderm
OrgeEX053279	/Volumes/SumSung500/CSU/0_HiRES/data/hires/GSE223917_RAW/GSM7006186_OrgeEX053279.pairs.gz	EX05	early neurons
OrgeEX053280	/Volumes/SumSung500/CSU/0_HiRES/data/hires/GSE223917_RAW/GSM7006187_OrgeEX053280.pairs.gz	EX05	mitosis
OrgeEX053281	/Volumes/SumSung500/CSU/0_HiRES/data/hires/GSE223917_RAW/GSM7006188_OrgeEX053281.pairs.gz	EX05	blood
OrgeEX053282	/Volumes/SumSung500/CSU/0_HiRES/data/hires/GSE223917_RAW/GSM7006189_OrgeEX053282.pairs.gz	EX05	mitosis
OrgeEX053283	/Volumes/SumSung500/CSU/0_HiRES/data/hires/GSE223917_RAW/GSM7006190_OrgeEX053283.pairs.gz	EX05	oligodendrocytes and progenitors
OrgeEX053284	/Volumes/SumSung500/CSU/0_HiRES/data/hires/GSE223917_RAW/GSM7006191_OrgeEX053284.pairs.gz	EX05	mix late mesenchyme
OrgeEX053287	/Volumes/SumSung500/CSU/0_HiRES/data/hires/GSE223917_RAW/GSM7006193_OrgeEX053287.pairs.gz	EX05	radial glias
OrgeEX053288	/Volumes/SumSung500/CSU/0_HiRES/data/hires/GSE223917_RAW/GSM7006194_OrgeEX053288.pairs.gz	EX05	mix late mesenchyme
OrgeEX053289	/Volumes/SumSung500/CSU/0_HiRES/data/hires/GSE223917_RAW/GSM7006195_OrgeEX053289.pairs.gz	EX05	early neurons
OrgeEX053290	/Volumes/SumSung500/CSU/0_HiRES/data/hires/GSE223917_RAW/GSM7006196_OrgeEX053290.pairs.gz	EX05	blood
OrgeEX053291	/Volumes/SumSung500/CSU/0_HiRES/data/hires/GSE223917_RAW/GSM7006197_OrgeEX053291.pairs.gz	EX05	radial glias
OrgeEX053292	/Volumes/SumSung500/CSU/0_HiRES/data/hires/GSE223917_RAW/GSM7006198_OrgeEX053292.pairs.gz	EX05	early neurons
OrgeEX053293	/Volumes/SumSung500/CSU/0_HiRES/data/hires/GSE223917_RAW/GSM7006199_OrgeEX053293.pairs.gz	EX05	early neurons
OrgeEX053294	/Volumes/SumSung500/CSU/0_HiRES/data/hires/GSE223917_RAW/GSM7006200_OrgeEX053294.pairs.gz	EX05	radial glias
OrgeEX053295	/Volumes/SumSung500/CSU/0_HiRES/data/hires/GSE223917_RAW/GSM7006201_OrgeEX053295.pairs.gz	EX05	mix late mesenchyme
OrgeEX053296	/Volumes/SumSung500/CSU/0_HiRES/data/hires/GSE223917_RAW/GSM7006202_OrgeEX053296.pairs.gz	EX05	radial glias
OrgeEX053297	/Volumes/SumSung500/CSU/0_HiRES/data/hires/GSE223917_RAW/GSM7006203_OrgeEX053297.pairs.gz	EX05	mix late mesenchyme
OrgeEX053298	/Volumes/SumSung500/CSU/0_HiRES/data/hires/GSE223917_RAW/GSM7006204_OrgeEX053298.pairs.gz	EX05	epithelial cells
OrgeEX053299	/Volumes/SumSung500/CSU/0_HiRES/data/hires/GSE223917_RAW/GSM7006205_OrgeEX053299.pairs.gz	EX05	mix late mesenchyme
OrgeEX053300	/Volumes/SumSung500/CSU/0_HiRES/data/hires/GSE223917_RAW/GSM7006206_OrgeEX053300.pairs.gz	EX05	epithelial cells
OrgeEX053301	/Volumes/SumSung500/CSU/0_HiRES/data/hires/GSE223917_RAW/GSM7006207_OrgeEX053301.pairs.gz	EX05	mitosis
OrgeEX053302	/Volumes/SumSung500/CSU/0_HiRES/data/hires/GSE223917_RAW/GSM7006208_OrgeEX053302.pairs.gz	EX05	radial glias
OrgeEX053303	/Volumes/SumSung500/CSU/0_HiRES/data/hires/GSE223917_RAW/GSM7006209_OrgeEX053303.pairs.gz	EX05	oligodendrocytes and progenitors
OrgeEX053304	/Volumes/SumSung500/CSU/0_HiRES/data/hires/GSE223917_RAW/GSM7006210_OrgeEX053304.pairs.gz	EX05	intermediate mesoderm
OrgeEX053305	/Volumes/SumSung500/CSU/0_HiRES/data/hires/GSE223917_RAW/GSM7006211_OrgeEX053305.pairs.gz	EX05	early neurons
OrgeEX053306	/Volumes/SumSung500/CSU/0_HiRES/data/hires/GSE223917_RAW/GSM7006212_OrgeEX053306.pairs.gz	EX05	intermediate mesoderm
OrgeEX053307	/Volumes/SumSung500/CSU/0_HiRES/data/hires/GSE223917_RAW/GSM7006213_OrgeEX053307.pairs.gz	EX05	blood
OrgeEX053308	/Volumes/SumSung500/CSU/0_HiRES/data/hires/GSE223917_RAW/GSM7006214_OrgeEX053308.pairs.gz	EX05	intermediate mesoderm
OrgeEX053309	/Volumes/SumSung500/CSU/0_HiRES/data/hires/GSE223917_RAW/GSM7006215_OrgeEX053309.pairs.gz	EX05	mitosis
OrgeEX053310	/Volumes/SumSung500/CSU/0_HiRES/data/hires/GSE223917_RAW/GSM7006216_OrgeEX053310.pairs.gz	EX05	intermediate mesoderm
OrgeEX053311	/Volumes/SumSung500/CSU/0_HiRES/data/hires/GSE223917_RAW/GSM7006217_OrgeEX053311.pairs.gz	EX05	blood
OrgeEX053312	/Volumes/SumSung500/CSU/0_HiRES/data/hires/GSE223917_RAW/GSM7006218_OrgeEX053312.pairs.gz	EX05	radial glias
OrgeEX053313	/Volumes/SumSung500/CSU/0_HiRES/data/hires/GSE223917_RAW/GSM7006219_OrgeEX053313.pairs.gz	EX05	mix late mesenchyme
OrgeEX053314	/Volumes/SumSung500/CSU/0_HiRES/data/hires/GSE223917_RAW/GSM7006220_OrgeEX053314.pairs.gz	EX05	mix late mesenchyme
OrgeEX053315	/Volumes/SumSung500/CSU/0_HiRES/data/hires/GSE223917_RAW/GSM7006221_OrgeEX053315.pairs.gz	EX05	mix late mesenchyme
OrgeEX053316	/Volumes/SumSung500/CSU/0_HiRES/data/hires/GSE223917_RAW/GSM7006222_OrgeEX053316.pairs.gz	EX05	intermediate mesoderm
OrgeEX053317	/Volumes/SumSung500/CSU/0_HiRES/data/hires/GSE223917_RAW/GSM7006223_OrgeEX053317.pairs.gz	EX05	mix late mesenchyme
OrgeEX053318	/Volumes/SumSung500/CSU/0_HiRES/data/hires/GSE223917_RAW/GSM7006224_OrgeEX053318.pairs.gz	EX05	oligodendrocytes and progenitors
OrgeEX053319	/Volumes/SumSung500/CSU/0_HiRES/data/hires/GSE223917_RAW/GSM7006225_OrgeEX053319.pairs.gz	EX05	mix late mesenchyme
OrgeEX053321	/Volumes/SumSung500/CSU/0_HiRES/data/hires/GSE223917_RAW/GSM7006227_OrgeEX053321.pairs.gz	EX05	blood
OrgeEX053322	/Volumes/SumSung500/CSU/0_HiRES/data/hires/GSE223917_RAW/GSM7006228_OrgeEX053322.pairs.gz	EX05	radial glias
OrgeEX053323	/Volumes/SumSung500/CSU/0_HiRES/data/hires/GSE223917_RAW/GSM7006229_OrgeEX053323.pairs.gz	EX05	blood
OrgeEX053324	/Volumes/SumSung500/CSU/0_HiRES/data/hires/GSE223917_RAW/GSM7006230_OrgeEX053324.pairs.gz	EX05	radial glias
OrgeEX053325	/Volumes/SumSung500/CSU/0_HiRES/data/hires/GSE223917_RAW/GSM7006231_OrgeEX053325.pairs.gz	EX05	mix late mesenchyme
OrgeEX053326	/Volumes/SumSung500/CSU/0_HiRES/data/hires/GSE223917_RAW/GSM7006232_OrgeEX053326.pairs.gz	EX05	intermediate mesoderm
OrgeEX053327	/Volumes/SumSung500/CSU/0_HiRES/data/hires/GSE223917_RAW/GSM7006233_OrgeEX053327.pairs.gz	EX05	mix late mesenchyme
OrgeEX053328	/Volumes/SumSung500/CSU/0_HiRES/data/hires/GSE223917_RAW/GSM7006234_OrgeEX053328.pairs.gz	EX05	oligodendrocytes and progenitors
OrgeEX053329	/Volumes/SumSung500/CSU/0_HiRES/data/hires/GSE223917_RAW/GSM7006235_OrgeEX053329.pairs.gz	EX05	mix late mesenchyme
OrgeEX053330	/Volumes/SumSung500/CSU/0_HiRES/data/hires/GSE223917_RAW/GSM7006236_OrgeEX053330.pairs.gz	EX05	radial glias
OrgeEX053331	/Volumes/SumSung500/CSU/0_HiRES/data/hires/GSE223917_RAW/GSM7006237_OrgeEX053331.pairs.gz	EX05	mix late mesenchyme
OrgeEX053332	/Volumes/SumSung500/CSU/0_HiRES/data/hires/GSE223917_RAW/GSM7006238_OrgeEX053332.pairs.gz	EX05	early neurons
OrgeEX053333	/Volumes/SumSung500/CSU/0_HiRES/data/hires/GSE223917_RAW/GSM7006239_OrgeEX053333.pairs.gz	EX05	early neurons
OrgeEX053334	/Volumes/SumSung500/CSU/0_HiRES/data/hires/GSE223917_RAW/GSM7006240_OrgeEX053334.pairs.gz	EX05	blood
OrgeEX053335	/Volumes/SumSung500/CSU/0_HiRES/data/hires/GSE223917_RAW/GSM7006241_OrgeEX053335.pairs.gz	EX05	oligodendrocytes and progenitors
OrgeEX053336	/Volumes/SumSung500/CSU/0_HiRES/data/hires/GSE223917_RAW/GSM7006242_OrgeEX053336.pairs.gz	EX05	mix late mesenchyme
OrgeEX053337	/Volumes/SumSung500/CSU/0_HiRES/data/hires/GSE223917_RAW/GSM7006243_OrgeEX053337.pairs.gz	EX05	mix late mesenchyme
OrgeEX053338	/Volumes/SumSung500/CSU/0_HiRES/data/hires/GSE223917_RAW/GSM7006244_OrgeEX053338.pairs.gz	EX05	mix late mesenchyme
OrgeEX053340	/Volumes/SumSung500/CSU/0_HiRES/data/hires/GSE223917_RAW/GSM7006246_OrgeEX053340.pairs.gz	EX05	mix late mesenchyme
OrgeEX053341	/Volumes/SumSung500/CSU/0_HiRES/data/hires/GSE223917_RAW/GSM7006247_OrgeEX053341.pairs.gz	EX05	oligodendrocytes and progenitors
OrgeEX053342	/Volumes/SumSung500/CSU/0_HiRES/data/hires/GSE223917_RAW/GSM7006248_OrgeEX053342.pairs.gz	EX05	radial glias
OrgeEX053343	/Volumes/SumSung500/CSU/0_HiRES/data/hires/GSE223917_RAW/GSM7006249_OrgeEX053343.pairs.gz	EX05	mix late mesenchyme
OrgeEX053344	/Volumes/SumSung500/CSU/0_HiRES/data/hires/GSE223917_RAW/GSM7006250_OrgeEX053344.pairs.gz	EX05	mix late mesenchyme
OrgeEX053345	/Volumes/SumSung500/CSU/0_HiRES/data/hires/GSE223917_RAW/GSM7006251_OrgeEX053345.pairs.gz	EX05	early neurons
OrgeEX053346	/Volumes/SumSung500/CSU/0_HiRES/data/hires/GSE223917_RAW/GSM7006252_OrgeEX053346.pairs.gz	EX05	radial glias
OrgeEX053347	/Volumes/SumSung500/CSU/0_HiRES/data/hires/GSE223917_RAW/GSM7006253_OrgeEX053347.pairs.gz	EX05	mix late mesenchyme
OrgeEX053348	/Volumes/SumSung500/CSU/0_HiRES/data/hires/GSE223917_RAW/GSM7006254_OrgeEX053348.pairs.gz	EX05	mix late mesenchyme
OrgeEX053349	/Volumes/SumSung500/CSU/0_HiRES/data/hires/GSE223917_RAW/GSM7006255_OrgeEX053349.pairs.gz	EX05	blood
OrgeEX053350	/Volumes/SumSung500/CSU/0_HiRES/data/hires/GSE223917_RAW/GSM7006256_OrgeEX053350.pairs.gz	EX05	blood
OrgeEX053351	/Volumes/SumSung500/CSU/0_HiRES/data/hires/GSE223917_RAW/GSM7006257_OrgeEX053351.pairs.gz	EX05	oligodendrocytes and progenitors
OrgeEX053352	/Volumes/SumSung500/CSU/0_HiRES/data/hires/GSE223917_RAW/GSM7006258_OrgeEX053352.pairs.gz	EX05	mitosis
OrgeEX053353	/Volumes/SumSung500/CSU/0_HiRES/data/hires/GSE223917_RAW/GSM7006259_OrgeEX053353.pairs.gz	EX05	mitosis
OrgeEX053354	/Volumes/SumSung500/CSU/0_HiRES/data/hires/GSE223917_RAW/GSM7006260_OrgeEX053354.pairs.gz	EX05	radial glias
OrgeEX053355	/Volumes/SumSung500/CSU/0_HiRES/data/hires/GSE223917_RAW/GSM7006261_OrgeEX053355.pairs.gz	EX05	mix late mesenchyme
OrgeEX053356	/Volumes/SumSung500/CSU/0_HiRES/data/hires/GSE223917_RAW/GSM7006262_OrgeEX053356.pairs.gz	EX05	oligodendrocytes and progenitors
OrgeEX053357	/Volumes/SumSung500/CSU/0_HiRES/data/hires/GSE223917_RAW/GSM7006263_OrgeEX053357.pairs.gz	EX05	mix late mesenchyme
OrgeEX053358	/Volumes/SumSung500/CSU/0_HiRES/data/hires/GSE223917_RAW/GSM7006264_OrgeEX053358.pairs.gz	EX05	oligodendrocytes and progenitors
OrgeEX053359	/Volumes/SumSung500/CSU/0_HiRES/data/hires/GSE223917_RAW/GSM7006265_OrgeEX053359.pairs.gz	EX05	mix late mesenchyme
OrgeEX053360	/Volumes/SumSung500/CSU/0_HiRES/data/hires/GSE223917_RAW/GSM7006266_OrgeEX053360.pairs.gz	EX05	intermediate mesoderm
OrgeEX053361	/Volumes/SumSung500/CSU/0_HiRES/data/hires/GSE223917_RAW/GSM7006267_OrgeEX053361.pairs.gz	EX05	oligodendrocytes and progenitors
OrgeEX053362	/Volumes/SumSung500/CSU/0_HiRES/data/hires/GSE223917_RAW/GSM7006268_OrgeEX053362.pairs.gz	EX05	radial glias
OrgeEX053363	/Volumes/SumSung500/CSU/0_HiRES/data/hires/GSE223917_RAW/GSM7006269_OrgeEX053363.pairs.gz	EX05	mix late mesenchyme
OrgeEX053364	/Volumes/SumSung500/CSU/0_HiRES/data/hires/GSE223917_RAW/GSM7006270_OrgeEX053364.pairs.gz	EX05	mix late mesenchyme
OrgeEX053365	/Volumes/SumSung500/CSU/0_HiRES/data/hires/GSE223917_RAW/GSM7006271_OrgeEX053365.pairs.gz	EX05	mix late mesenchyme
OrgeEX053366	/Volumes/SumSung500/CSU/0_HiRES/data/hires/GSE223917_RAW/GSM7006272_OrgeEX053366.pairs.gz	EX05	mix late mesenchyme
OrgeEX053367	/Volumes/SumSung500/CSU/0_HiRES/data/hires/GSE223917_RAW/GSM7006273_OrgeEX053367.pairs.gz	EX05	mix late mesenchyme
OrgeEX053368	/Volumes/SumSung500/CSU/0_HiRES/data/hires/GSE223917_RAW/GSM7006274_OrgeEX053368.pairs.gz	EX05	mix late mesenchyme
OrgeEX053369	/Volumes/SumSung500/CSU/0_HiRES/data/hires/GSE223917_RAW/GSM7006275_OrgeEX053369.pairs.gz	EX05	mix late mesenchyme
OrgeEX053370	/Volumes/SumSung500/CSU/0_HiRES/data/hires/GSE223917_RAW/GSM7006276_OrgeEX053370.pairs.gz	EX05	blood
OrgeEX053371	/Volumes/SumSung500/CSU/0_HiRES/data/hires/GSE223917_RAW/GSM7006277_OrgeEX053371.pairs.gz	EX05	mix late mesenchyme
OrgeEX053372	/Volumes/SumSung500/CSU/0_HiRES/data/hires/GSE223917_RAW/GSM7006278_OrgeEX053372.pairs.gz	EX05	radial glias
OrgeEX053373	/Volumes/SumSung500/CSU/0_HiRES/data/hires/GSE223917_RAW/GSM7006279_OrgeEX053373.pairs.gz	EX05	mix late mesenchyme
OrgeEX053374	/Volumes/SumSung500/CSU/0_HiRES/data/hires/GSE223917_RAW/GSM7006280_OrgeEX053374.pairs.gz	EX05	oligodendrocytes and progenitors
OrgeEX053375	/Volumes/SumSung500/CSU/0_HiRES/data/hires/GSE223917_RAW/GSM7006281_OrgeEX053375.pairs.gz	EX05	radial glias
OrgeEX053376	/Volumes/SumSung500/CSU/0_HiRES/data/hires/GSE223917_RAW/GSM7006282_OrgeEX053376.pairs.gz	EX05	mix late mesenchyme
OrgeEX053377	/Volumes/SumSung500/CSU/0_HiRES/data/hires/GSE223917_RAW/GSM7006283_OrgeEX053377.pairs.gz	EX05	early neurons
OrgeEX053378	/Volumes/SumSung500/CSU/0_HiRES/data/hires/GSE223917_RAW/GSM7006284_OrgeEX053378.pairs.gz	EX05	mix late mesenchyme
OrgeEX053379	/Volumes/SumSung500/CSU/0_HiRES/data/hires/GSE223917_RAW/GSM7006285_OrgeEX053379.pairs.gz	EX05	mix late mesenchyme
OrgeEX053380	/Volumes/SumSung500/CSU/0_HiRES/data/hires/GSE223917_RAW/GSM7006286_OrgeEX053380.pairs.gz	EX05	mix late mesenchyme
OrgeEX053382	/Volumes/SumSung500/CSU/0_HiRES/data/hires/GSE223917_RAW/GSM7006288_OrgeEX053382.pairs.gz	EX05	mix late mesenchyme
OrgeEX053383	/Volumes/SumSung500/CSU/0_HiRES/data/hires/GSE223917_RAW/GSM7006289_OrgeEX053383.pairs.gz	EX05	mitosis
OrgeEX053384	/Volumes/SumSung500/CSU/0_HiRES/data/hires/GSE223917_RAW/GSM7006290_OrgeEX053384.pairs.gz	EX05	mix late mesenchyme
