cellname	file_path	stage	celltype
GasaE751002	/Volumes/SumSung500/CSU/0_HiRES/data/hires/GSE223917_RAW/GSM6998596_GasaE751002.pairs.gz	E75	neural ectoderm
GasaE751003	/Volumes/SumSung500/CSU/0_HiRES/data/hires/GSE223917_RAW/GSM6998597_GasaE751003.pairs.gz	E75	ExE mesoderm
GasaE751004	/Volumes/SumSung500/CSU/0_HiRES/data/hires/GSE223917_RAW/GSM6998598_GasaE751004.pairs.gz	E75	early mesenchyme
GasaE751005	/Volumes/SumSung500/CSU/0_HiRES/data/hires/GSE223917_RAW/GSM6998599_GasaE751005.pairs.gz	E75	ExE endoderm
GasaE751007	/Volumes/SumSung500/CSU/0_HiRES/data/hires/GSE223917_RAW/GSM6998601_GasaE751007.pairs.gz	E75	mitosis
GasaE751009	/Volumes/SumSung500/CSU/0_HiRES/data/hires/GSE223917_RAW/GSM6998603_GasaE751009.pairs.gz	E75	early mesoderm
GasaE751012	/Volumes/SumSung500/CSU/0_HiRES/data/hires/GSE223917_RAW/GSM6998606_GasaE751012.pairs.gz	E75	epithelial cells
GasaE751014	/Volumes/SumSung500/CSU/0_HiRES/data/hires/GSE223917_RAW/GSM6998608_GasaE751014.pairs.gz	E75	early mesenchyme
GasaE751015	/Volumes/SumSung500/CSU/0_HiRES/data/hires/GSE223917_RAW/GSM6998609_GasaE751015.pairs.gz	E75	neural ectoderm
GasaE751018	/Volumes/SumSung500/CSU/0_HiRES/data/hires/GSE223917_RAW/GSM6998612_GasaE751018.pairs.gz	E75	early mesenchyme
GasaE751019	/Volumes/SumSung500/CSU/0_HiRES/data/hires/GSE223917_RAW/GSM6998613_GasaE751019.pairs.gz	E75	neural ectoderm
GasaE751021	/Volumes/SumSung500/CSU/0_HiRES/data/hires/GSE223917_RAW/GSM6998615_GasaE751021.pairs.gz	E75	early mesoderm
GasaE751022	/Volumes/SumSung500/CSU/0_HiRES/data/hires/GSE223917_RAW/GSM6998616_GasaE751022.pairs.gz	E75	early mesoderm
GasaE751024	/Volumes/SumSung500/CSU/0_HiRES/data/hires/GSE223917_RAW/GSM6998618_GasaE751024.pairs.gz	E75	neural ectoderm
GasaE751027	/Volumes/SumSung500/CSU/0_HiRES/data/hires/GSE223917_RAW/GSM6998621_GasaE751027.pairs.gz	E75	blood
GasaE751028	/Volumes/SumSung500/CSU/0_HiRES/data/hires/GSE223917_RAW/GSM6998622_GasaE751028.pairs.gz	E75	blood
GasaE751029	/Volumes/SumSung500/CSU/0_HiRES/data/hires/GSE223917_RAW/GSM6998623_GasaE751029.pairs.gz	E75	blood
GasaE751030	/Volumes/SumSung500/CSU/0_HiRES/data/hires/GSE223917_RAW/GSM6998624_GasaE751030.pairs.gz	E75	mitosis
GasaE751035	/Volumes/SumSung500/CSU/0_HiRES/data/hires/GSE223917_RAW/GSM6998628_GasaE751035.pairs.gz	E75	blood
GasaE751036	/Volumes/SumSung500/CSU/0_HiRES/data/hires/GSE223917_RAW/GSM6998629_GasaE751036.pairs.gz	E75	neural ectoderm
GasaE751037	/Volumes/SumSung500/CSU/0_HiRES/data/hires/GSE223917_RAW/GSM6998630_GasaE751037.pairs.gz	E75	neural ectoderm
GasaE751041	/Volumes/SumSung500/CSU/0_HiRES/data/hires/GSE223917_RAW/GSM6998634_GasaE751041.pairs.gz	E75	neural ectoderm
GasaE751042	/Volumes/SumSung500/CSU/0_HiRES/data/hires/GSE223917_RAW/GSM6998635_GasaE751042.pairs.gz	E75	blood
GasaE751044	/Volumes/SumSung500/CSU/0_HiRES/data/hires/GSE223917_RAW/GSM6998637_GasaE751044.pairs.gz	E75	blood
GasaE751048	/Volumes/SumSung500/CSU/0_HiRES/data/hires/GSE223917_RAW/GSM6998641_GasaE751048.pairs.gz	E75	endoderm
GasaE751049	/Volumes/SumSung500/CSU/0_HiRES/data/hires/GSE223917_RAW/GSM6998642_GasaE751049.pairs.gz	E75	ExE ectoderm
GasaE751050	/Volumes/SumSung500/CSU/0_HiRES/data/hires/GSE223917_RAW/GSM6998643_GasaE751050.pairs.gz	E75	blood
GasaE751051	/Volumes/SumSung500/CSU/0_HiRES/data/hires/GSE223917_RAW/GSM6998644_GasaE751051.pairs.gz	E75	mitosis
GasaE751052	/Volumes/SumSung500/CSU/0_HiRES/data/hires/GSE223917_RAW/GSM6998645_GasaE751052.pairs.gz	E75	blood
GasaE751053	/Volumes/SumSung500/CSU/0_HiRES/data/hires/GSE223917_RAW/GSM6998646_GasaE751053.pairs.gz	E75	mitosis
GasaE751060	/Volumes/SumSung500/CSU/0_HiRES/data/hires/GSE223917_RAW/GSM6998653_GasaE751060.pairs.gz	E75	ExE endoderm
GasaE751063	/Volumes/SumSung500/CSU/0_HiRES/data/hires/GSE223917_RAW/GSM6998656_GasaE751063.pairs.gz	E75	ExE ectoderm
GasaE751065	/Volumes/SumSung500/CSU/0_HiRES/data/hires/GSE223917_RAW/GSM6998658_GasaE751065.pairs.gz	E75	ExE endoderm
GasaE751066	/Volumes/SumSung500/CSU/0_HiRES/data/hires/GSE223917_RAW/GSM6998659_GasaE751066.pairs.gz	E75	ExE endoderm
GasaE751068	/Volumes/SumSung500/CSU/0_HiRES/data/hires/GSE223917_RAW/GSM6998661_GasaE751068.pairs.gz	E75	mitosis
GasaE751069	/Volumes/SumSung500/CSU/0_HiRES/data/hires/GSE223917_RAW/GSM6998662_GasaE751069.pairs.gz	E75	ExE endoderm
GasaE751070	/Volumes/SumSung500/CSU/0_HiRES/data/hires/GSE223917_RAW/GSM6998663_GasaE751070.pairs.gz	E75	neural ectoderm
GasaE751075	/Volumes/SumSung500/CSU/0_HiRES/data/hires/GSE223917_RAW/GSM6998668_GasaE751075.pairs.gz	E75	epithelial cells
GasaE751077	/Volumes/SumSung500/CSU/0_HiRES/data/hires/GSE223917_RAW/GSM6998670_GasaE751077.pairs.gz	E75	early mesenchyme
GasaE751078	/Volumes/SumSung500/CSU/0_HiRES/data/hires/GSE223917_RAW/GSM6998671_GasaE751078.pairs.gz	E75	blood
GasaE751079	/Volumes/SumSung500/CSU/0_HiRES/data/hires/GSE223917_RAW/GSM6998672_GasaE751079.pairs.gz	E75	neural ectoderm
GasaE751080	/Volumes/SumSung500/CSU/0_HiRES/data/hires/GSE223917_RAW/GSM6998673_GasaE751080.pairs.gz	E75	neural ectoderm
GasaE751082	/Volumes/SumSung500/CSU/0_HiRES/data/hires/GSE223917_RAW/GSM6998675_GasaE751082.pairs.gz	E75	endoderm
GasaE751083	/Volumes/SumSung500/CSU/0_HiRES/data/hires/GSE223917_RAW/GSM6998676_GasaE751083.pairs.gz	E75	neural ectoderm
GasaE751087	/Volumes/SumSung500/CSU/0_HiRES/data/hires/GSE223917_RAW/GSM6998680_GasaE751087.pairs.gz	E75	early mesoderm
GasaE751090	/Volumes/SumSung500/CSU/0_HiRES/data/hires/GSE223917_RAW/GSM6998683_GasaE751090.pairs.gz	E75	early mesoderm
GasaE751092	/Volumes/SumSung500/CSU/0_HiRES/data/hires/GSE223917_RAW/GSM6998684_GasaE751092.pairs.gz	E75	epithelial cells
GasaE751093	/Volumes/SumSung500/CSU/0_HiRES/data/hires/GSE223917_RAW/GSM6998685_GasaE751093.pairs.gz	E75	early mesenchyme
GasaE751098	/Volumes/SumSung500/CSU/0_HiRES/data/hires/GSE223917_RAW/GSM6998690_GasaE751098.pairs.gz	E75	ExE endoderm
GasaE751099	/Volumes/SumSung500/CSU/0_HiRES/data/hires/GSE223917_RAW/GSM6998691_GasaE751099.pairs.gz	E75	neural ectoderm
GasaE751100	/Volumes/SumSung500/CSU/0_HiRES/data/hires/GSE223917_RAW/GSM6998692_GasaE751100.pairs.gz	E75	blood
GasaE751104	/Volumes/SumSung500/CSU/0_HiRES/data/hires/GSE223917_RAW/GSM6998696_GasaE751104.pairs.gz	E75	neural ectoderm
GasaE751106	/Volumes/SumSung500/CSU/0_HiRES/data/hires/GSE223917_RAW/GSM6998698_GasaE751106.pairs.gz	E75	ExE endoderm
GasaE751110	/Volumes/SumSung500/CSU/0_HiRES/data/hires/GSE223917_RAW/GSM6998702_GasaE751110.pairs.gz	E75	early mesenchyme
GasaE751111	/Volumes/SumSung500/CSU/0_HiRES/data/hires/GSE223917_RAW/GSM6998703_GasaE751111.pairs.gz	E75	mitosis
GasaE751112	/Volumes/SumSung500/CSU/0_HiRES/data/hires/GSE223917_RAW/GSM6998704_GasaE751112.pairs.gz	E75	blood
GasaE751113	/Volumes/SumSung500/CSU/0_HiRES/data/hires/GSE223917_RAW/GSM6998705_GasaE751113.pairs.gz	E75	early mesenchyme
GasaE751119	/Volumes/SumSung500/CSU/0_HiRES/data/hires/GSE223917_RAW/GSM6998711_GasaE751119.pairs.gz	E75	ExE mesoderm
GasaE751124	/Volumes/SumSung500/CSU/0_HiRES/data/hires/GSE223917_RAW/GSM6998716_GasaE751124.pairs.gz	E75	blood
GasaE751126	/Volumes/SumSung500/CSU/0_HiRES/data/hires/GSE223917_RAW/GSM6998718_GasaE751126.pairs.gz	E75	neural ectoderm
GasaE751127	/Volumes/SumSung500/CSU/0_HiRES/data/hires/GSE223917_RAW/GSM6998719_GasaE751127.pairs.gz	E75	early mesenchyme
GasaE751129	/Volumes/SumSung500/CSU/0_HiRES/data/hires/GSE223917_RAW/GSM6998721_GasaE751129.pairs.gz	E75	ExE ectoderm
GasaE751131	/Volumes/SumSung500/CSU/0_HiRES/data/hires/GSE223917_RAW/GSM6998723_GasaE751131.pairs.gz	E75	early mesoderm
GasaE751132	/Volumes/SumSung500/CSU/0_HiRES/data/hires/GSE223917_RAW/GSM6998724_GasaE751132.pairs.gz	E75	ExE ectoderm
GasaE751133	/Volumes/SumSung500/CSU/0_HiRES/data/hires/GSE223917_RAW/GSM6998725_GasaE751133.pairs.gz	E75	neural ectoderm
GasaE751136	/Volumes/SumSung500/CSU/0_HiRES/data/hires/GSE223917_RAW/GSM6998728_GasaE751136.pairs.gz	E75	early mesenchyme
GasaE751137	/Volumes/SumSung500/CSU/0_HiRES/data/hires/GSE223917_RAW/GSM6998729_GasaE751137.pairs.gz	E75	ExE mesoderm
GasaE751138	/Volumes/SumSung500/CSU/0_HiRES/data/hires/GSE223917_RAW/GSM6998730_GasaE751138.pairs.gz	E75	neural ectoderm
GasaE751141	/Volumes/SumSung500/CSU/0_HiRES/data/hires/GSE223917_RAW/GSM6998733_GasaE751141.pairs.gz	E75	neural ectoderm
GasaE751142	/Volumes/SumSung500/CSU/0_HiRES/data/hires/GSE223917_RAW/GSM6998734_GasaE751142.pairs.gz	E75	neural ectoderm
GasaE751148	/Volumes/SumSung500/CSU/0_HiRES/data/hires/GSE223917_RAW/GSM6998740_GasaE751148.pairs.gz	E75	mitosis
GasaE751151	/Volumes/SumSung500/CSU/0_HiRES/data/hires/GSE223917_RAW/GSM6998743_GasaE751151.pairs.gz	E75	blood
GasaE751152	/Volumes/SumSung500/CSU/0_HiRES/data/hires/GSE223917_RAW/GSM6998744_GasaE751152.pairs.gz	E75	ExE mesoderm
GasaE751156	/Volumes/SumSung500/CSU/0_HiRES/data/hires/GSE223917_RAW/GSM6998748_GasaE751156.pairs.gz	E75	early mesoderm
GasaE751159	/Volumes/SumSung500/CSU/0_HiRES/data/hires/GSE223917_RAW/GSM6998751_GasaE751159.pairs.gz	E75	ExE ectoderm
GasaE751160	/Volumes/SumSung500/CSU/0_HiRES/data/hires/GSE223917_RAW/GSM6998752_GasaE751160.pairs.gz	E75	ExE ectoderm
GasaE751164	/Volumes/SumSung500/CSU/0_HiRES/data/hires/GSE223917_RAW/GSM6998756_GasaE751164.pairs.gz	E75	neural ectoderm
GasaE751166	/Volumes/SumSung500/CSU/0_HiRES/data/hires/GSE223917_RAW/GSM6998758_GasaE751166.pairs.gz	E75	ExE mesoderm
GasaE751168	/Volumes/SumSung500/CSU/0_HiRES/data/hires/GSE223917_RAW/GSM6998760_GasaE751168.pairs.gz	E75	mitosis
GasaE751170	/Volumes/SumSung500/CSU/0_HiRES/data/hires/GSE223917_RAW/GSM6998762_GasaE751170.pairs.gz	E75	blood
GasaE751174	/Volumes/SumSung500/CSU/0_HiRES/data/hires/GSE223917_RAW/GSM6998766_GasaE751174.pairs.gz	E75	ExE ectoderm
GasaE751176	/Volumes/SumSung500/CSU/0_HiRES/data/hires/GSE223917_RAW/GSM6998768_GasaE751176.pairs.gz	E75	endoderm
GasaE751177	/Volumes/SumSung500/CSU/0_HiRES/data/hires/GSE223917_RAW/GSM6998769_GasaE751177.pairs.gz	E75	neural ectoderm
GasaE751178	/Volumes/SumSung500/CSU/0_HiRES/data/hires/GSE223917_RAW/GSM6998770_GasaE751178.pairs.gz	E75	epithelial cells
GasaE751179	/Volumes/SumSung500/CSU/0_HiRES/data/hires/GSE223917_RAW/GSM6998771_GasaE751179.pairs.gz	E75	early mesoderm
GasaE751181	/Volumes/SumSung500/CSU/0_HiRES/data/hires/GSE223917_RAW/GSM6998773_GasaE751181.pairs.gz	E75	epithelial cells
GasaE751183	/Volumes/SumSung500/CSU/0_HiRES/data/hires/GSE223917_RAW/GSM6998774_GasaE751183.pairs.gz	E75	early mesoderm
GasaE751184	/Volumes/SumSung500/CSU/0_HiRES/data/hires/GSE223917_RAW/GSM6998775_GasaE751184.pairs.gz	E75	ExE endoderm
GasaE751186	/Volumes/SumSung500/CSU/0_HiRES/data/hires/GSE223917_RAW/GSM6998777_GasaE751186.pairs.gz	E75	ExE mesoderm
GasaE751187	/Volumes/SumSung500/CSU/0_HiRES/data/hires/GSE223917_RAW/GSM6998778_GasaE751187.pairs.gz	E75	blood
GasaE751188	/Volumes/SumSung500/CSU/0_HiRES/data/hires/GSE223917_RAW/GSM6998779_GasaE751188.pairs.gz	E75	ExE endoderm
GasaE751190	/Volumes/SumSung500/CSU/0_HiRES/data/hires/GSE223917_RAW/GSM6998781_GasaE751190.pairs.gz	E75	mitosis
GasaE751193	/Volumes/SumSung500/CSU/0_HiRES/data/hires/GSE223917_RAW/GSM6998784_GasaE751193.pairs.gz	E75	neural ectoderm
GasaE751200	/Volumes/SumSung500/CSU/0_HiRES/data/hires/GSE223917_RAW/GSM6998800_GasaE751200.pairs.gz	E75	ExE ectoderm
GasaE751201	/Volumes/SumSung500/CSU/0_HiRES/data/hires/GSE223917_RAW/GSM6998805_GasaE751201.pairs.gz	E75	ExE endoderm
GasaE751202	/Volumes/SumSung500/CSU/0_HiRES/data/hires/GSE223917_RAW/GSM6998811_GasaE751202.pairs.gz	E75	neural ectoderm
GasaE751203	/Volumes/SumSung500/CSU/0_HiRES/data/hires/GSE223917_RAW/GSM6998816_GasaE751203.pairs.gz	E75	ExE ectoderm
GasaE751204	/Volumes/SumSung500/CSU/0_HiRES/data/hires/GSE223917_RAW/GSM6998821_GasaE751204.pairs.gz	E75	ExE endoderm
GasaE751206	/Volumes/SumSung500/CSU/0_HiRES/data/hires/GSE223917_RAW/GSM6998832_GasaE751206.pairs.gz	E75	neural ectoderm
GasaE751208	/Volumes/SumSung500/CSU/0_HiRES/data/hires/GSE223917_RAW/GSM6998845_GasaE751208.pairs.gz	E75	endoderm
GasaE751210	/Volumes/SumSung500/CSU/0_HiRES/data/hires/GSE223917_RAW/GSM6998848_GasaE751210.pairs.gz	E75	neural ectoderm
GasaE751213	/Volumes/SumSung500/CSU/0_HiRES/data/hires/GSE223917_RAW/GSM6998850_GasaE751213.pairs.gz	E75	neural ectoderm
GasaE751214	/Volumes/SumSung500/CSU/0_HiRES/data/hires/GSE223917_RAW/GSM6998851_GasaE751214.pairs.gz	E75	mitosis
GasaE751215	/Volumes/SumSung500/CSU/0_HiRES/data/hires/GSE223917_RAW/GSM6998852_GasaE751215.pairs.gz	E75	endoderm
GasaE751217	/Volumes/SumSung500/CSU/0_HiRES/data/hires/GSE223917_RAW/GSM6998854_GasaE751217.pairs.gz	E75	ExE endoderm
GasaE751218	/Volumes/SumSung500/CSU/0_HiRES/data/hires/GSE223917_RAW/GSM6998855_GasaE751218.pairs.gz	E75	early mesenchyme
GasaE751219	/Volumes/SumSung500/CSU/0_HiRES/data/hires/GSE223917_RAW/GSM6998856_GasaE751219.pairs.gz	E75	ExE mesoderm
GasaE751221	/Volumes/SumSung500/CSU/0_HiRES/data/hires/GSE223917_RAW/GSM6998858_GasaE751221.pairs.gz	E75	early mesenchyme
GasaE751224	/Volumes/SumSung500/CSU/0_HiRES/data/hires/GSE223917_RAW/GSM6998861_GasaE751224.pairs.gz	E75	neural ectoderm
GasaE751225	/Volumes/SumSung500/CSU/0_HiRES/data/hires/GSE223917_RAW/GSM6998862_GasaE751225.pairs.gz	E75	blood
GasaE751226	/Volumes/SumSung500/CSU/0_HiRES/data/hires/GSE223917_RAW/GSM6998863_GasaE751226.pairs.gz	E75	early mesoderm
GasaE751227	/Volumes/SumSung500/CSU/0_HiRES/data/hires/GSE223917_RAW/GSM6998864_GasaE751227.pairs.gz	E75	ExE ectoderm
GasaE751228	/Volumes/SumSung500/CSU/0_HiRES/data/hires/GSE223917_RAW/GSM6998865_GasaE751228.pairs.gz	E75	neural ectoderm
GasaE751229	/Volumes/SumSung500/CSU/0_HiRES/data/hires/GSE223917_RAW/GSM6998866_GasaE751229.pairs.gz	E75	ExE mesoderm
GasaE751230	/Volumes/SumSung500/CSU/0_HiRES/data/hires/GSE223917_RAW/GSM6998867_GasaE751230.pairs.gz	E75	endoderm
GasaE751231	/Volumes/SumSung500/CSU/0_HiRES/data/hires/GSE223917_RAW/GSM6998868_GasaE751231.pairs.gz	E75	neural ectoderm
GasaE751233	/Volumes/SumSung500/CSU/0_HiRES/data/hires/GSE223917_RAW/GSM6998870_GasaE751233.pairs.gz	E75	ExE ectoderm
GasaE751235	/Volumes/SumSung500/CSU/0_HiRES/data/hires/GSE223917_RAW/GSM6998872_GasaE751235.pairs.gz	E75	neural ectoderm
GasaE751237	/Volumes/SumSung500/CSU/0_HiRES/data/hires/GSE223917_RAW/GSM6998874_GasaE751237.pairs.gz	E75	ExE endoderm
GasaE751238	/Volumes/SumSung500/CSU/0_HiRES/data/hires/GSE223917_RAW/GSM6998875_GasaE751238.pairs.gz	E75	epithelial cells
GasaE751240	/Volumes/SumSung500/CSU/0_HiRES/data/hires/GSE223917_RAW/GSM6998877_GasaE751240.pairs.gz	E75	ExE endoderm
GasaE751243	/Volumes/SumSung500/CSU/0_HiRES/data/hires/GSE223917_RAW/GSM6998879_GasaE751243.pairs.gz	E75	early mesenchyme
GasaE751245	/Volumes/SumSung500/CSU/0_HiRES/data/hires/GSE223917_RAW/GSM6998880_GasaE751245.pairs.gz	E75	ExE mesoderm
GasaE751247	/Volumes/SumSung500/CSU/0_HiRES/data/hires/GSE223917_RAW/GSM6998882_GasaE751247.pairs.gz	E75	ExE endoderm
GasaE751248	/Volumes/SumSung500/CSU/0_HiRES/data/hires/GSE223917_RAW/GSM6998883_GasaE751248.pairs.gz	E75	epithelial cells
GasaE751249	/Volumes/SumSung500/CSU/0_HiRES/data/hires/GSE223917_RAW/GSM6998884_GasaE751249.pairs.gz	E75	neural ectoderm
GasaE751250	/Volumes/SumSung500/CSU/0_HiRES/data/hires/GSE223917_RAW/GSM6998885_GasaE751250.pairs.gz	E75	early mesoderm
GasaE751251	/Volumes/SumSung500/CSU/0_HiRES/data/hires/GSE223917_RAW/GSM6998886_GasaE751251.pairs.gz	E75	early mesenchyme
GasaE751253	/Volumes/SumSung500/CSU/0_HiRES/data/hires/GSE223917_RAW/GSM6998888_GasaE751253.pairs.gz	E75	early mesenchyme
GasaE751255	/Volumes/SumSung500/CSU/0_HiRES/data/hires/GSE223917_RAW/GSM6998890_GasaE751255.pairs.gz	E75	mitosis
GasaE751256	/Volumes/SumSung500/CSU/0_HiRES/data/hires/GSE223917_RAW/GSM6998891_GasaE751256.pairs.gz	E75	ExE endoderm
GasaE751258	/Volumes/SumSung500/CSU/0_HiRES/data/hires/GSE223917_RAW/GSM6998892_GasaE751258.pairs.gz	E75	blood
GasaE751259	/Volumes/SumSung500/CSU/0_HiRES/data/hires/GSE223917_RAW/GSM6998893_GasaE751259.pairs.gz	E75	neural ectoderm
GasaE751261	/Volumes/SumSung500/CSU/0_HiRES/data/hires/GSE223917_RAW/GSM6998895_GasaE751261.pairs.gz	E75	mitosis
GasaE751264	/Volumes/SumSung500/CSU/0_HiRES/data/hires/GSE223917_RAW/GSM6998898_GasaE751264.pairs.gz	E75	neural ectoderm
GasaE751265	/Volumes/SumSung500/CSU/0_HiRES/data/hires/GSE223917_RAW/GSM6998899_GasaE751265.pairs.gz	E75	blood
GasaE751268	/Volumes/SumSung500/CSU/0_HiRES/data/hires/GSE223917_RAW/GSM6998902_GasaE751268.pairs.gz	E75	mitosis
GasaE751270	/Volumes/SumSung500/CSU/0_HiRES/data/hires/GSE223917_RAW/GSM6998904_GasaE751270.pairs.gz	E75	early mesoderm
GasaE751271	/Volumes/SumSung500/CSU/0_HiRES/data/hires/GSE223917_RAW/GSM6998905_GasaE751271.pairs.gz	E75	ExE endoderm
GasaE751274	/Volumes/SumSung500/CSU/0_HiRES/data/hires/GSE223917_RAW/GSM6998908_GasaE751274.pairs.gz	E75	neural ectoderm
GasaE751275	/Volumes/SumSung500/CSU/0_HiRES/data/hires/GSE223917_RAW/GSM6998909_GasaE751275.pairs.gz	E75	ExE endoderm
GasaE751276	/Volumes/SumSung500/CSU/0_HiRES/data/hires/GSE223917_RAW/GSM6998910_GasaE751276.pairs.gz	E75	blood
GasaE751280	/Volumes/SumSung500/CSU/0_HiRES/data/hires/GSE223917_RAW/GSM6998914_GasaE751280.pairs.gz	E75	ExE endoderm
GasaE751282	/Volumes/SumSung500/CSU/0_HiRES/data/hires/GSE223917_RAW/GSM6998916_GasaE751282.pairs.gz	E75	ExE ectoderm
GasaE751284	/Volumes/SumSung500/CSU/0_HiRES/data/hires/GSE223917_RAW/GSM6998918_GasaE751284.pairs.gz	E75	blood
GasaE751287	/Volumes/SumSung500/CSU/0_HiRES/data/hires/GSE223917_RAW/GSM6998919_GasaE751287.pairs.gz	E75	neural ectoderm
GasaE751289	/Volumes/SumSung500/CSU/0_HiRES/data/hires/GSE223917_RAW/GSM6998921_GasaE751289.pairs.gz	E75	early mesenchyme
GasaE751290	/Volumes/SumSung500/CSU/0_HiRES/data/hires/GSE223917_RAW/GSM6998922_GasaE751290.pairs.gz	E75	blood
GasaE751293	/Volumes/SumSung500/CSU/0_HiRES/data/hires/GSE223917_RAW/GSM6998925_GasaE751293.pairs.gz	E75	ExE endoderm
GasaE751296	/Volumes/SumSung500/CSU/0_HiRES/data/hires/GSE223917_RAW/GSM6998928_GasaE751296.pairs.gz	E75	mitosis
GasaE751297	/Volumes/SumSung500/CSU/0_HiRES/data/hires/GSE223917_RAW/GSM6998929_GasaE751297.pairs.gz	E75	blood
GasaE751300	/Volumes/SumSung500/CSU/0_HiRES/data/hires/GSE223917_RAW/GSM6998932_GasaE751300.pairs.gz	E75	early mesenchyme
GasaE751302	/Volumes/SumSung500/CSU/0_HiRES/data/hires/GSE223917_RAW/GSM6998934_GasaE751302.pairs.gz	E75	neural ectoderm
GasaE751303	/Volumes/SumSung500/CSU/0_HiRES/data/hires/GSE223917_RAW/GSM6998935_GasaE751303.pairs.gz	E75	mitosis
GasaE751307	/Volumes/SumSung500/CSU/0_HiRES/data/hires/GSE223917_RAW/GSM6998939_GasaE751307.pairs.gz	E75	neural ectoderm
GasaE751308	/Volumes/SumSung500/CSU/0_HiRES/data/hires/GSE223917_RAW/GSM6998940_GasaE751308.pairs.gz	E75	ExE ectoderm
GasaE751309	/Volumes/SumSung500/CSU/0_HiRES/data/hires/GSE223917_RAW/GSM6998941_GasaE751309.pairs.gz	E75	neural ectoderm
GasaE751310	/Volumes/SumSung500/CSU/0_HiRES/data/hires/GSE223917_RAW/GSM6998942_GasaE751310.pairs.gz	E75	neural ectoderm
GasaE751313	/Volumes/SumSung500/CSU/0_HiRES/data/hires/GSE223917_RAW/GSM6998945_GasaE751313.pairs.gz	E75	neural ectoderm
GasaE751316	/Volumes/SumSung500/CSU/0_HiRES/data/hires/GSE223917_RAW/GSM6998948_GasaE751316.pairs.gz	E75	neural ectoderm
GasaE751319	/Volumes/SumSung500/CSU/0_HiRES/data/hires/GSE223917_RAW/GSM6998951_GasaE751319.pairs.gz	E75	neural ectoderm
GasaE751321	/Volumes/SumSung500/CSU/0_HiRES/data/hires/GSE223917_RAW/GSM6998952_GasaE751321.pairs.gz	E75	ExE mesoderm
GasaE751324	/Volumes/SumSung500/CSU/0_HiRES/data/hires/GSE223917_RAW/GSM6998955_GasaE751324.pairs.gz	E75	neural ectoderm
GasaE751326	/Volumes/SumSung500/CSU/0_HiRES/data/hires/GSE223917_RAW/GSM6998957_GasaE751326.pairs.gz	E75	early mesenchyme
GasaE751327	/Volumes/SumSung500/CSU/0_HiRES/data/hires/GSE223917_RAW/GSM6998958_GasaE751327.pairs.gz	E75	ExE endoderm
GasaE751328	/Volumes/SumSung500/CSU/0_HiRES/data/hires/GSE223917_RAW/GSM6998959_GasaE751328.pairs.gz	E75	mitosis
GasaE751329	/Volumes/SumSung500/CSU/0_HiRES/data/hires/GSE223917_RAW/GSM6998960_GasaE751329.pairs.gz	E75	neural ectoderm
GasaE751330	/Volumes/SumSung500/CSU/0_HiRES/data/hires/GSE223917_RAW/GSM6998961_GasaE751330.pairs.gz	E75	ExE mesoderm
GasaE751331	/Volumes/SumSung500/CSU/0_HiRES/data/hires/GSE223917_RAW/GSM6998962_GasaE751331.pairs.gz	E75	neural ectoderm
GasaE751332	/Volumes/SumSung500/CSU/0_HiRES/data/hires/GSE223917_RAW/GSM6998963_GasaE751332.pairs.gz	E75	blood
GasaE751334	/Volumes/SumSung500/CSU/0_HiRES/data/hires/GSE223917_RAW/GSM6998965_GasaE751334.pairs.gz	E75	ExE mesoderm
GasaE751335	/Volumes/SumSung500/CSU/0_HiRES/data/hires/GSE223917_RAW/GSM6998966_GasaE751335.pairs.gz	E75	endoderm
GasaE751339	/Volumes/SumSung500/CSU/0_HiRES/data/hires/GSE223917_RAW/GSM6998970_GasaE751339.pairs.gz	E75	neural ectoderm
GasaE751342	/Volumes/SumSung500/CSU/0_HiRES/data/hires/GSE223917_RAW/GSM6998973_GasaE751342.pairs.gz	E75	early mesoderm
GasaE751343	/Volumes/SumSung500/CSU/0_HiRES/data/hires/GSE223917_RAW/GSM6998974_GasaE751343.pairs.gz	E75	neural ectoderm
GasaE751346	/Volumes/SumSung500/CSU/0_HiRES/data/hires/GSE223917_RAW/GSM6998977_GasaE751346.pairs.gz	E75	ExE endoderm
GasaE751348	/Volumes/SumSung500/CSU/0_HiRES/data/hires/GSE223917_RAW/GSM6998979_GasaE751348.pairs.gz	E75	mitosis
GasaE751349	/Volumes/SumSung500/CSU/0_HiRES/data/hires/GSE223917_RAW/GSM6998980_GasaE751349.pairs.gz	E75	early mesoderm
GasaE751352	/Volumes/SumSung500/CSU/0_HiRES/data/hires/GSE223917_RAW/GSM6998983_GasaE751352.pairs.gz	E75	ExE mesoderm
GasaE751355	/Volumes/SumSung500/CSU/0_HiRES/data/hires/GSE223917_RAW/GSM6998986_GasaE751355.pairs.gz	E75	ExE ectoderm
GasaE751356	/Volumes/SumSung500/CSU/0_HiRES/data/hires/GSE223917_RAW/GSM6998987_GasaE751356.pairs.gz	E75	blood
GasaE751357	/Volumes/SumSung500/CSU/0_HiRES/data/hires/GSE223917_RAW/GSM6998988_GasaE751357.pairs.gz	E75	neural ectoderm
GasaE751358	/Volumes/SumSung500/CSU/0_HiRES/data/hires/GSE223917_RAW/GSM6998989_GasaE751358.pairs.gz	E75	neural ectoderm
GasaE751360	/Volumes/SumSung500/CSU/0_HiRES/data/hires/GSE223917_RAW/GSM6998991_GasaE751360.pairs.gz	E75	early mesenchyme
GasaE751362	/Volumes/SumSung500/CSU/0_HiRES/data/hires/GSE223917_RAW/GSM6998993_GasaE751362.pairs.gz	E75	blood
GasaE751365	/Volumes/SumSung500/CSU/0_HiRES/data/hires/GSE223917_RAW/GSM6998995_GasaE751365.pairs.gz	E75	neural ectoderm
GasaE751367	/Volumes/SumSung500/CSU/0_HiRES/data/hires/GSE223917_RAW/GSM6998997_GasaE751367.pairs.gz	E75	early mesenchyme
GasaE751368	/Volumes/SumSung500/CSU/0_HiRES/data/hires/GSE223917_RAW/GSM6998998_GasaE751368.pairs.gz	E75	early mesoderm
GasaE751369	/Volumes/SumSung500/CSU/0_HiRES/data/hires/GSE223917_RAW/GSM6998999_GasaE751369.pairs.gz	E75	neural ectoderm
GasaE751370	/Volumes/SumSung500/CSU/0_HiRES/data/hires/GSE223917_RAW/GSM6999000_GasaE751370.pairs.gz	E75	neural ectoderm
GasaE751371	/Volumes/SumSung500/CSU/0_HiRES/data/hires/GSE223917_RAW/GSM6999001_GasaE751371.pairs.gz	E75	neural ectoderm
GasaE751374	/Volumes/SumSung500/CSU/0_HiRES/data/hires/GSE223917_RAW/GSM6999004_GasaE751374.pairs.gz	E75	ExE ectoderm
GasaE751375	/Volumes/SumSung500/CSU/0_HiRES/data/hires/GSE223917_RAW/GSM6999005_GasaE751375.pairs.gz	E75	neural ectoderm
GasaE751382	/Volumes/SumSung500/CSU/0_HiRES/data/hires/GSE223917_RAW/GSM6999012_GasaE751382.pairs.gz	E75	ExE ectoderm
GasbE751009	/Volumes/SumSung500/CSU/0_HiRES/data/hires/GSE223917_RAW/GSM6999015_GasbE751009.pairs.gz	E75	neural ectoderm
GasbE751010	/Volumes/SumSung500/CSU/0_HiRES/data/hires/GSE223917_RAW/GSM6999016_GasbE751010.pairs.gz	E75	ExE endoderm
GasbE751012	/Volumes/SumSung500/CSU/0_HiRES/data/hires/GSE223917_RAW/GSM6999018_GasbE751012.pairs.gz	E75	neural ectoderm
GasbE751013	/Volumes/SumSung500/CSU/0_HiRES/data/hires/GSE223917_RAW/GSM6999019_GasbE751013.pairs.gz	E75	ExE ectoderm
GasbE751014	/Volumes/SumSung500/CSU/0_HiRES/data/hires/GSE223917_RAW/GSM6999020_GasbE751014.pairs.gz	E75	ExE mesoderm
GasbE751015	/Volumes/SumSung500/CSU/0_HiRES/data/hires/GSE223917_RAW/GSM6999021_GasbE751015.pairs.gz	E75	blood
GasbE751016	/Volumes/SumSung500/CSU/0_HiRES/data/hires/GSE223917_RAW/GSM6999022_GasbE751016.pairs.gz	E75	early mesenchyme
GasbE751017	/Volumes/SumSung500/CSU/0_HiRES/data/hires/GSE223917_RAW/GSM6999023_GasbE751017.pairs.gz	E75	ExE ectoderm
GasbE751018	/Volumes/SumSung500/CSU/0_HiRES/data/hires/GSE223917_RAW/GSM6999024_GasbE751018.pairs.gz	E75	mitosis
GasbE751020	/Volumes/SumSung500/CSU/0_HiRES/data/hires/GSE223917_RAW/GSM6999026_GasbE751020.pairs.gz	E75	ExE ectoderm
GasbE751021	/Volumes/SumSung500/CSU/0_HiRES/data/hires/GSE223917_RAW/GSM6999027_GasbE751021.pairs.gz	E75	ExE ectoderm
GasbE751022	/Volumes/SumSung500/CSU/0_HiRES/data/hires/GSE223917_RAW/GSM6999028_GasbE751022.pairs.gz	E75	ExE ectoderm
GasbE751025	/Volumes/SumSung500/CSU/0_HiRES/data/hires/GSE223917_RAW/GSM6999031_GasbE751025.pairs.gz	E75	epiblast and PS
GasbE751026	/Volumes/SumSung500/CSU/0_HiRES/data/hires/GSE223917_RAW/GSM6999032_GasbE751026.pairs.gz	E75	blood
GasbE751028	/Volumes/SumSung500/CSU/0_HiRES/data/hires/GSE223917_RAW/GSM6999034_GasbE751028.pairs.gz	E75	early mesoderm
GasbE751029	/Volumes/SumSung500/CSU/0_HiRES/data/hires/GSE223917_RAW/GSM6999035_GasbE751029.pairs.gz	E75	endoderm
GasbE751034	/Volumes/SumSung500/CSU/0_HiRES/data/hires/GSE223917_RAW/GSM6999040_GasbE751034.pairs.gz	E75	ExE endoderm
GasbE751035	/Volumes/SumSung500/CSU/0_HiRES/data/hires/GSE223917_RAW/GSM6999041_GasbE751035.pairs.gz	E75	ExE mesoderm
GasbE751037	/Volumes/SumSung500/CSU/0_HiRES/data/hires/GSE223917_RAW/GSM6999043_GasbE751037.pairs.gz	E75	ExE mesoderm
GasbE751038	/Volumes/SumSung500/CSU/0_HiRES/data/hires/GSE223917_RAW/GSM6999044_GasbE751038.pairs.gz	E75	epiblast and PS
GasbE751039	/Volumes/SumSung500/CSU/0_HiRES/data/hires/GSE223917_RAW/GSM6999045_GasbE751039.pairs.gz	E75	ExE mesoderm
GasbE751040	/Volumes/SumSung500/CSU/0_HiRES/data/hires/GSE223917_RAW/GSM6999046_GasbE751040.pairs.gz	E75	ExE ectoderm
GasbE751042	/Volumes/SumSung500/CSU/0_HiRES/data/hires/GSE223917_RAW/GSM6999048_GasbE751042.pairs.gz	E75	ExE mesoderm
GasbE751044	/Volumes/SumSung500/CSU/0_HiRES/data/hires/GSE223917_RAW/GSM6999050_GasbE751044.pairs.gz	E75	neural ectoderm
GasbE751045	/Volumes/SumSung500/CSU/0_HiRES/data/hires/GSE223917_RAW/GSM6999051_GasbE751045.pairs.gz	E75	neural ectoderm
GasbE751046	/Volumes/SumSung500/CSU/0_HiRES/data/hires/GSE223917_RAW/GSM6999052_GasbE751046.pairs.gz	E75	mitosis
GasbE751047	/Volumes/SumSung500/CSU/0_HiRES/data/hires/GSE223917_RAW/GSM6999053_GasbE751047.pairs.gz	E75	endoderm
GasbE751048	/Volumes/SumSung500/CSU/0_HiRES/data/hires/GSE223917_RAW/GSM6999054_GasbE751048.pairs.gz	E75	neural ectoderm
GasbE751049	/Volumes/SumSung500/CSU/0_HiRES/data/hires/GSE223917_RAW/GSM6999055_GasbE751049.pairs.gz	E75	mitosis
GasbE751052	/Volumes/SumSung500/CSU/0_HiRES/data/hires/GSE223917_RAW/GSM6999058_GasbE751052.pairs.gz	E75	early mesoderm
GasbE751053	/Volumes/SumSung500/CSU/0_HiRES/data/hires/GSE223917_RAW/GSM6999059_GasbE751053.pairs.gz	E75	mitosis
GasbE751055	/Volumes/SumSung500/CSU/0_HiRES/data/hires/GSE223917_RAW/GSM6999061_GasbE751055.pairs.gz	E75	early mesenchyme
GasbE751056	/Volumes/SumSung500/CSU/0_HiRES/data/hires/GSE223917_RAW/GSM6999062_GasbE751056.pairs.gz	E75	neural ectoderm
GasbE751057	/Volumes/SumSung500/CSU/0_HiRES/data/hires/GSE223917_RAW/GSM6999063_GasbE751057.pairs.gz	E75	ExE endoderm
GasbE751059	/Volumes/SumSung500/CSU/0_HiRES/data/hires/GSE223917_RAW/GSM6999065_GasbE751059.pairs.gz	E75	ExE ectoderm
GasbE751061	/Volumes/SumSung500/CSU/0_HiRES/data/hires/GSE223917_RAW/GSM6999067_GasbE751061.pairs.gz	E75	ExE mesoderm
GasbE751062	/Volumes/SumSung500/CSU/0_HiRES/data/hires/GSE223917_RAW/GSM6999068_GasbE751062.pairs.gz	E75	ExE ectoderm
GasbE751063	/Volumes/SumSung500/CSU/0_HiRES/data/hires/GSE223917_RAW/GSM6999069_GasbE751063.pairs.gz	E75	epiblast and PS
GasbE751066	/Volumes/SumSung500/CSU/0_HiRES/data/hires/GSE223917_RAW/GSM6999072_GasbE751066.pairs.gz	E75	ExE ectoderm
GasbE751067	/Volumes/SumSung500/CSU/0_HiRES/data/hires/GSE223917_RAW/GSM6999073_GasbE751067.pairs.gz	E75	endoderm
GasbE751068	/Volumes/SumSung500/CSU/0_HiRES/data/hires/GSE223917_RAW/GSM6999074_GasbE751068.pairs.gz	E75	ExE ectoderm
GasbE751071	/Volumes/SumSung500/CSU/0_HiRES/data/hires/GSE223917_RAW/GSM6999077_GasbE751071.pairs.gz	E75	early mesoderm
GasbE751072	/Volumes/SumSung500/CSU/0_HiRES/data/hires/GSE223917_RAW/GSM6999078_GasbE751072.pairs.gz	E75	early mesoderm
GasbE751073	/Volumes/SumSung500/CSU/0_HiRES/data/hires/GSE223917_RAW/GSM6999079_GasbE751073.pairs.gz	E75	neural ectoderm
GasbE751074	/Volumes/SumSung500/CSU/0_HiRES/data/hires/GSE223917_RAW/GSM6999080_GasbE751074.pairs.gz	E75	ExE ectoderm
GasbE751076	/Volumes/SumSung500/CSU/0_HiRES/data/hires/GSE223917_RAW/GSM6999082_GasbE751076.pairs.gz	E75	ExE endoderm
GasbE751077	/Volumes/SumSung500/CSU/0_HiRES/data/hires/GSE223917_RAW/GSM6999083_GasbE751077.pairs.gz	E75	neural ectoderm
GasbE751079	/Volumes/SumSung500/CSU/0_HiRES/data/hires/GSE223917_RAW/GSM6999085_GasbE751079.pairs.gz	E75	ExE ectoderm
GasbE751081	/Volumes/SumSung500/CSU/0_HiRES/data/hires/GSE223917_RAW/GSM6999087_GasbE751081.pairs.gz	E75	neural ectoderm
GasbE751083	/Volumes/SumSung500/CSU/0_HiRES/data/hires/GSE223917_RAW/GSM6999089_GasbE751083.pairs.gz	E75	early mesoderm
GasbE751084	/Volumes/SumSung500/CSU/0_HiRES/data/hires/GSE223917_RAW/GSM6999090_GasbE751084.pairs.gz	E75	early mesoderm
GasbE751086	/Volumes/SumSung500/CSU/0_HiRES/data/hires/GSE223917_RAW/GSM6999092_GasbE751086.pairs.gz	E75	neural ectoderm
GasbE751087	/Volumes/SumSung500/CSU/0_HiRES/data/hires/GSE223917_RAW/GSM6999093_GasbE751087.pairs.gz	E75	neural ectoderm
GasbE751088	/Volumes/SumSung500/CSU/0_HiRES/data/hires/GSE223917_RAW/GSM6999094_GasbE751088.pairs.gz	E75	neural ectoderm
GasbE751089	/Volumes/SumSung500/CSU/0_HiRES/data/hires/GSE223917_RAW/GSM6999095_GasbE751089.pairs.gz	E75	ExE ectoderm
GasbE751091	/Volumes/SumSung500/CSU/0_HiRES/data/hires/GSE223917_RAW/GSM6999097_GasbE751091.pairs.gz	E75	early mesenchyme
GasbE751093	/Volumes/SumSung500/CSU/0_HiRES/data/hires/GSE223917_RAW/GSM6999099_GasbE751093.pairs.gz	E75	ExE ectoderm
GasbE751094	/Volumes/SumSung500/CSU/0_HiRES/data/hires/GSE223917_RAW/GSM6999100_GasbE751094.pairs.gz	E75	neural ectoderm
GasbE751095	/Volumes/SumSung500/CSU/0_HiRES/data/hires/GSE223917_RAW/GSM6999101_GasbE751095.pairs.gz	E75	endoderm
GasbE751096	/Volumes/SumSung500/CSU/0_HiRES/data/hires/GSE223917_RAW/GSM6999102_GasbE751096.pairs.gz	E75	ExE ectoderm
GasbE751098	/Volumes/SumSung500/CSU/0_HiRES/data/hires/GSE223917_RAW/GSM6999104_GasbE751098.pairs.gz	E75	mitosis
GasbE751099	/Volumes/SumSung500/CSU/0_HiRES/data/hires/GSE223917_RAW/GSM6999105_GasbE751099.pairs.gz	E75	early mesoderm
GasbE751100	/Volumes/SumSung500/CSU/0_HiRES/data/hires/GSE223917_RAW/GSM6999106_GasbE751100.pairs.gz	E75	ExE endoderm
GasbE751102	/Volumes/SumSung500/CSU/0_HiRES/data/hires/GSE223917_RAW/GSM6999108_GasbE751102.pairs.gz	E75	neural ectoderm
GasbE751105	/Volumes/SumSung500/CSU/0_HiRES/data/hires/GSE223917_RAW/GSM6999111_GasbE751105.pairs.gz	E75	neural ectoderm
GasbE751106	/Volumes/SumSung500/CSU/0_HiRES/data/hires/GSE223917_RAW/GSM6999112_GasbE751106.pairs.gz	E75	blood
GasbE751107	/Volumes/SumSung500/CSU/0_HiRES/data/hires/GSE223917_RAW/GSM6999113_GasbE751107.pairs.gz	E75	neural ectoderm
GasbE751108	/Volumes/SumSung500/CSU/0_HiRES/data/hires/GSE223917_RAW/GSM6999114_GasbE751108.pairs.gz	E75	neural ectoderm
GasbE751111	/Volumes/SumSung500/CSU/0_HiRES/data/hires/GSE223917_RAW/GSM6999117_GasbE751111.pairs.gz	E75	mitosis
GasbE751112	/Volumes/SumSung500/CSU/0_HiRES/data/hires/GSE223917_RAW/GSM6999118_GasbE751112.pairs.gz	E75	blood
GasbE751114	/Volumes/SumSung500/CSU/0_HiRES/data/hires/GSE223917_RAW/GSM6999120_GasbE751114.pairs.gz	E75	neural ectoderm
GasbE751115	/Volumes/SumSung500/CSU/0_HiRES/data/hires/GSE223917_RAW/GSM6999121_GasbE751115.pairs.gz	E75	ExE mesoderm
GasbE751116	/Volumes/SumSung500/CSU/0_HiRES/data/hires/GSE223917_RAW/GSM6999122_GasbE751116.pairs.gz	E75	ExE ectoderm
GasbE751117	/Volumes/SumSung500/CSU/0_HiRES/data/hires/GSE223917_RAW/GSM6999123_GasbE751117.pairs.gz	E75	ExE endoderm
GasbE751118	/Volumes/SumSung500/CSU/0_HiRES/data/hires/GSE223917_RAW/GSM6999124_GasbE751118.pairs.gz	E75	early mesoderm
GasbE751122	/Volumes/SumSung500/CSU/0_HiRES/data/hires/GSE223917_RAW/GSM6999127_GasbE751122.pairs.gz	E75	early mesoderm
GasbE751123	/Volumes/SumSung500/CSU/0_HiRES/data/hires/GSE223917_RAW/GSM6999128_GasbE751123.pairs.gz	E75	ExE endoderm
GasbE751124	/Volumes/SumSung500/CSU/0_HiRES/data/hires/GSE223917_RAW/GSM6999129_GasbE751124.pairs.gz	E75	ExE ectoderm
GasbE751125	/Volumes/SumSung500/CSU/0_HiRES/data/hires/GSE223917_RAW/GSM6999130_GasbE751125.pairs.gz	E75	mitosis
GasbE751126	/Volumes/SumSung500/CSU/0_HiRES/data/hires/GSE223917_RAW/GSM6999131_GasbE751126.pairs.gz	E75	early mesoderm
GasbE751127	/Volumes/SumSung500/CSU/0_HiRES/data/hires/GSE223917_RAW/GSM6999132_GasbE751127.pairs.gz	E75	ExE ectoderm
GasbE751128	/Volumes/SumSung500/CSU/0_HiRES/data/hires/GSE223917_RAW/GSM6999133_GasbE751128.pairs.gz	E75	ExE mesoderm
GasbE751130	/Volumes/SumSung500/CSU/0_HiRES/data/hires/GSE223917_RAW/GSM6999135_GasbE751130.pairs.gz	E75	early mesoderm
GasbE751132	/Volumes/SumSung500/CSU/0_HiRES/data/hires/GSE223917_RAW/GSM6999137_GasbE751132.pairs.gz	E75	neural ectoderm
GasbE751134	/Volumes/SumSung500/CSU/0_HiRES/data/hires/GSE223917_RAW/GSM6999139_GasbE751134.pairs.gz	E75	early mesoderm
GasbE751135	/Volumes/SumSung500/CSU/0_HiRES/data/hires/GSE223917_RAW/GSM6999140_GasbE751135.pairs.gz	E75	early mesoderm
GasbE751136	/Volumes/SumSung500/CSU/0_HiRES/data/hires/GSE223917_RAW/GSM6999141_GasbE751136.pairs.gz	E75	endoderm
GasbE751137	/Volumes/SumSung500/CSU/0_HiRES/data/hires/GSE223917_RAW/GSM6999142_GasbE751137.pairs.gz	E75	ExE mesoderm
GasbE751138	/Volumes/SumSung500/CSU/0_HiRES/data/hires/GSE223917_RAW/GSM6999143_GasbE751138.pairs.gz	E75	neural ectoderm
GasbE751142	/Volumes/SumSung500/CSU/0_HiRES/data/hires/GSE223917_RAW/GSM6999147_GasbE751142.pairs.gz	E75	early mesoderm
GasbE751143	/Volumes/SumSung500/CSU/0_HiRES/data/hires/GSE223917_RAW/GSM6999148_GasbE751143.pairs.gz	E75	neural ectoderm
GasbE751144	/Volumes/SumSung500/CSU/0_HiRES/data/hires/GSE223917_RAW/GSM6999149_GasbE751144.pairs.gz	E75	ExE ectoderm
GasbE751145	/Volumes/SumSung500/CSU/0_HiRES/data/hires/GSE223917_RAW/GSM6999150_GasbE751145.pairs.gz	E75	mitosis
GasbE751146	/Volumes/SumSung500/CSU/0_HiRES/data/hires/GSE223917_RAW/GSM6999151_GasbE751146.pairs.gz	E75	ExE ectoderm
GasbE751149	/Volumes/SumSung500/CSU/0_HiRES/data/hires/GSE223917_RAW/GSM6999154_GasbE751149.pairs.gz	E75	mitosis
GasbE751150	/Volumes/SumSung500/CSU/0_HiRES/data/hires/GSE223917_RAW/GSM6999155_GasbE751150.pairs.gz	E75	neural ectoderm
GasbE751152	/Volumes/SumSung500/CSU/0_HiRES/data/hires/GSE223917_RAW/GSM6999157_GasbE751152.pairs.gz	E75	neural ectoderm
GasbE751154	/Volumes/SumSung500/CSU/0_HiRES/data/hires/GSE223917_RAW/GSM6999159_GasbE751154.pairs.gz	E75	neural ectoderm
GasbE751155	/Volumes/SumSung500/CSU/0_HiRES/data/hires/GSE223917_RAW/GSM6999160_GasbE751155.pairs.gz	E75	blood
GasbE751156	/Volumes/SumSung500/CSU/0_HiRES/data/hires/GSE223917_RAW/GSM6999161_GasbE751156.pairs.gz	E75	ExE mesoderm
GasbE751158	/Volumes/SumSung500/CSU/0_HiRES/data/hires/GSE223917_RAW/GSM6999162_GasbE751158.pairs.gz	E75	early mesoderm
GasbE751159	/Volumes/SumSung500/CSU/0_HiRES/data/hires/GSE223917_RAW/GSM6999163_GasbE751159.pairs.gz	E75	blood
GasbE751160	/Volumes/SumSung500/CSU/0_HiRES/data/hires/GSE223917_RAW/GSM6999164_GasbE751160.pairs.gz	E75	neural ectoderm
GasbE751161	/Volumes/SumSung500/CSU/0_HiRES/data/hires/GSE223917_RAW/GSM6999165_GasbE751161.pairs.gz	E75	neural ectoderm
GasbE751162	/Volumes/SumSung500/CSU/0_HiRES/data/hires/GSE223917_RAW/GSM6999166_GasbE751162.pairs.gz	E75	ExE ectoderm
GasbE751165	/Volumes/SumSung500/CSU/0_HiRES/data/hires/GSE223917_RAW/GSM6999169_GasbE751165.pairs.gz	E75	ExE endoderm
GasbE751167	/Volumes/SumSung500/CSU/0_HiRES/data/hires/GSE223917_RAW/GSM6999171_GasbE751167.pairs.gz	E75	neural ectoderm
GasbE751168	/Volumes/SumSung500/CSU/0_HiRES/data/hires/GSE223917_RAW/GSM6999172_GasbE751168.pairs.gz	E75	mitosis
GasbE751169	/Volumes/SumSung500/CSU/0_HiRES/data/hires/GSE223917_RAW/GSM6999173_GasbE751169.pairs.gz	E75	ExE ectoderm
GasbE751170	/Volumes/SumSung500/CSU/0_HiRES/data/hires/GSE223917_RAW/GSM6999174_GasbE751170.pairs.gz	E75	ExE ectoderm
GasbE751171	/Volumes/SumSung500/CSU/0_HiRES/data/hires/GSE223917_RAW/GSM6999175_GasbE751171.pairs.gz	E75	ExE ectoderm
GasbE751172	/Volumes/SumSung500/CSU/0_HiRES/data/hires/GSE223917_RAW/GSM6999176_GasbE751172.pairs.gz	E75	epithelial cells
GasbE751173	/Volumes/SumSung500/CSU/0_HiRES/data/hires/GSE223917_RAW/GSM6999177_GasbE751173.pairs.gz	E75	neural ectoderm
GasbE751174	/Volumes/SumSung500/CSU/0_HiRES/data/hires/GSE223917_RAW/GSM6999178_GasbE751174.pairs.gz	E75	ExE mesoderm
GasbE751175	/Volumes/SumSung500/CSU/0_HiRES/data/hires/GSE223917_RAW/GSM6999179_GasbE751175.pairs.gz	E75	neural ectoderm
GasbE751176	/Volumes/SumSung500/CSU/0_HiRES/data/hires/GSE223917_RAW/GSM6999180_GasbE751176.pairs.gz	E75	endoderm
GasbE751178	/Volumes/SumSung500/CSU/0_HiRES/data/hires/GSE223917_RAW/GSM6999181_GasbE751178.pairs.gz	E75	mitosis
GasbE751179	/Volumes/SumSung500/CSU/0_HiRES/data/hires/GSE223917_RAW/GSM6999182_GasbE751179.pairs.gz	E75	ExE mesoderm
GasbE751182	/Volumes/SumSung500/CSU/0_HiRES/data/hires/GSE223917_RAW/GSM6999185_GasbE751182.pairs.gz	E75	ExE ectoderm
GasbE751183	/Volumes/SumSung500/CSU/0_HiRES/data/hires/GSE223917_RAW/GSM6999186_GasbE751183.pairs.gz	E75	blood
GasbE751184	/Volumes/SumSung500/CSU/0_HiRES/data/hires/GSE223917_RAW/GSM6999187_GasbE751184.pairs.gz	E75	early mesoderm
GasbE751185	/Volumes/SumSung500/CSU/0_HiRES/data/hires/GSE223917_RAW/GSM6999188_GasbE751185.pairs.gz	E75	early mesoderm
GasbE751186	/Volumes/SumSung500/CSU/0_HiRES/data/hires/GSE223917_RAW/GSM6999189_GasbE751186.pairs.gz	E75	neural ectoderm
GasbE751187	/Volumes/SumSung500/CSU/0_HiRES/data/hires/GSE223917_RAW/GSM6999190_GasbE751187.pairs.gz	E75	early mesenchyme
GasbE751188	/Volumes/SumSung500/CSU/0_HiRES/data/hires/GSE223917_RAW/GSM6999191_GasbE751188.pairs.gz	E75	neural ectoderm
GasbE751189	/Volumes/SumSung500/CSU/0_HiRES/data/hires/GSE223917_RAW/GSM6999192_GasbE751189.pairs.gz	E75	ExE ectoderm
GasbE751192	/Volumes/SumSung500/CSU/0_HiRES/data/hires/GSE223917_RAW/GSM6999195_GasbE751192.pairs.gz	E75	endoderm
GasbE751193	/Volumes/SumSung500/CSU/0_HiRES/data/hires/GSE223917_RAW/GSM6999196_GasbE751193.pairs.gz	E75	ExE endoderm
GasbE751194	/Volumes/SumSung500/CSU/0_HiRES/data/hires/GSE223917_RAW/GSM6999197_GasbE751194.pairs.gz	E75	early mesenchyme
GasbE751198	/Volumes/SumSung500/CSU/0_HiRES/data/hires/GSE223917_RAW/GSM6999201_GasbE751198.pairs.gz	E75	ExE endoderm
GasbE751199	/Volumes/SumSung500/CSU/0_HiRES/data/hires/GSE223917_RAW/GSM6999202_GasbE751199.pairs.gz	E75	neural ectoderm
GasbE751200	/Volumes/SumSung500/CSU/0_HiRES/data/hires/GSE223917_RAW/GSM6999203_GasbE751200.pairs.gz	E75	early mesoderm
GasbE751201	/Volumes/SumSung500/CSU/0_HiRES/data/hires/GSE223917_RAW/GSM6999204_GasbE751201.pairs.gz	E75	neural ectoderm
GasbE751205	/Volumes/SumSung500/CSU/0_HiRES/data/hires/GSE223917_RAW/GSM6999208_GasbE751205.pairs.gz	E75	early mesenchyme
GasbE751206	/Volumes/SumSung500/CSU/0_HiRES/data/hires/GSE223917_RAW/GSM6999209_GasbE751206.pairs.gz	E75	neural ectoderm
GasbE751207	/Volumes/SumSung500/CSU/0_HiRES/data/hires/GSE223917_RAW/GSM6999210_GasbE751207.pairs.gz	E75	early mesoderm
GasbE751209	/Volumes/SumSung500/CSU/0_HiRES/data/hires/GSE223917_RAW/GSM6999212_GasbE751209.pairs.gz	E75	ExE ectoderm
GasbE751211	/Volumes/SumSung500/CSU/0_HiRES/data/hires/GSE223917_RAW/GSM6999214_GasbE751211.pairs.gz	E75	neural ectoderm
GasbE751212	/Volumes/SumSung500/CSU/0_HiRES/data/hires/GSE223917_RAW/GSM6999215_GasbE751212.pairs.gz	E75	ExE endoderm
GasbE751213	/Volumes/SumSung500/CSU/0_HiRES/data/hires/GSE223917_RAW/GSM6999216_GasbE751213.pairs.gz	E75	mitosis
GasbE751217	/Volumes/SumSung500/CSU/0_HiRES/data/hires/GSE223917_RAW/GSM6999220_GasbE751217.pairs.gz	E75	ExE endoderm
GasbE751221	/Volumes/SumSung500/CSU/0_HiRES/data/hires/GSE223917_RAW/GSM6999224_GasbE751221.pairs.gz	E75	neural ectoderm
GasbE751226	/Volumes/SumSung500/CSU/0_HiRES/data/hires/GSE223917_RAW/GSM6999229_GasbE751226.pairs.gz	E75	early mesenchyme
GasbE751236	/Volumes/SumSung500/CSU/0_HiRES/data/hires/GSE223917_RAW/GSM6999239_GasbE751236.pairs.gz	E75	blood
GasbE751239	/Volumes/SumSung500/CSU/0_HiRES/data/hires/GSE223917_RAW/GSM6999241_GasbE751239.pairs.gz	E75	endoderm
GasbE751242	/Volumes/SumSung500/CSU/0_HiRES/data/hires/GSE223917_RAW/GSM6999244_GasbE751242.pairs.gz	E75	early mesenchyme
GasbE751248	/Volumes/SumSung500/CSU/0_HiRES/data/hires/GSE223917_RAW/GSM6999249_GasbE751248.pairs.gz	E75	neural ectoderm
GasbE751249	/Volumes/SumSung500/CSU/0_HiRES/data/hires/GSE223917_RAW/GSM6999250_GasbE751249.pairs.gz	E75	ExE ectoderm
GasbE751250	/Volumes/SumSung500/CSU/0_HiRES/data/hires/GSE223917_RAW/GSM6999251_GasbE751250.pairs.gz	E75	early mesoderm
GasbE751251	/Volumes/SumSung500/CSU/0_HiRES/data/hires/GSE223917_RAW/GSM6999252_GasbE751251.pairs.gz	E75	ExE mesoderm
GasbE751252	/Volumes/SumSung500/CSU/0_HiRES/data/hires/GSE223917_RAW/GSM6999253_GasbE751252.pairs.gz	E75	neural ectoderm
GasbE751253	/Volumes/SumSung500/CSU/0_HiRES/data/hires/GSE223917_RAW/GSM6999254_GasbE751253.pairs.gz	E75	ExE endoderm
GasbE751257	/Volumes/SumSung500/CSU/0_HiRES/data/hires/GSE223917_RAW/GSM6999257_GasbE751257.pairs.gz	E75	ExE endoderm
GasbE751262	/Volumes/SumSung500/CSU/0_HiRES/data/hires/GSE223917_RAW/GSM6999262_GasbE751262.pairs.gz	E75	ExE endoderm
GasbE751263	/Volumes/SumSung500/CSU/0_HiRES/data/hires/GSE223917_RAW/GSM6999263_GasbE751263.pairs.gz	E75	endoderm
GasbE751265	/Volumes/SumSung500/CSU/0_HiRES/data/hires/GSE223917_RAW/GSM6999265_GasbE751265.pairs.gz	E75	early mesenchyme
GasbE751269	/Volumes/SumSung500/CSU/0_HiRES/data/hires/GSE223917_RAW/GSM6999269_GasbE751269.pairs.gz	E75	neural ectoderm
GasbE751270	/Volumes/SumSung500/CSU/0_HiRES/data/hires/GSE223917_RAW/GSM6999270_GasbE751270.pairs.gz	E75	early mesoderm
GasbE751271	/Volumes/SumSung500/CSU/0_HiRES/data/hires/GSE223917_RAW/GSM6999271_GasbE751271.pairs.gz	E75	neural ectoderm
GasbE751272	/Volumes/SumSung500/CSU/0_HiRES/data/hires/GSE223917_RAW/GSM6999272_GasbE751272.pairs.gz	E75	early mesoderm
GasbE751273	/Volumes/SumSung500/CSU/0_HiRES/data/hires/GSE223917_RAW/GSM6999273_GasbE751273.pairs.gz	E75	neural ectoderm
GasbE751274	/Volumes/SumSung500/CSU/0_HiRES/data/hires/GSE223917_RAW/GSM6999274_GasbE751274.pairs.gz	E75	early mesoderm
GasbE751278	/Volumes/SumSung500/CSU/0_HiRES/data/hires/GSE223917_RAW/GSM6999278_GasbE751278.pairs.gz	E75	blood
GasbE751280	/Volumes/SumSung500/CSU/0_HiRES/data/hires/GSE223917_RAW/GSM6999280_GasbE751280.pairs.gz	E75	neural ectoderm
GasbE751281	/Volumes/SumSung500/CSU/0_HiRES/data/hires/GSE223917_RAW/GSM6999281_GasbE751281.pairs.gz	E75	blood
GasbE751284	/Volumes/SumSung500/CSU/0_HiRES/data/hires/GSE223917_RAW/GSM6999282_GasbE751284.pairs.gz	E75	blood
GasbE751285	/Volumes/SumSung500/CSU/0_HiRES/data/hires/GSE223917_RAW/GSM6999283_GasbE751285.pairs.gz	E75	ExE ectoderm
GasbE751287	/Volumes/SumSung500/CSU/0_HiRES/data/hires/GSE223917_RAW/GSM6999285_GasbE751287.pairs.gz	E75	ExE endoderm
GasbE751288	/Volumes/SumSung500/CSU/0_HiRES/data/hires/GSE223917_RAW/GSM6999286_GasbE751288.pairs.gz	E75	blood
GasbE751289	/Volumes/SumSung500/CSU/0_HiRES/data/hires/GSE223917_RAW/GSM6999287_GasbE751289.pairs.gz	E75	neural ectoderm
GasbE751290	/Volumes/SumSung500/CSU/0_HiRES/data/hires/GSE223917_RAW/GSM6999288_GasbE751290.pairs.gz	E75	neural ectoderm
GasbE751291	/Volumes/SumSung500/CSU/0_HiRES/data/hires/GSE223917_RAW/GSM6999289_GasbE751291.pairs.gz	E75	blood
GasbE751292	/Volumes/SumSung500/CSU/0_HiRES/data/hires/GSE223917_RAW/GSM6999290_GasbE751292.pairs.gz	E75	early mesoderm
GasbE751294	/Volumes/SumSung500/CSU/0_HiRES/data/hires/GSE223917_RAW/GSM6999292_GasbE751294.pairs.gz	E75	early mesoderm
GasbE751295	/Volumes/SumSung500/CSU/0_HiRES/data/hires/GSE223917_RAW/GSM6999293_GasbE751295.pairs.gz	E75	epithelial cells
GasbE751301	/Volumes/SumSung500/CSU/0_HiRES/data/hires/GSE223917_RAW/GSM6999299_GasbE751301.pairs.gz	E75	ExE endoderm
GasbE751302	/Volumes/SumSung500/CSU/0_HiRES/data/hires/GSE223917_RAW/GSM6999300_GasbE751302.pairs.gz	E75	early mesoderm
GasbE751304	/Volumes/SumSung500/CSU/0_HiRES/data/hires/GSE223917_RAW/GSM6999302_GasbE751304.pairs.gz	E75	neural ectoderm
GasbE751305	/Volumes/SumSung500/CSU/0_HiRES/data/hires/GSE223917_RAW/GSM6999303_GasbE751305.pairs.gz	E75	mitosis
GasbE751308	/Volumes/SumSung500/CSU/0_HiRES/data/hires/GSE223917_RAW/GSM6999306_GasbE751308.pairs.gz	E75	early mesoderm
GasbE751309	/Volumes/SumSung500/CSU/0_HiRES/data/hires/GSE223917_RAW/GSM6999307_GasbE751309.pairs.gz	E75	endoderm
GasbE751313	/Volumes/SumSung500/CSU/0_HiRES/data/hires/GSE223917_RAW/GSM6999311_GasbE751313.pairs.gz	E75	neural ectoderm
GasbE751314	/Volumes/SumSung500/CSU/0_HiRES/data/hires/GSE223917_RAW/GSM6999312_GasbE751314.pairs.gz	E75	ExE endoderm
GasbE751315	/Volumes/SumSung500/CSU/0_HiRES/data/hires/GSE223917_RAW/GSM6999313_GasbE751315.pairs.gz	E75	neural ectoderm
GasbE751316	/Volumes/SumSung500/CSU/0_HiRES/data/hires/GSE223917_RAW/GSM6999314_GasbE751316.pairs.gz	E75	mitosis
GasbE751318	/Volumes/SumSung500/CSU/0_HiRES/data/hires/GSE223917_RAW/GSM6999316_GasbE751318.pairs.gz	E75	ExE endoderm
GasbE751319	/Volumes/SumSung500/CSU/0_HiRES/data/hires/GSE223917_RAW/GSM6999317_GasbE751319.pairs.gz	E75	early mesoderm
GasbE751324	/Volumes/SumSung500/CSU/0_HiRES/data/hires/GSE223917_RAW/GSM6999322_GasbE751324.pairs.gz	E75	neural ectoderm
GasbE751325	/Volumes/SumSung500/CSU/0_HiRES/data/hires/GSE223917_RAW/GSM6999323_GasbE751325.pairs.gz	E75	early mesoderm
GasbE751326	/Volumes/SumSung500/CSU/0_HiRES/data/hires/GSE223917_RAW/GSM6999324_GasbE751326.pairs.gz	E75	neural ectoderm
GasbE751327	/Volumes/SumSung500/CSU/0_HiRES/data/hires/GSE223917_RAW/GSM6999325_GasbE751327.pairs.gz	E75	mitosis
GasbE751328	/Volumes/SumSung500/CSU/0_HiRES/data/hires/GSE223917_RAW/GSM6999326_GasbE751328.pairs.gz	E75	mitosis
GasbE751329	/Volumes/SumSung500/CSU/0_HiRES/data/hires/GSE223917_RAW/GSM6999327_GasbE751329.pairs.gz	E75	early mesoderm
GasbE751330	/Volumes/SumSung500/CSU/0_HiRES/data/hires/GSE223917_RAW/GSM6999328_GasbE751330.pairs.gz	E75	ExE endoderm
GasbE751332	/Volumes/SumSung500/CSU/0_HiRES/data/hires/GSE223917_RAW/GSM6999330_GasbE751332.pairs.gz	E75	early mesenchyme
GasbE751333	/Volumes/SumSung500/CSU/0_HiRES/data/hires/GSE223917_RAW/GSM6999331_GasbE751333.pairs.gz	E75	blood
GasbE751336	/Volumes/SumSung500/CSU/0_HiRES/data/hires/GSE223917_RAW/GSM6999334_GasbE751336.pairs.gz	E75	endoderm
GasbE751343	/Volumes/SumSung500/CSU/0_HiRES/data/hires/GSE223917_RAW/GSM6999341_GasbE751343.pairs.gz	E75	ExE endoderm
GasbE751346	/Volumes/SumSung500/CSU/0_HiRES/data/hires/GSE223917_RAW/GSM6999344_GasbE751346.pairs.gz	E75	ExE endoderm
GasbE751347	/Volumes/SumSung500/CSU/0_HiRES/data/hires/GSE223917_RAW/GSM6999345_GasbE751347.pairs.gz	E75	ExE endoderm
GasbE751348	/Volumes/SumSung500/CSU/0_HiRES/data/hires/GSE223917_RAW/GSM6999346_GasbE751348.pairs.gz	E75	ExE mesoderm
GasbE751352	/Volumes/SumSung500/CSU/0_HiRES/data/hires/GSE223917_RAW/GSM6999350_GasbE751352.pairs.gz	E75	neural ectoderm
GasbE751355	/Volumes/SumSung500/CSU/0_HiRES/data/hires/GSE223917_RAW/GSM6999353_GasbE751355.pairs.gz	E75	ExE endoderm
GasbE751356	/Volumes/SumSung500/CSU/0_HiRES/data/hires/GSE223917_RAW/GSM6999354_GasbE751356.pairs.gz	E75	blood
GasbE751360	/Volumes/SumSung500/CSU/0_HiRES/data/hires/GSE223917_RAW/GSM6999358_GasbE751360.pairs.gz	E75	blood
GasbE751363	/Volumes/SumSung500/CSU/0_HiRES/data/hires/GSE223917_RAW/GSM6999361_GasbE751363.pairs.gz	E75	early mesoderm
GasbE751364	/Volumes/SumSung500/CSU/0_HiRES/data/hires/GSE223917_RAW/GSM6999362_GasbE751364.pairs.gz	E75	early mesoderm
GasbE751369	/Volumes/SumSung500/CSU/0_HiRES/data/hires/GSE223917_RAW/GSM6999367_GasbE751369.pairs.gz	E75	epithelial cells
GasbE751370	/Volumes/SumSung500/CSU/0_HiRES/data/hires/GSE223917_RAW/GSM6999368_GasbE751370.pairs.gz	E75	early mesenchyme
GasbE751373	/Volumes/SumSung500/CSU/0_HiRES/data/hires/GSE223917_RAW/GSM6999371_GasbE751373.pairs.gz	E75	ExE ectoderm
GasbE751374	/Volumes/SumSung500/CSU/0_HiRES/data/hires/GSE223917_RAW/GSM6999372_GasbE751374.pairs.gz	E75	ExE ectoderm
GasbE751376	/Volumes/SumSung500/CSU/0_HiRES/data/hires/GSE223917_RAW/GSM6999374_GasbE751376.pairs.gz	E75	ExE endoderm
GasbE751379	/Volumes/SumSung500/CSU/0_HiRES/data/hires/GSE223917_RAW/GSM6999377_GasbE751379.pairs.gz	E75	early mesenchyme
GascE753003	/Volumes/SumSung500/CSU/0_HiRES/data/hires/GSE223917_RAW/GSM6999382_GascE753003.pairs.gz	E75	ExE endoderm
GascE753004	/Volumes/SumSung500/CSU/0_HiRES/data/hires/GSE223917_RAW/GSM6999383_GascE753004.pairs.gz	E75	neural ectoderm
GascE753005	/Volumes/SumSung500/CSU/0_HiRES/data/hires/GSE223917_RAW/GSM6999384_GascE753005.pairs.gz	E75	endoderm
GascE753006	/Volumes/SumSung500/CSU/0_HiRES/data/hires/GSE223917_RAW/GSM6999385_GascE753006.pairs.gz	E75	ExE endoderm
GascE753007	/Volumes/SumSung500/CSU/0_HiRES/data/hires/GSE223917_RAW/GSM6999386_GascE753007.pairs.gz	E75	ExE ectoderm
GascE753008	/Volumes/SumSung500/CSU/0_HiRES/data/hires/GSE223917_RAW/GSM6999387_GascE753008.pairs.gz	E75	ExE ectoderm
GascE753009	/Volumes/SumSung500/CSU/0_HiRES/data/hires/GSE223917_RAW/GSM6999388_GascE753009.pairs.gz	E75	ExE ectoderm
GascE753010	/Volumes/SumSung500/CSU/0_HiRES/data/hires/GSE223917_RAW/GSM6999389_GascE753010.pairs.gz	E75	neural ectoderm
GascE753011	/Volumes/SumSung500/CSU/0_HiRES/data/hires/GSE223917_RAW/GSM6999390_GascE753011.pairs.gz	E75	ExE endoderm
GascE753013	/Volumes/SumSung500/CSU/0_HiRES/data/hires/GSE223917_RAW/GSM6999392_GascE753013.pairs.gz	E75	early mesoderm
GascE753014	/Volumes/SumSung500/CSU/0_HiRES/data/hires/GSE223917_RAW/GSM6999393_GascE753014.pairs.gz	E75	ExE ectoderm
GascE753015	/Volumes/SumSung500/CSU/0_HiRES/data/hires/GSE223917_RAW/GSM6999394_GascE753015.pairs.gz	E75	early mesoderm
GascE753016	/Volumes/SumSung500/CSU/0_HiRES/data/hires/GSE223917_RAW/GSM6999395_GascE753016.pairs.gz	E75	ExE ectoderm
GascE753017	/Volumes/SumSung500/CSU/0_HiRES/data/hires/GSE223917_RAW/GSM6999396_GascE753017.pairs.gz	E75	early mesenchyme
GascE753018	/Volumes/SumSung500/CSU/0_HiRES/data/hires/GSE223917_RAW/GSM6999397_GascE753018.pairs.gz	E75	ExE mesoderm
GascE753019	/Volumes/SumSung500/CSU/0_HiRES/data/hires/GSE223917_RAW/GSM6999398_GascE753019.pairs.gz	E75	ExE endoderm
GascE753020	/Volumes/SumSung500/CSU/0_HiRES/data/hires/GSE223917_RAW/GSM6999399_GascE753020.pairs.gz	E75	ExE endoderm
GascE753022	/Volumes/SumSung500/CSU/0_HiRES/data/hires/GSE223917_RAW/GSM6999401_GascE753022.pairs.gz	E75	neural ectoderm
GascE753023	/Volumes/SumSung500/CSU/0_HiRES/data/hires/GSE223917_RAW/GSM6999402_GascE753023.pairs.gz	E75	ExE ectoderm
GascE753024	/Volumes/SumSung500/CSU/0_HiRES/data/hires/GSE223917_RAW/GSM6999403_GascE753024.pairs.gz	E75	mitosis
GascE753025	/Volumes/SumSung500/CSU/0_HiRES/data/hires/GSE223917_RAW/GSM6999404_GascE753025.pairs.gz	E75	early mesenchyme
GascE753027	/Volumes/SumSung500/CSU/0_HiRES/data/hires/GSE223917_RAW/GSM6999406_GascE753027.pairs.gz	E75	endoderm
GascE753030	/Volumes/SumSung500/CSU/0_HiRES/data/hires/GSE223917_RAW/GSM6999409_GascE753030.pairs.gz	E75	neural ectoderm
GascE753031	/Volumes/SumSung500/CSU/0_HiRES/data/hires/GSE223917_RAW/GSM6999410_GascE753031.pairs.gz	E75	neural ectoderm
GascE753032	/Volumes/SumSung500/CSU/0_HiRES/data/hires/GSE223917_RAW/GSM6999411_GascE753032.pairs.gz	E75	ExE mesoderm
GascE753033	/Volumes/SumSung500/CSU/0_HiRES/data/hires/GSE223917_RAW/GSM6999412_GascE753033.pairs.gz	E75	early mesoderm
GascE753034	/Volumes/SumSung500/CSU/0_HiRES/data/hires/GSE223917_RAW/GSM6999413_GascE753034.pairs.gz	E75	epiblast and PS
GascE753035	/Volumes/SumSung500/CSU/0_HiRES/data/hires/GSE223917_RAW/GSM6999414_GascE753035.pairs.gz	E75	ExE mesoderm
GascE753037	/Volumes/SumSung500/CSU/0_HiRES/data/hires/GSE223917_RAW/GSM6999416_GascE753037.pairs.gz	E75	blood
GascE753039	/Volumes/SumSung500/CSU/0_HiRES/data/hires/GSE223917_RAW/GSM6999417_GascE753039.pairs.gz	E75	ExE mesoderm
GascE753041	/Volumes/SumSung500/CSU/0_HiRES/data/hires/GSE223917_RAW/GSM6999419_GascE753041.pairs.gz	E75	blood
GascE753042	/Volumes/SumSung500/CSU/0_HiRES/data/hires/GSE223917_RAW/GSM6999420_GascE753042.pairs.gz	E75	neural ectoderm
GascE753043	/Volumes/SumSung500/CSU/0_HiRES/data/hires/GSE223917_RAW/GSM6999421_GascE753043.pairs.gz	E75	ExE endoderm
GascE753044	/Volumes/SumSung500/CSU/0_HiRES/data/hires/GSE223917_RAW/GSM6999422_GascE753044.pairs.gz	E75	endoderm
GascE753045	/Volumes/SumSung500/CSU/0_HiRES/data/hires/GSE223917_RAW/GSM6999423_GascE753045.pairs.gz	E75	ExE ectoderm
GascE753046	/Volumes/SumSung500/CSU/0_HiRES/data/hires/GSE223917_RAW/GSM6999424_GascE753046.pairs.gz	E75	mitosis
GascE753047	/Volumes/SumSung500/CSU/0_HiRES/data/hires/GSE223917_RAW/GSM6999425_GascE753047.pairs.gz	E75	ExE ectoderm
GascE753048	/Volumes/SumSung500/CSU/0_HiRES/data/hires/GSE223917_RAW/GSM6999426_GascE753048.pairs.gz	E75	epithelial cells
GascE753049	/Volumes/SumSung500/CSU/0_HiRES/data/hires/GSE223917_RAW/GSM6999427_GascE753049.pairs.gz	E75	neural ectoderm
GascE753050	/Volumes/SumSung500/CSU/0_HiRES/data/hires/GSE223917_RAW/GSM6999428_GascE753050.pairs.gz	E75	epiblast and PS
GascE753051	/Volumes/SumSung500/CSU/0_HiRES/data/hires/GSE223917_RAW/GSM6999429_GascE753051.pairs.gz	E75	blood
GascE753052	/Volumes/SumSung500/CSU/0_HiRES/data/hires/GSE223917_RAW/GSM6999430_GascE753052.pairs.gz	E75	mitosis
GascE753053	/Volumes/SumSung500/CSU/0_HiRES/data/hires/GSE223917_RAW/GSM6999431_GascE753053.pairs.gz	E75	early mesoderm
GascE753056	/Volumes/SumSung500/CSU/0_HiRES/data/hires/GSE223917_RAW/GSM6999434_GascE753056.pairs.gz	E75	ExE endoderm
GascE753057	/Volumes/SumSung500/CSU/0_HiRES/data/hires/GSE223917_RAW/GSM6999435_GascE753057.pairs.gz	E75	neural ectoderm
GascE753058	/Volumes/SumSung500/CSU/0_HiRES/data/hires/GSE223917_RAW/GSM6999436_GascE753058.pairs.gz	E75	ExE ectoderm
GascE753059	/Volumes/SumSung500/CSU/0_HiRES/data/hires/GSE223917_RAW/GSM6999437_GascE753059.pairs.gz	E75	ExE endoderm
GascE753060	/Volumes/SumSung500/CSU/0_HiRES/data/hires/GSE223917_RAW/GSM6999438_GascE753060.pairs.gz	E75	neural ectoderm
GascE753061	/Volumes/SumSung500/CSU/0_HiRES/data/hires/GSE223917_RAW/GSM6999439_GascE753061.pairs.gz	E75	endoderm
GascE753062	/Volumes/SumSung500/CSU/0_HiRES/data/hires/GSE223917_RAW/GSM6999440_GascE753062.pairs.gz	E75	ExE ectoderm
GascE753063	/Volumes/SumSung500/CSU/0_HiRES/data/hires/GSE223917_RAW/GSM6999441_GascE753063.pairs.gz	E75	ExE endoderm
GascE753064	/Volumes/SumSung500/CSU/0_HiRES/data/hires/GSE223917_RAW/GSM6999442_GascE753064.pairs.gz	E75	ExE ectoderm
GascE753065	/Volumes/SumSung500/CSU/0_HiRES/data/hires/GSE223917_RAW/GSM6999443_GascE753065.pairs.gz	E75	neural ectoderm
GascE753066	/Volumes/SumSung500/CSU/0_HiRES/data/hires/GSE223917_RAW/GSM6999444_GascE753066.pairs.gz	E75	early mesenchyme
GascE753067	/Volumes/SumSung500/CSU/0_HiRES/data/hires/GSE223917_RAW/GSM6999445_GascE753067.pairs.gz	E75	ExE endoderm
GascE753068	/Volumes/SumSung500/CSU/0_HiRES/data/hires/GSE223917_RAW/GSM6999446_GascE753068.pairs.gz	E75	ExE endoderm
GascE753069	/Volumes/SumSung500/CSU/0_HiRES/data/hires/GSE223917_RAW/GSM6999447_GascE753069.pairs.gz	E75	blood
GascE753070	/Volumes/SumSung500/CSU/0_HiRES/data/hires/GSE223917_RAW/GSM6999448_GascE753070.pairs.gz	E75	early mesenchyme
GascE753071	/Volumes/SumSung500/CSU/0_HiRES/data/hires/GSE223917_RAW/GSM6999449_GascE753071.pairs.gz	E75	ExE endoderm
GascE753072	/Volumes/SumSung500/CSU/0_HiRES/data/hires/GSE223917_RAW/GSM6999450_GascE753072.pairs.gz	E75	blood
GascE753073	/Volumes/SumSung500/CSU/0_HiRES/data/hires/GSE223917_RAW/GSM6999451_GascE753073.pairs.gz	E75	ExE endoderm
GascE753074	/Volumes/SumSung500/CSU/0_HiRES/data/hires/GSE223917_RAW/GSM6999452_GascE753074.pairs.gz	E75	ExE endoderm
GascE753075	/Volumes/SumSung500/CSU/0_HiRES/data/hires/GSE223917_RAW/GSM6999453_GascE753075.pairs.gz	E75	early mesoderm
GascE753076	/Volumes/SumSung500/CSU/0_HiRES/data/hires/GSE223917_RAW/GSM6999454_GascE753076.pairs.gz	E75	ExE ectoderm
GascE753077	/Volumes/SumSung500/CSU/0_HiRES/data/hires/GSE223917_RAW/GSM6999455_GascE753077.pairs.gz	E75	early mesenchyme
GascE753078	/Volumes/SumSung500/CSU/0_HiRES/data/hires/GSE223917_RAW/GSM6999456_GascE753078.pairs.gz	E75	neural ectoderm
GascE753079	/Volumes/SumSung500/CSU/0_HiRES/data/hires/GSE223917_RAW/GSM6999457_GascE753079.pairs.gz	E75	ExE ectoderm
GascE753080	/Volumes/SumSung500/CSU/0_HiRES/data/hires/GSE223917_RAW/GSM6999458_GascE753080.pairs.gz	E75	neural ectoderm
GascE753081	/Volumes/SumSung500/CSU/0_HiRES/data/hires/GSE223917_RAW/GSM6999459_GascE753081.pairs.gz	E75	ExE mesoderm
GascE753082	/Volumes/SumSung500/CSU/0_HiRES/data/hires/GSE223917_RAW/GSM6999460_GascE753082.pairs.gz	E75	ExE endoderm
GascE753083	/Volumes/SumSung500/CSU/0_HiRES/data/hires/GSE223917_RAW/GSM6999461_GascE753083.pairs.gz	E75	ExE ectoderm
GascE753084	/Volumes/SumSung500/CSU/0_HiRES/data/hires/GSE223917_RAW/GSM6999462_GascE753084.pairs.gz	E75	ExE endoderm
GascE753086	/Volumes/SumSung500/CSU/0_HiRES/data/hires/GSE223917_RAW/GSM6999464_GascE753086.pairs.gz	E75	endoderm
GascE753087	/Volumes/SumSung500/CSU/0_HiRES/data/hires/GSE223917_RAW/GSM6999465_GascE753087.pairs.gz	E75	ExE endoderm
GascE753088	/Volumes/SumSung500/CSU/0_HiRES/data/hires/GSE223917_RAW/GSM6999466_GascE753088.pairs.gz	E75	early mesenchyme
GascE753089	/Volumes/SumSung500/CSU/0_HiRES/data/hires/GSE223917_RAW/GSM6999467_GascE753089.pairs.gz	E75	ExE ectoderm
GascE753090	/Volumes/SumSung500/CSU/0_HiRES/data/hires/GSE223917_RAW/GSM6999468_GascE753090.pairs.gz	E75	ExE endoderm
GascE753091	/Volumes/SumSung500/CSU/0_HiRES/data/hires/GSE223917_RAW/GSM6999469_GascE753091.pairs.gz	E75	early mesoderm
GascE753092	/Volumes/SumSung500/CSU/0_HiRES/data/hires/GSE223917_RAW/GSM6999470_GascE753092.pairs.gz	E75	mitosis
GascE753094	/Volumes/SumSung500/CSU/0_HiRES/data/hires/GSE223917_RAW/GSM6999472_GascE753094.pairs.gz	E75	ExE endoderm
GascE753095	/Volumes/SumSung500/CSU/0_HiRES/data/hires/GSE223917_RAW/GSM6999473_GascE753095.pairs.gz	E75	neural ectoderm
GascE753096	/Volumes/SumSung500/CSU/0_HiRES/data/hires/GSE223917_RAW/GSM6999474_GascE753096.pairs.gz	E75	ExE ectoderm
GascE753099	/Volumes/SumSung500/CSU/0_HiRES/data/hires/GSE223917_RAW/GSM6999477_GascE753099.pairs.gz	E75	ExE mesoderm
GascE753100	/Volumes/SumSung500/CSU/0_HiRES/data/hires/GSE223917_RAW/GSM6999478_GascE753100.pairs.gz	E75	ExE ectoderm
GascE753102	/Volumes/SumSung500/CSU/0_HiRES/data/hires/GSE223917_RAW/GSM6999480_GascE753102.pairs.gz	E75	neural ectoderm
GascE753103	/Volumes/SumSung500/CSU/0_HiRES/data/hires/GSE223917_RAW/GSM6999481_GascE753103.pairs.gz	E75	blood
GascE753104	/Volumes/SumSung500/CSU/0_HiRES/data/hires/GSE223917_RAW/GSM6999482_GascE753104.pairs.gz	E75	neural ectoderm
GascE753105	/Volumes/SumSung500/CSU/0_HiRES/data/hires/GSE223917_RAW/GSM6999483_GascE753105.pairs.gz	E75	ExE mesoderm
GascE753106	/Volumes/SumSung500/CSU/0_HiRES/data/hires/GSE223917_RAW/GSM6999484_GascE753106.pairs.gz	E75	ExE ectoderm
GascE753107	/Volumes/SumSung500/CSU/0_HiRES/data/hires/GSE223917_RAW/GSM6999485_GascE753107.pairs.gz	E75	neural ectoderm
GascE753109	/Volumes/SumSung500/CSU/0_HiRES/data/hires/GSE223917_RAW/GSM6999487_GascE753109.pairs.gz	E75	ExE endoderm
GascE753110	/Volumes/SumSung500/CSU/0_HiRES/data/hires/GSE223917_RAW/GSM6999488_GascE753110.pairs.gz	E75	ExE endoderm
GascE753111	/Volumes/SumSung500/CSU/0_HiRES/data/hires/GSE223917_RAW/GSM6999489_GascE753111.pairs.gz	E75	epithelial cells
GascE753113	/Volumes/SumSung500/CSU/0_HiRES/data/hires/GSE223917_RAW/GSM6999491_GascE753113.pairs.gz	E75	neural ectoderm
GascE753114	/Volumes/SumSung500/CSU/0_HiRES/data/hires/GSE223917_RAW/GSM6999492_GascE753114.pairs.gz	E75	ExE endoderm
GascE753115	/Volumes/SumSung500/CSU/0_HiRES/data/hires/GSE223917_RAW/GSM6999493_GascE753115.pairs.gz	E75	ExE endoderm
GascE753117	/Volumes/SumSung500/CSU/0_HiRES/data/hires/GSE223917_RAW/GSM6999495_GascE753117.pairs.gz	E75	ExE ectoderm
GascE753118	/Volumes/SumSung500/CSU/0_HiRES/data/hires/GSE223917_RAW/GSM6999496_GascE753118.pairs.gz	E75	ExE endoderm
GascE753121	/Volumes/SumSung500/CSU/0_HiRES/data/hires/GSE223917_RAW/GSM6999499_GascE753121.pairs.gz	E75	ExE ectoderm
GascE753122	/Volumes/SumSung500/CSU/0_HiRES/data/hires/GSE223917_RAW/GSM6999500_GascE753122.pairs.gz	E75	ExE endoderm
GascE753123	/Volumes/SumSung500/CSU/0_HiRES/data/hires/GSE223917_RAW/GSM6999501_GascE753123.pairs.gz	E75	ExE endoderm
GascE753126	/Volumes/SumSung500/CSU/0_HiRES/data/hires/GSE223917_RAW/GSM6999504_GascE753126.pairs.gz	E75	neural ectoderm
GascE753127	/Volumes/SumSung500/CSU/0_HiRES/data/hires/GSE223917_RAW/GSM6999505_GascE753127.pairs.gz	E75	ExE endoderm
GascE753128	/Volumes/SumSung500/CSU/0_HiRES/data/hires/GSE223917_RAW/GSM6999506_GascE753128.pairs.gz	E75	ExE endoderm
GascE753129	/Volumes/SumSung500/CSU/0_HiRES/data/hires/GSE223917_RAW/GSM6999507_GascE753129.pairs.gz	E75	blood
GascE753131	/Volumes/SumSung500/CSU/0_HiRES/data/hires/GSE223917_RAW/GSM6999509_GascE753131.pairs.gz	E75	ExE endoderm
GascE753132	/Volumes/SumSung500/CSU/0_HiRES/data/hires/GSE223917_RAW/GSM6999510_GascE753132.pairs.gz	E75	ExE endoderm
GascE753134	/Volumes/SumSung500/CSU/0_HiRES/data/hires/GSE223917_RAW/GSM6999511_GascE753134.pairs.gz	E75	epithelial cells
GascE753135	/Volumes/SumSung500/CSU/0_HiRES/data/hires/GSE223917_RAW/GSM6999512_GascE753135.pairs.gz	E75	neural ectoderm
GascE753137	/Volumes/SumSung500/CSU/0_HiRES/data/hires/GSE223917_RAW/GSM6999514_GascE753137.pairs.gz	E75	ExE ectoderm
GascE753138	/Volumes/SumSung500/CSU/0_HiRES/data/hires/GSE223917_RAW/GSM6999515_GascE753138.pairs.gz	E75	neural ectoderm
GascE753139	/Volumes/SumSung500/CSU/0_HiRES/data/hires/GSE223917_RAW/GSM6999516_GascE753139.pairs.gz	E75	ExE ectoderm
GascE753141	/Volumes/SumSung500/CSU/0_HiRES/data/hires/GSE223917_RAW/GSM6999518_GascE753141.pairs.gz	E75	neural ectoderm
GascE753142	/Volumes/SumSung500/CSU/0_HiRES/data/hires/GSE223917_RAW/GSM6999519_GascE753142.pairs.gz	E75	neural ectoderm
GascE753143	/Volumes/SumSung500/CSU/0_HiRES/data/hires/GSE223917_RAW/GSM6999520_GascE753143.pairs.gz	E75	ExE endoderm
GascE753144	/Volumes/SumSung500/CSU/0_HiRES/data/hires/GSE223917_RAW/GSM6999521_GascE753144.pairs.gz	E75	ExE mesoderm
GasdE701001	/Volumes/SumSung500/CSU/0_HiRES/data/hires/GSE223917_RAW/GSM6999522_GasdE701001.pairs.gz	E70	ExE endoderm
GasdE701003	/Volumes/SumSung500/CSU/0_HiRES/data/hires/GSE223917_RAW/GSM6999523_GasdE701003.pairs.gz	E70	epiblast and PS
GasdE701004	/Volumes/SumSung500/CSU/0_HiRES/data/hires/GSE223917_RAW/GSM6999524_GasdE701004.pairs.gz	E70	ExE endoderm
GasdE701005	/Volumes/SumSung500/CSU/0_HiRES/data/hires/GSE223917_RAW/GSM6999525_GasdE701005.pairs.gz	E70	ExE endoderm
GasdE701006	/Volumes/SumSung500/CSU/0_HiRES/data/hires/GSE223917_RAW/GSM6999526_GasdE701006.pairs.gz	E70	ExE endoderm
GasdE701007	/Volumes/SumSung500/CSU/0_HiRES/data/hires/GSE223917_RAW/GSM6999527_GasdE701007.pairs.gz	E70	epiblast and PS
GasdE701008	/Volumes/SumSung500/CSU/0_HiRES/data/hires/GSE223917_RAW/GSM6999528_GasdE701008.pairs.gz	E70	ExE ectoderm
GasdE701009	/Volumes/SumSung500/CSU/0_HiRES/data/hires/GSE223917_RAW/GSM6999529_GasdE701009.pairs.gz	E70	ExE ectoderm
GasdE701010	/Volumes/SumSung500/CSU/0_HiRES/data/hires/GSE223917_RAW/GSM6999530_GasdE701010.pairs.gz	E70	ExE ectoderm
GasdE701011	/Volumes/SumSung500/CSU/0_HiRES/data/hires/GSE223917_RAW/GSM6999531_GasdE701011.pairs.gz	E70	ExE ectoderm
GasdE701012	/Volumes/SumSung500/CSU/0_HiRES/data/hires/GSE223917_RAW/GSM6999532_GasdE701012.pairs.gz	E70	ExE endoderm
GasdE701013	/Volumes/SumSung500/CSU/0_HiRES/data/hires/GSE223917_RAW/GSM6999533_GasdE701013.pairs.gz	E70	epiblast and PS
GasdE701014	/Volumes/SumSung500/CSU/0_HiRES/data/hires/GSE223917_RAW/GSM6999534_GasdE701014.pairs.gz	E70	epiblast and PS
GasdE701015	/Volumes/SumSung500/CSU/0_HiRES/data/hires/GSE223917_RAW/GSM6999535_GasdE701015.pairs.gz	E70	ExE mesoderm
GasdE701016	/Volumes/SumSung500/CSU/0_HiRES/data/hires/GSE223917_RAW/GSM6999536_GasdE701016.pairs.gz	E70	epiblast and PS
GasdE701017	/Volumes/SumSung500/CSU/0_HiRES/data/hires/GSE223917_RAW/GSM6999537_GasdE701017.pairs.gz	E70	endoderm
GasdE701018	/Volumes/SumSung500/CSU/0_HiRES/data/hires/GSE223917_RAW/GSM6999538_GasdE701018.pairs.gz	E70	ExE ectoderm
GasdE701019	/Volumes/SumSung500/CSU/0_HiRES/data/hires/GSE223917_RAW/GSM6999539_GasdE701019.pairs.gz	E70	early mesoderm
GasdE701020	/Volumes/SumSung500/CSU/0_HiRES/data/hires/GSE223917_RAW/GSM6999540_GasdE701020.pairs.gz	E70	ExE ectoderm
GasdE701021	/Volumes/SumSung500/CSU/0_HiRES/data/hires/GSE223917_RAW/GSM6999541_GasdE701021.pairs.gz	E70	epiblast and PS
GasdE701024	/Volumes/SumSung500/CSU/0_HiRES/data/hires/GSE223917_RAW/GSM6999544_GasdE701024.pairs.gz	E70	ExE ectoderm
GasdE701025	/Volumes/SumSung500/CSU/0_HiRES/data/hires/GSE223917_RAW/GSM6999545_GasdE701025.pairs.gz	E70	endoderm
GasdE701026	/Volumes/SumSung500/CSU/0_HiRES/data/hires/GSE223917_RAW/GSM6999546_GasdE701026.pairs.gz	E70	ExE mesoderm
GasdE701027	/Volumes/SumSung500/CSU/0_HiRES/data/hires/GSE223917_RAW/GSM6999547_GasdE701027.pairs.gz	E70	epiblast and PS
GasdE701028	/Volumes/SumSung500/CSU/0_HiRES/data/hires/GSE223917_RAW/GSM6999548_GasdE701028.pairs.gz	E70	ExE endoderm
GasdE701029	/Volumes/SumSung500/CSU/0_HiRES/data/hires/GSE223917_RAW/GSM6999549_GasdE701029.pairs.gz	E70	early mesoderm
GasdE701030	/Volumes/SumSung500/CSU/0_HiRES/data/hires/GSE223917_RAW/GSM6999550_GasdE701030.pairs.gz	E70	epiblast and PS
GasdE701031	/Volumes/SumSung500/CSU/0_HiRES/data/hires/GSE223917_RAW/GSM6999551_GasdE701031.pairs.gz	E70	ExE ectoderm
GasdE701032	/Volumes/SumSung500/CSU/0_HiRES/data/hires/GSE223917_RAW/GSM6999552_GasdE701032.pairs.gz	E70	ExE ectoderm
GasdE701034	/Volumes/SumSung500/CSU/0_HiRES/data/hires/GSE223917_RAW/GSM6999554_GasdE701034.pairs.gz	E70	epiblast and PS
GasdE701035	/Volumes/SumSung500/CSU/0_HiRES/data/hires/GSE223917_RAW/GSM6999555_GasdE701035.pairs.gz	E70	epiblast and PS
GasdE701036	/Volumes/SumSung500/CSU/0_HiRES/data/hires/GSE223917_RAW/GSM6999556_GasdE701036.pairs.gz	E70	ExE ectoderm
GasdE701037	/Volumes/SumSung500/CSU/0_HiRES/data/hires/GSE223917_RAW/GSM6999557_GasdE701037.pairs.gz	E70	epiblast and PS
GasdE701038	/Volumes/SumSung500/CSU/0_HiRES/data/hires/GSE223917_RAW/GSM6999558_GasdE701038.pairs.gz	E70	ExE endoderm
GasdE701040	/Volumes/SumSung500/CSU/0_HiRES/data/hires/GSE223917_RAW/GSM6999560_GasdE701040.pairs.gz	E70	ExE endoderm
GasdE701041	/Volumes/SumSung500/CSU/0_HiRES/data/hires/GSE223917_RAW/GSM6999561_GasdE701041.pairs.gz	E70	neural ectoderm
GasdE701042	/Volumes/SumSung500/CSU/0_HiRES/data/hires/GSE223917_RAW/GSM6999562_GasdE701042.pairs.gz	E70	mitosis
GasdE701044	/Volumes/SumSung500/CSU/0_HiRES/data/hires/GSE223917_RAW/GSM6999564_GasdE701044.pairs.gz	E70	ExE endoderm
GasdE701045	/Volumes/SumSung500/CSU/0_HiRES/data/hires/GSE223917_RAW/GSM6999565_GasdE701045.pairs.gz	E70	epiblast and PS
GasdE701047	/Volumes/SumSung500/CSU/0_HiRES/data/hires/GSE223917_RAW/GSM6999567_GasdE701047.pairs.gz	E70	mitosis
GasdE701048	/Volumes/SumSung500/CSU/0_HiRES/data/hires/GSE223917_RAW/GSM6999568_GasdE701048.pairs.gz	E70	ExE mesoderm
GasdE701049	/Volumes/SumSung500/CSU/0_HiRES/data/hires/GSE223917_RAW/GSM6999569_GasdE701049.pairs.gz	E70	mitosis
GasdE701050	/Volumes/SumSung500/CSU/0_HiRES/data/hires/GSE223917_RAW/GSM6999570_GasdE701050.pairs.gz	E70	ExE ectoderm
GasdE701051	/Volumes/SumSung500/CSU/0_HiRES/data/hires/GSE223917_RAW/GSM6999571_GasdE701051.pairs.gz	E70	early mesoderm
GasdE701052	/Volumes/SumSung500/CSU/0_HiRES/data/hires/GSE223917_RAW/GSM6999572_GasdE701052.pairs.gz	E70	ExE endoderm
GasdE701054	/Volumes/SumSung500/CSU/0_HiRES/data/hires/GSE223917_RAW/GSM6999574_GasdE701054.pairs.gz	E70	early mesoderm
GasdE701056	/Volumes/SumSung500/CSU/0_HiRES/data/hires/GSE223917_RAW/GSM6999576_GasdE701056.pairs.gz	E70	ExE mesoderm
GasdE701057	/Volumes/SumSung500/CSU/0_HiRES/data/hires/GSE223917_RAW/GSM6999577_GasdE701057.pairs.gz	E70	mitosis
GasdE701058	/Volumes/SumSung500/CSU/0_HiRES/data/hires/GSE223917_RAW/GSM6999578_GasdE701058.pairs.gz	E70	ExE ectoderm
GasdE701059	/Volumes/SumSung500/CSU/0_HiRES/data/hires/GSE223917_RAW/GSM6999579_GasdE701059.pairs.gz	E70	ExE ectoderm
GasdE701060	/Volumes/SumSung500/CSU/0_HiRES/data/hires/GSE223917_RAW/GSM6999580_GasdE701060.pairs.gz	E70	ExE ectoderm
GasdE701061	/Volumes/SumSung500/CSU/0_HiRES/data/hires/GSE223917_RAW/GSM6999581_GasdE701061.pairs.gz	E70	ExE ectoderm
GasdE701063	/Volumes/SumSung500/CSU/0_HiRES/data/hires/GSE223917_RAW/GSM6999583_GasdE701063.pairs.gz	E70	ExE endoderm
GasdE701064	/Volumes/SumSung500/CSU/0_HiRES/data/hires/GSE223917_RAW/GSM6999584_GasdE701064.pairs.gz	E70	epiblast and PS
GasdE701065	/Volumes/SumSung500/CSU/0_HiRES/data/hires/GSE223917_RAW/GSM6999585_GasdE701065.pairs.gz	E70	ExE ectoderm
GasdE701066	/Volumes/SumSung500/CSU/0_HiRES/data/hires/GSE223917_RAW/GSM6999586_GasdE701066.pairs.gz	E70	epiblast and PS
GasdE701068	/Volumes/SumSung500/CSU/0_HiRES/data/hires/GSE223917_RAW/GSM6999588_GasdE701068.pairs.gz	E70	ExE endoderm
GasdE701069	/Volumes/SumSung500/CSU/0_HiRES/data/hires/GSE223917_RAW/GSM6999589_GasdE701069.pairs.gz	E70	epiblast and PS
GasdE701070	/Volumes/SumSung500/CSU/0_HiRES/data/hires/GSE223917_RAW/GSM6999590_GasdE701070.pairs.gz	E70	epiblast and PS
GasdE701071	/Volumes/SumSung500/CSU/0_HiRES/data/hires/GSE223917_RAW/GSM6999591_GasdE701071.pairs.gz	E70	epiblast and PS
GasdE701074	/Volumes/SumSung500/CSU/0_HiRES/data/hires/GSE223917_RAW/GSM6999594_GasdE701074.pairs.gz	E70	epiblast and PS
GasdE701075	/Volumes/SumSung500/CSU/0_HiRES/data/hires/GSE223917_RAW/GSM6999595_GasdE701075.pairs.gz	E70	ExE endoderm
GasdE701076	/Volumes/SumSung500/CSU/0_HiRES/data/hires/GSE223917_RAW/GSM6999596_GasdE701076.pairs.gz	E70	epiblast and PS
GasdE701077	/Volumes/SumSung500/CSU/0_HiRES/data/hires/GSE223917_RAW/GSM6999597_GasdE701077.pairs.gz	E70	ExE ectoderm
GasdE701078	/Volumes/SumSung500/CSU/0_HiRES/data/hires/GSE223917_RAW/GSM6999598_GasdE701078.pairs.gz	E70	ExE endoderm
GasdE701079	/Volumes/SumSung500/CSU/0_HiRES/data/hires/GSE223917_RAW/GSM6999599_GasdE701079.pairs.gz	E70	epiblast and PS
GasdE701080	/Volumes/SumSung500/CSU/0_HiRES/data/hires/GSE223917_RAW/GSM6999600_GasdE701080.pairs.gz	E70	neural ectoderm
GasdE701081	/Volumes/SumSung500/CSU/0_HiRES/data/hires/GSE223917_RAW/GSM6999601_GasdE701081.pairs.gz	E70	early mesoderm
GasdE701082	/Volumes/SumSung500/CSU/0_HiRES/data/hires/GSE223917_RAW/GSM6999602_GasdE701082.pairs.gz	E70	early mesoderm
GasdE701083	/Volumes/SumSung500/CSU/0_HiRES/data/hires/GSE223917_RAW/GSM6999603_GasdE701083.pairs.gz	E70	ExE endoderm
GasdE701084	/Volumes/SumSung500/CSU/0_HiRES/data/hires/GSE223917_RAW/GSM6999604_GasdE701084.pairs.gz	E70	ExE endoderm
GasdE701085	/Volumes/SumSung500/CSU/0_HiRES/data/hires/GSE223917_RAW/GSM6999605_GasdE701085.pairs.gz	E70	epithelial cells
GasdE701086	/Volumes/SumSung500/CSU/0_HiRES/data/hires/GSE223917_RAW/GSM6999606_GasdE701086.pairs.gz	E70	epiblast and PS
GasdE701087	/Volumes/SumSung500/CSU/0_HiRES/data/hires/GSE223917_RAW/GSM6999607_GasdE701087.pairs.gz	E70	epiblast and PS
GasdE701088	/Volumes/SumSung500/CSU/0_HiRES/data/hires/GSE223917_RAW/GSM6999608_GasdE701088.pairs.gz	E70	ExE endoderm
GasdE701089	/Volumes/SumSung500/CSU/0_HiRES/data/hires/GSE223917_RAW/GSM6999609_GasdE701089.pairs.gz	E70	ExE endoderm
GasdE701090	/Volumes/SumSung500/CSU/0_HiRES/data/hires/GSE223917_RAW/GSM6999610_GasdE701090.pairs.gz	E70	ExE ectoderm
GasdE701091	/Volumes/SumSung500/CSU/0_HiRES/data/hires/GSE223917_RAW/GSM6999611_GasdE701091.pairs.gz	E70	ExE ectoderm
GasdE701092	/Volumes/SumSung500/CSU/0_HiRES/data/hires/GSE223917_RAW/GSM6999612_GasdE701092.pairs.gz	E70	early mesoderm
GasdE701093	/Volumes/SumSung500/CSU/0_HiRES/data/hires/GSE223917_RAW/GSM6999613_GasdE701093.pairs.gz	E70	early mesoderm
GasdE701095	/Volumes/SumSung500/CSU/0_HiRES/data/hires/GSE223917_RAW/GSM6999615_GasdE701095.pairs.gz	E70	ExE endoderm
GasdE701096	/Volumes/SumSung500/CSU/0_HiRES/data/hires/GSE223917_RAW/GSM6999616_GasdE701096.pairs.gz	E70	epiblast and PS
GasdE701097	/Volumes/SumSung500/CSU/0_HiRES/data/hires/GSE223917_RAW/GSM6999617_GasdE701097.pairs.gz	E70	epiblast and PS
GasdE701098	/Volumes/SumSung500/CSU/0_HiRES/data/hires/GSE223917_RAW/GSM6999618_GasdE701098.pairs.gz	E70	epiblast and PS
GasdE701099	/Volumes/SumSung500/CSU/0_HiRES/data/hires/GSE223917_RAW/GSM6999619_GasdE701099.pairs.gz	E70	ExE mesoderm
GasdE701100	/Volumes/SumSung500/CSU/0_HiRES/data/hires/GSE223917_RAW/GSM6999620_GasdE701100.pairs.gz	E70	early mesoderm
GasdE701101	/Volumes/SumSung500/CSU/0_HiRES/data/hires/GSE223917_RAW/GSM6999621_GasdE701101.pairs.gz	E70	early mesoderm
GasdE701102	/Volumes/SumSung500/CSU/0_HiRES/data/hires/GSE223917_RAW/GSM6999622_GasdE701102.pairs.gz	E70	epiblast and PS
GasdE701103	/Volumes/SumSung500/CSU/0_HiRES/data/hires/GSE223917_RAW/GSM6999623_GasdE701103.pairs.gz	E70	epiblast and PS
GasdE701104	/Volumes/SumSung500/CSU/0_HiRES/data/hires/GSE223917_RAW/GSM6999624_GasdE701104.pairs.gz	E70	mitosis
GasdE701105	/Volumes/SumSung500/CSU/0_HiRES/data/hires/GSE223917_RAW/GSM6999625_GasdE701105.pairs.gz	E70	ExE ectoderm
GasdE701107	/Volumes/SumSung500/CSU/0_HiRES/data/hires/GSE223917_RAW/GSM6999627_GasdE701107.pairs.gz	E70	ExE endoderm
GasdE701109	/Volumes/SumSung500/CSU/0_HiRES/data/hires/GSE223917_RAW/GSM6999628_GasdE701109.pairs.gz	E70	epiblast and PS
GasdE701110	/Volumes/SumSung500/CSU/0_HiRES/data/hires/GSE223917_RAW/GSM6999629_GasdE701110.pairs.gz	E70	epiblast and PS
GasdE701111	/Volumes/SumSung500/CSU/0_HiRES/data/hires/GSE223917_RAW/GSM6999630_GasdE701111.pairs.gz	E70	endoderm
GasdE701112	/Volumes/SumSung500/CSU/0_HiRES/data/hires/GSE223917_RAW/GSM6999631_GasdE701112.pairs.gz	E70	epiblast and PS
GasdE701113	/Volumes/SumSung500/CSU/0_HiRES/data/hires/GSE223917_RAW/GSM6999632_GasdE701113.pairs.gz	E70	ExE endoderm
GasdE701114	/Volumes/SumSung500/CSU/0_HiRES/data/hires/GSE223917_RAW/GSM6999633_GasdE701114.pairs.gz	E70	early mesoderm
GasdE701115	/Volumes/SumSung500/CSU/0_HiRES/data/hires/GSE223917_RAW/GSM6999634_GasdE701115.pairs.gz	E70	epiblast and PS
GasdE701116	/Volumes/SumSung500/CSU/0_HiRES/data/hires/GSE223917_RAW/GSM6999635_GasdE701116.pairs.gz	E70	early mesoderm
GasdE701117	/Volumes/SumSung500/CSU/0_HiRES/data/hires/GSE223917_RAW/GSM6999636_GasdE701117.pairs.gz	E70	ExE ectoderm
GasdE701118	/Volumes/SumSung500/CSU/0_HiRES/data/hires/GSE223917_RAW/GSM6999637_GasdE701118.pairs.gz	E70	epiblast and PS
GasdE701119	/Volumes/SumSung500/CSU/0_HiRES/data/hires/GSE223917_RAW/GSM6999638_GasdE701119.pairs.gz	E70	ExE endoderm
GasdE701120	/Volumes/SumSung500/CSU/0_HiRES/data/hires/GSE223917_RAW/GSM6999639_GasdE701120.pairs.gz	E70	ExE ectoderm
GasdE701121	/Volumes/SumSung500/CSU/0_HiRES/data/hires/GSE223917_RAW/GSM6999640_GasdE701121.pairs.gz	E70	epiblast and PS
GasdE701122	/Volumes/SumSung500/CSU/0_HiRES/data/hires/GSE223917_RAW/GSM6999641_GasdE701122.pairs.gz	E70	early mesoderm
GasdE701123	/Volumes/SumSung500/CSU/0_HiRES/data/hires/GSE223917_RAW/GSM6999642_GasdE701123.pairs.gz	E70	ExE ectoderm
GasdE701124	/Volumes/SumSung500/CSU/0_HiRES/data/hires/GSE223917_RAW/GSM6999643_GasdE701124.pairs.gz	E70	epiblast and PS
GasdE701125	/Volumes/SumSung500/CSU/0_HiRES/data/hires/GSE223917_RAW/GSM6999644_GasdE701125.pairs.gz	E70	epithelial cells
GasdE701126	/Volumes/SumSung500/CSU/0_HiRES/data/hires/GSE223917_RAW/GSM6999645_GasdE701126.pairs.gz	E70	ExE ectoderm
GasdE701127	/Volumes/SumSung500/CSU/0_HiRES/data/hires/GSE223917_RAW/GSM6999646_GasdE701127.pairs.gz	E70	ExE endoderm
GasdE701128	/Volumes/SumSung500/CSU/0_HiRES/data/hires/GSE223917_RAW/GSM6999647_GasdE701128.pairs.gz	E70	ExE endoderm
GasdE701129	/Volumes/SumSung500/CSU/0_HiRES/data/hires/GSE223917_RAW/GSM6999648_GasdE701129.pairs.gz	E70	epithelial cells
GasdE701130	/Volumes/SumSung500/CSU/0_HiRES/data/hires/GSE223917_RAW/GSM6999649_GasdE701130.pairs.gz	E70	early mesoderm
GasdE701131	/Volumes/SumSung500/CSU/0_HiRES/data/hires/GSE223917_RAW/GSM6999650_GasdE701131.pairs.gz	E70	ExE endoderm
GasdE701132	/Volumes/SumSung500/CSU/0_HiRES/data/hires/GSE223917_RAW/GSM6999651_GasdE701132.pairs.gz	E70	ExE mesoderm
GasdE701133	/Volumes/SumSung500/CSU/0_HiRES/data/hires/GSE223917_RAW/GSM6999652_GasdE701133.pairs.gz	E70	ExE endoderm
GasdE701134	/Volumes/SumSung500/CSU/0_HiRES/data/hires/GSE223917_RAW/GSM6999653_GasdE701134.pairs.gz	E70	epiblast and PS
GasdE701136	/Volumes/SumSung500/CSU/0_HiRES/data/hires/GSE223917_RAW/GSM6999655_GasdE701136.pairs.gz	E70	blood
GasdE701137	/Volumes/SumSung500/CSU/0_HiRES/data/hires/GSE223917_RAW/GSM6999656_GasdE701137.pairs.gz	E70	epiblast and PS
GasdE701138	/Volumes/SumSung500/CSU/0_HiRES/data/hires/GSE223917_RAW/GSM6999657_GasdE701138.pairs.gz	E70	mitosis
GasdE701139	/Volumes/SumSung500/CSU/0_HiRES/data/hires/GSE223917_RAW/GSM6999658_GasdE701139.pairs.gz	E70	epiblast and PS
GasdE701140	/Volumes/SumSung500/CSU/0_HiRES/data/hires/GSE223917_RAW/GSM6999659_GasdE701140.pairs.gz	E70	epiblast and PS
GasdE701142	/Volumes/SumSung500/CSU/0_HiRES/data/hires/GSE223917_RAW/GSM6999661_GasdE701142.pairs.gz	E70	epiblast and PS
GasdE701143	/Volumes/SumSung500/CSU/0_HiRES/data/hires/GSE223917_RAW/GSM6999662_GasdE701143.pairs.gz	E70	epiblast and PS
GasdE701144	/Volumes/SumSung500/CSU/0_HiRES/data/hires/GSE223917_RAW/GSM6999663_GasdE701144.pairs.gz	E70	ExE endoderm
GasdE701145	/Volumes/SumSung500/CSU/0_HiRES/data/hires/GSE223917_RAW/GSM6999664_GasdE701145.pairs.gz	E70	epiblast and PS
GasdE701146	/Volumes/SumSung500/CSU/0_HiRES/data/hires/GSE223917_RAW/GSM6999665_GasdE701146.pairs.gz	E70	ExE ectoderm
GasdE701147	/Volumes/SumSung500/CSU/0_HiRES/data/hires/GSE223917_RAW/GSM6999666_GasdE701147.pairs.gz	E70	ExE endoderm
GasdE701148	/Volumes/SumSung500/CSU/0_HiRES/data/hires/GSE223917_RAW/GSM6999667_GasdE701148.pairs.gz	E70	epiblast and PS
GasdE701149	/Volumes/SumSung500/CSU/0_HiRES/data/hires/GSE223917_RAW/GSM6999668_GasdE701149.pairs.gz	E70	epiblast and PS
GasdE701150	/Volumes/SumSung500/CSU/0_HiRES/data/hires/GSE223917_RAW/GSM6999669_GasdE701150.pairs.gz	E70	mitosis
GasdE701151	/Volumes/SumSung500/CSU/0_HiRES/data/hires/GSE223917_RAW/GSM6999670_GasdE701151.pairs.gz	E70	ExE mesoderm
GasdE701152	/Volumes/SumSung500/CSU/0_HiRES/data/hires/GSE223917_RAW/GSM6999671_GasdE701152.pairs.gz	E70	epiblast and PS
GasdE701153	/Volumes/SumSung500/CSU/0_HiRES/data/hires/GSE223917_RAW/GSM6999672_GasdE701153.pairs.gz	E70	epiblast and PS
GasdE701154	/Volumes/SumSung500/CSU/0_HiRES/data/hires/GSE223917_RAW/GSM6999673_GasdE701154.pairs.gz	E70	epiblast and PS
GasdE701155	/Volumes/SumSung500/CSU/0_HiRES/data/hires/GSE223917_RAW/GSM6999674_GasdE701155.pairs.gz	E70	epiblast and PS
GasdE701156	/Volumes/SumSung500/CSU/0_HiRES/data/hires/GSE223917_RAW/GSM6999675_GasdE701156.pairs.gz	E70	epiblast and PS
GasdE701157	/Volumes/SumSung500/CSU/0_HiRES/data/hires/GSE223917_RAW/GSM6999676_GasdE701157.pairs.gz	E70	ExE ectoderm
GasdE701158	/Volumes/SumSung500/CSU/0_HiRES/data/hires/GSE223917_RAW/GSM6999677_GasdE701158.pairs.gz	E70	ExE endoderm
GasdE701159	/Volumes/SumSung500/CSU/0_HiRES/data/hires/GSE223917_RAW/GSM6999678_GasdE701159.pairs.gz	E70	ExE ectoderm
GasdE701160	/Volumes/SumSung500/CSU/0_HiRES/data/hires/GSE223917_RAW/GSM6999679_GasdE701160.pairs.gz	E70	ExE endoderm
GasdE701161	/Volumes/SumSung500/CSU/0_HiRES/data/hires/GSE223917_RAW/GSM6999680_GasdE701161.pairs.gz	E70	epiblast and PS
GasdE701162	/Volumes/SumSung500/CSU/0_HiRES/data/hires/GSE223917_RAW/GSM6999681_GasdE701162.pairs.gz	E70	epiblast and PS
GasdE701163	/Volumes/SumSung500/CSU/0_HiRES/data/hires/GSE223917_RAW/GSM6999682_GasdE701163.pairs.gz	E70	epiblast and PS
GasdE701164	/Volumes/SumSung500/CSU/0_HiRES/data/hires/GSE223917_RAW/GSM6999683_GasdE701164.pairs.gz	E70	epiblast and PS
GasdE701165	/Volumes/SumSung500/CSU/0_HiRES/data/hires/GSE223917_RAW/GSM6999684_GasdE701165.pairs.gz	E70	ExE ectoderm
GasdE701166	/Volumes/SumSung500/CSU/0_HiRES/data/hires/GSE223917_RAW/GSM6999685_GasdE701166.pairs.gz	E70	ExE endoderm
GasdE701167	/Volumes/SumSung500/CSU/0_HiRES/data/hires/GSE223917_RAW/GSM6999686_GasdE701167.pairs.gz	E70	ExE ectoderm
GasdE701168	/Volumes/SumSung500/CSU/0_HiRES/data/hires/GSE223917_RAW/GSM6999687_GasdE701168.pairs.gz	E70	ExE endoderm
GasdE701169	/Volumes/SumSung500/CSU/0_HiRES/data/hires/GSE223917_RAW/GSM6999688_GasdE701169.pairs.gz	E70	early mesenchyme
GasdE701170	/Volumes/SumSung500/CSU/0_HiRES/data/hires/GSE223917_RAW/GSM6999689_GasdE701170.pairs.gz	E70	epiblast and PS
GasdE701171	/Volumes/SumSung500/CSU/0_HiRES/data/hires/GSE223917_RAW/GSM6999690_GasdE701171.pairs.gz	E70	ExE endoderm
GasdE701174	/Volumes/SumSung500/CSU/0_HiRES/data/hires/GSE223917_RAW/GSM6999692_GasdE701174.pairs.gz	E70	early mesoderm
GasdE701175	/Volumes/SumSung500/CSU/0_HiRES/data/hires/GSE223917_RAW/GSM6999693_GasdE701175.pairs.gz	E70	mitosis
GasdE701176	/Volumes/SumSung500/CSU/0_HiRES/data/hires/GSE223917_RAW/GSM6999694_GasdE701176.pairs.gz	E70	ExE ectoderm
GasdE701178	/Volumes/SumSung500/CSU/0_HiRES/data/hires/GSE223917_RAW/GSM6999696_GasdE701178.pairs.gz	E70	ExE endoderm
GasdE701179	/Volumes/SumSung500/CSU/0_HiRES/data/hires/GSE223917_RAW/GSM6999697_GasdE701179.pairs.gz	E70	epiblast and PS
GasdE701180	/Volumes/SumSung500/CSU/0_HiRES/data/hires/GSE223917_RAW/GSM6999698_GasdE701180.pairs.gz	E70	ExE ectoderm
GasdE701181	/Volumes/SumSung500/CSU/0_HiRES/data/hires/GSE223917_RAW/GSM6999699_GasdE701181.pairs.gz	E70	epiblast and PS
GasdE701182	/Volumes/SumSung500/CSU/0_HiRES/data/hires/GSE223917_RAW/GSM6999700_GasdE701182.pairs.gz	E70	early mesoderm
GasdE701183	/Volumes/SumSung500/CSU/0_HiRES/data/hires/GSE223917_RAW/GSM6999701_GasdE701183.pairs.gz	E70	ExE mesoderm
GasdE701184	/Volumes/SumSung500/CSU/0_HiRES/data/hires/GSE223917_RAW/GSM6999702_GasdE701184.pairs.gz	E70	ExE endoderm
GasdE701186	/Volumes/SumSung500/CSU/0_HiRES/data/hires/GSE223917_RAW/GSM6999704_GasdE701186.pairs.gz	E70	ExE endoderm
GasdE701187	/Volumes/SumSung500/CSU/0_HiRES/data/hires/GSE223917_RAW/GSM6999705_GasdE701187.pairs.gz	E70	ExE endoderm
GasdE701188	/Volumes/SumSung500/CSU/0_HiRES/data/hires/GSE223917_RAW/GSM6999706_GasdE701188.pairs.gz	E70	ExE endoderm
GasdE701189	/Volumes/SumSung500/CSU/0_HiRES/data/hires/GSE223917_RAW/GSM6999707_GasdE701189.pairs.gz	E70	epiblast and PS
GasdE701190	/Volumes/SumSung500/CSU/0_HiRES/data/hires/GSE223917_RAW/GSM6999708_GasdE701190.pairs.gz	E70	mitosis
GasdE701191	/Volumes/SumSung500/CSU/0_HiRES/data/hires/GSE223917_RAW/GSM6999709_GasdE701191.pairs.gz	E70	endoderm
GasdE701192	/Volumes/SumSung500/CSU/0_HiRES/data/hires/GSE223917_RAW/GSM6999710_GasdE701192.pairs.gz	E70	epiblast and PS
GasdE701195	/Volumes/SumSung500/CSU/0_HiRES/data/hires/GSE223917_RAW/GSM6999712_GasdE701195.pairs.gz	E70	ExE endoderm
GasdE701196	/Volumes/SumSung500/CSU/0_HiRES/data/hires/GSE223917_RAW/GSM6999713_GasdE701196.pairs.gz	E70	epiblast and PS
GasdE701197	/Volumes/SumSung500/CSU/0_HiRES/data/hires/GSE223917_RAW/GSM6999714_GasdE701197.pairs.gz	E70	epiblast and PS
GasdE701199	/Volumes/SumSung500/CSU/0_HiRES/data/hires/GSE223917_RAW/GSM6999716_GasdE701199.pairs.gz	E70	early mesoderm
GasdE701200	/Volumes/SumSung500/CSU/0_HiRES/data/hires/GSE223917_RAW/GSM6999717_GasdE701200.pairs.gz	E70	ExE endoderm
GasdE701201	/Volumes/SumSung500/CSU/0_HiRES/data/hires/GSE223917_RAW/GSM6999718_GasdE701201.pairs.gz	E70	ExE ectoderm
GasdE701202	/Volumes/SumSung500/CSU/0_HiRES/data/hires/GSE223917_RAW/GSM6999719_GasdE701202.pairs.gz	E70	epiblast and PS
GasdE701203	/Volumes/SumSung500/CSU/0_HiRES/data/hires/GSE223917_RAW/GSM6999720_GasdE701203.pairs.gz	E70	ExE ectoderm
GasdE701205	/Volumes/SumSung500/CSU/0_HiRES/data/hires/GSE223917_RAW/GSM6999722_GasdE701205.pairs.gz	E70	epiblast and PS
GasdE701206	/Volumes/SumSung500/CSU/0_HiRES/data/hires/GSE223917_RAW/GSM6999723_GasdE701206.pairs.gz	E70	epiblast and PS
GasdE701207	/Volumes/SumSung500/CSU/0_HiRES/data/hires/GSE223917_RAW/GSM6999724_GasdE701207.pairs.gz	E70	epiblast and PS
GasdE701208	/Volumes/SumSung500/CSU/0_HiRES/data/hires/GSE223917_RAW/GSM6999725_GasdE701208.pairs.gz	E70	mitosis
GasdE701209	/Volumes/SumSung500/CSU/0_HiRES/data/hires/GSE223917_RAW/GSM6999726_GasdE701209.pairs.gz	E70	ExE ectoderm
GasdE701210	/Volumes/SumSung500/CSU/0_HiRES/data/hires/GSE223917_RAW/GSM6999727_GasdE701210.pairs.gz	E70	epiblast and PS
GasdE701211	/Volumes/SumSung500/CSU/0_HiRES/data/hires/GSE223917_RAW/GSM6999728_GasdE701211.pairs.gz	E70	epiblast and PS
GasdE701213	/Volumes/SumSung500/CSU/0_HiRES/data/hires/GSE223917_RAW/GSM6999729_GasdE701213.pairs.gz	E70	epiblast and PS
GasdE701214	/Volumes/SumSung500/CSU/0_HiRES/data/hires/GSE223917_RAW/GSM6999730_GasdE701214.pairs.gz	E70	epiblast and PS
GasdE701215	/Volumes/SumSung500/CSU/0_HiRES/data/hires/GSE223917_RAW/GSM6999731_GasdE701215.pairs.gz	E70	epiblast and PS
GasdE701216	/Volumes/SumSung500/CSU/0_HiRES/data/hires/GSE223917_RAW/GSM6999732_GasdE701216.pairs.gz	E70	ExE ectoderm
GasdE701217	/Volumes/SumSung500/CSU/0_HiRES/data/hires/GSE223917_RAW/GSM6999733_GasdE701217.pairs.gz	E70	epiblast and PS
GasdE701218	/Volumes/SumSung500/CSU/0_HiRES/data/hires/GSE223917_RAW/GSM6999734_GasdE701218.pairs.gz	E70	mitosis
GasdE701219	/Volumes/SumSung500/CSU/0_HiRES/data/hires/GSE223917_RAW/GSM6999735_GasdE701219.pairs.gz	E70	epiblast and PS
GasdE701220	/Volumes/SumSung500/CSU/0_HiRES/data/hires/GSE223917_RAW/GSM6999736_GasdE701220.pairs.gz	E70	epiblast and PS
GasdE701221	/Volumes/SumSung500/CSU/0_HiRES/data/hires/GSE223917_RAW/GSM6999737_GasdE701221.pairs.gz	E70	ExE ectoderm
GasdE701222	/Volumes/SumSung500/CSU/0_HiRES/data/hires/GSE223917_RAW/GSM6999738_GasdE701222.pairs.gz	E70	endoderm
GasdE701223	/Volumes/SumSung500/CSU/0_HiRES/data/hires/GSE223917_RAW/GSM6999739_GasdE701223.pairs.gz	E70	epiblast and PS
GasdE701224	/Volumes/SumSung500/CSU/0_HiRES/data/hires/GSE223917_RAW/GSM6999740_GasdE701224.pairs.gz	E70	epiblast and PS
GasdE701225	/Volumes/SumSung500/CSU/0_HiRES/data/hires/GSE223917_RAW/GSM6999741_GasdE701225.pairs.gz	E70	ExE mesoderm
GasdE701226	/Volumes/SumSung500/CSU/0_HiRES/data/hires/GSE223917_RAW/GSM6999742_GasdE701226.pairs.gz	E70	early mesoderm
GasdE701227	/Volumes/SumSung500/CSU/0_HiRES/data/hires/GSE223917_RAW/GSM6999743_GasdE701227.pairs.gz	E70	epiblast and PS
GasdE701228	/Volumes/SumSung500/CSU/0_HiRES/data/hires/GSE223917_RAW/GSM6999744_GasdE701228.pairs.gz	E70	ExE ectoderm
GasdE701229	/Volumes/SumSung500/CSU/0_HiRES/data/hires/GSE223917_RAW/GSM6999745_GasdE701229.pairs.gz	E70	early mesenchyme
GasdE701230	/Volumes/SumSung500/CSU/0_HiRES/data/hires/GSE223917_RAW/GSM6999746_GasdE701230.pairs.gz	E70	epiblast and PS
GasdE701231	/Volumes/SumSung500/CSU/0_HiRES/data/hires/GSE223917_RAW/GSM6999747_GasdE701231.pairs.gz	E70	epiblast and PS
GasdE701232	/Volumes/SumSung500/CSU/0_HiRES/data/hires/GSE223917_RAW/GSM6999748_GasdE701232.pairs.gz	E70	mitosis
GasdE701233	/Volumes/SumSung500/CSU/0_HiRES/data/hires/GSE223917_RAW/GSM6999749_GasdE701233.pairs.gz	E70	ExE endoderm
GasdE701234	/Volumes/SumSung500/CSU/0_HiRES/data/hires/GSE223917_RAW/GSM6999750_GasdE701234.pairs.gz	E70	epiblast and PS
GasdE701235	/Volumes/SumSung500/CSU/0_HiRES/data/hires/GSE223917_RAW/GSM6999751_GasdE701235.pairs.gz	E70	ExE endoderm
GasdE701236	/Volumes/SumSung500/CSU/0_HiRES/data/hires/GSE223917_RAW/GSM6999752_GasdE701236.pairs.gz	E70	ExE endoderm
GasdE701237	/Volumes/SumSung500/CSU/0_HiRES/data/hires/GSE223917_RAW/GSM6999753_GasdE701237.pairs.gz	E70	epiblast and PS
GasdE701238	/Volumes/SumSung500/CSU/0_HiRES/data/hires/GSE223917_RAW/GSM6999754_GasdE701238.pairs.gz	E70	endoderm
GasdE701240	/Volumes/SumSung500/CSU/0_HiRES/data/hires/GSE223917_RAW/GSM6999756_GasdE701240.pairs.gz	E70	epiblast and PS
GasdE701242	/Volumes/SumSung500/CSU/0_HiRES/data/hires/GSE223917_RAW/GSM6999757_GasdE701242.pairs.gz	E70	epiblast and PS
GasdE701243	/Volumes/SumSung500/CSU/0_HiRES/data/hires/GSE223917_RAW/GSM6999758_GasdE701243.pairs.gz	E70	ExE ectoderm
GasdE701244	/Volumes/SumSung500/CSU/0_HiRES/data/hires/GSE223917_RAW/GSM6999759_GasdE701244.pairs.gz	E70	ExE ectoderm
GasdE701245	/Volumes/SumSung500/CSU/0_HiRES/data/hires/GSE223917_RAW/GSM6999760_GasdE701245.pairs.gz	E70	ExE endoderm
GasdE701248	/Volumes/SumSung500/CSU/0_HiRES/data/hires/GSE223917_RAW/GSM6999762_GasdE701248.pairs.gz	E70	ExE endoderm
GasdE701249	/Volumes/SumSung500/CSU/0_HiRES/data/hires/GSE223917_RAW/GSM6999763_GasdE701249.pairs.gz	E70	ExE ectoderm
GasdE701250	/Volumes/SumSung500/CSU/0_HiRES/data/hires/GSE223917_RAW/GSM6999764_GasdE701250.pairs.gz	E70	endoderm
GasdE701251	/Volumes/SumSung500/CSU/0_HiRES/data/hires/GSE223917_RAW/GSM6999765_GasdE701251.pairs.gz	E70	ExE ectoderm
GasdE701252	/Volumes/SumSung500/CSU/0_HiRES/data/hires/GSE223917_RAW/GSM6999766_GasdE701252.pairs.gz	E70	early mesoderm
GasdE701253	/Volumes/SumSung500/CSU/0_HiRES/data/hires/GSE223917_RAW/GSM6999767_GasdE701253.pairs.gz	E70	neural ectoderm
GasdE701254	/Volumes/SumSung500/CSU/0_HiRES/data/hires/GSE223917_RAW/GSM6999768_GasdE701254.pairs.gz	E70	early mesoderm
GasdE701255	/Volumes/SumSung500/CSU/0_HiRES/data/hires/GSE223917_RAW/GSM6999769_GasdE701255.pairs.gz	E70	endoderm
GasdE701256	/Volumes/SumSung500/CSU/0_HiRES/data/hires/GSE223917_RAW/GSM6999770_GasdE701256.pairs.gz	E70	ExE mesoderm
GasdE701258	/Volumes/SumSung500/CSU/0_HiRES/data/hires/GSE223917_RAW/GSM6999771_GasdE701258.pairs.gz	E70	ExE endoderm
GasdE701260	/Volumes/SumSung500/CSU/0_HiRES/data/hires/GSE223917_RAW/GSM6999772_GasdE701260.pairs.gz	E70	early mesoderm
GasdE701261	/Volumes/SumSung500/CSU/0_HiRES/data/hires/GSE223917_RAW/GSM6999773_GasdE701261.pairs.gz	E70	ExE endoderm
GasdE701262	/Volumes/SumSung500/CSU/0_HiRES/data/hires/GSE223917_RAW/GSM6999774_GasdE701262.pairs.gz	E70	ExE endoderm
GasdE701263	/Volumes/SumSung500/CSU/0_HiRES/data/hires/GSE223917_RAW/GSM6999775_GasdE701263.pairs.gz	E70	epiblast and PS
GasdE701265	/Volumes/SumSung500/CSU/0_HiRES/data/hires/GSE223917_RAW/GSM6999776_GasdE701265.pairs.gz	E70	epiblast and PS
GasdE701266	/Volumes/SumSung500/CSU/0_HiRES/data/hires/GSE223917_RAW/GSM6999777_GasdE701266.pairs.gz	E70	epiblast and PS
GasdE701267	/Volumes/SumSung500/CSU/0_HiRES/data/hires/GSE223917_RAW/GSM6999778_GasdE701267.pairs.gz	E70	mitosis
GasdE701268	/Volumes/SumSung500/CSU/0_HiRES/data/hires/GSE223917_RAW/GSM6999779_GasdE701268.pairs.gz	E70	mitosis
GasdE701269	/Volumes/SumSung500/CSU/0_HiRES/data/hires/GSE223917_RAW/GSM6999780_GasdE701269.pairs.gz	E70	ExE ectoderm
GasdE701270	/Volumes/SumSung500/CSU/0_HiRES/data/hires/GSE223917_RAW/GSM6999781_GasdE701270.pairs.gz	E70	epiblast and PS
GasdE701271	/Volumes/SumSung500/CSU/0_HiRES/data/hires/GSE223917_RAW/GSM6999782_GasdE701271.pairs.gz	E70	early mesoderm
GasdE701272	/Volumes/SumSung500/CSU/0_HiRES/data/hires/GSE223917_RAW/GSM6999783_GasdE701272.pairs.gz	E70	early mesoderm
GasdE701273	/Volumes/SumSung500/CSU/0_HiRES/data/hires/GSE223917_RAW/GSM6999784_GasdE701273.pairs.gz	E70	epiblast and PS
GasdE701274	/Volumes/SumSung500/CSU/0_HiRES/data/hires/GSE223917_RAW/GSM6999785_GasdE701274.pairs.gz	E70	ExE endoderm
GasdE701275	/Volumes/SumSung500/CSU/0_HiRES/data/hires/GSE223917_RAW/GSM6999786_GasdE701275.pairs.gz	E70	ExE ectoderm
GasdE701276	/Volumes/SumSung500/CSU/0_HiRES/data/hires/GSE223917_RAW/GSM6999787_GasdE701276.pairs.gz	E70	endoderm
GasdE701277	/Volumes/SumSung500/CSU/0_HiRES/data/hires/GSE223917_RAW/GSM6999788_GasdE701277.pairs.gz	E70	early mesoderm
GasdE701278	/Volumes/SumSung500/CSU/0_HiRES/data/hires/GSE223917_RAW/GSM6999789_GasdE701278.pairs.gz	E70	epiblast and PS
GasdE701279	/Volumes/SumSung500/CSU/0_HiRES/data/hires/GSE223917_RAW/GSM6999790_GasdE701279.pairs.gz	E70	epiblast and PS
GasdE701280	/Volumes/SumSung500/CSU/0_HiRES/data/hires/GSE223917_RAW/GSM6999791_GasdE701280.pairs.gz	E70	ExE ectoderm
GasdE701282	/Volumes/SumSung500/CSU/0_HiRES/data/hires/GSE223917_RAW/GSM6999793_GasdE701282.pairs.gz	E70	ExE ectoderm
GasdE701283	/Volumes/SumSung500/CSU/0_HiRES/data/hires/GSE223917_RAW/GSM6999794_GasdE701283.pairs.gz	E70	ExE endoderm
GasdE701284	/Volumes/SumSung500/CSU/0_HiRES/data/hires/GSE223917_RAW/GSM6999795_GasdE701284.pairs.gz	E70	epiblast and PS
GasdE701285	/Volumes/SumSung500/CSU/0_HiRES/data/hires/GSE223917_RAW/GSM6999796_GasdE701285.pairs.gz	E70	neural ectoderm
GasdE701287	/Volumes/SumSung500/CSU/0_HiRES/data/hires/GSE223917_RAW/GSM6999798_GasdE701287.pairs.gz	E70	blood
GasdE701288	/Volumes/SumSung500/CSU/0_HiRES/data/hires/GSE223917_RAW/GSM6999799_GasdE701288.pairs.gz	E70	ExE ectoderm
GasdE701289	/Volumes/SumSung500/CSU/0_HiRES/data/hires/GSE223917_RAW/GSM6999800_GasdE701289.pairs.gz	E70	neural ectoderm
GasdE701290	/Volumes/SumSung500/CSU/0_HiRES/data/hires/GSE223917_RAW/GSM6999801_GasdE701290.pairs.gz	E70	early mesoderm
GasdE701291	/Volumes/SumSung500/CSU/0_HiRES/data/hires/GSE223917_RAW/GSM6999802_GasdE701291.pairs.gz	E70	blood
GasdE701292	/Volumes/SumSung500/CSU/0_HiRES/data/hires/GSE223917_RAW/GSM6999803_GasdE701292.pairs.gz	E70	ExE ectoderm
GasdE701294	/Volumes/SumSung500/CSU/0_HiRES/data/hires/GSE223917_RAW/GSM6999805_GasdE701294.pairs.gz	E70	epiblast and PS
GasdE701295	/Volumes/SumSung500/CSU/0_HiRES/data/hires/GSE223917_RAW/GSM6999806_GasdE701295.pairs.gz	E70	ExE endoderm
GasdE701296	/Volumes/SumSung500/CSU/0_HiRES/data/hires/GSE223917_RAW/GSM6999807_GasdE701296.pairs.gz	E70	epiblast and PS
GasdE701297	/Volumes/SumSung500/CSU/0_HiRES/data/hires/GSE223917_RAW/GSM6999808_GasdE701297.pairs.gz	E70	mitosis
GasdE701298	/Volumes/SumSung500/CSU/0_HiRES/data/hires/GSE223917_RAW/GSM6999809_GasdE701298.pairs.gz	E70	early mesoderm
GasdE701299	/Volumes/SumSung500/CSU/0_HiRES/data/hires/GSE223917_RAW/GSM6999810_GasdE701299.pairs.gz	E70	ExE ectoderm
GasdE701300	/Volumes/SumSung500/CSU/0_HiRES/data/hires/GSE223917_RAW/GSM6999811_GasdE701300.pairs.gz	E70	epiblast and PS
GasdE701301	/Volumes/SumSung500/CSU/0_HiRES/data/hires/GSE223917_RAW/GSM6999812_GasdE701301.pairs.gz	E70	early mesoderm
GasdE701302	/Volumes/SumSung500/CSU/0_HiRES/data/hires/GSE223917_RAW/GSM6999813_GasdE701302.pairs.gz	E70	epiblast and PS
GasdE701303	/Volumes/SumSung500/CSU/0_HiRES/data/hires/GSE223917_RAW/GSM6999814_GasdE701303.pairs.gz	E70	ExE ectoderm
GasdE701304	/Volumes/SumSung500/CSU/0_HiRES/data/hires/GSE223917_RAW/GSM6999815_GasdE701304.pairs.gz	E70	epiblast and PS
GasdE701305	/Volumes/SumSung500/CSU/0_HiRES/data/hires/GSE223917_RAW/GSM6999816_GasdE701305.pairs.gz	E70	epiblast and PS
GasdE701306	/Volumes/SumSung500/CSU/0_HiRES/data/hires/GSE223917_RAW/GSM6999817_GasdE701306.pairs.gz	E70	epiblast and PS
GasdE701307	/Volumes/SumSung500/CSU/0_HiRES/data/hires/GSE223917_RAW/GSM6999818_GasdE701307.pairs.gz	E70	ExE ectoderm
GasdE701308	/Volumes/SumSung500/CSU/0_HiRES/data/hires/GSE223917_RAW/GSM6999819_GasdE701308.pairs.gz	E70	ExE endoderm
GasdE701309	/Volumes/SumSung500/CSU/0_HiRES/data/hires/GSE223917_RAW/GSM6999820_GasdE701309.pairs.gz	E70	ExE endoderm
GasdE701311	/Volumes/SumSung500/CSU/0_HiRES/data/hires/GSE223917_RAW/GSM6999821_GasdE701311.pairs.gz	E70	neural ectoderm
GasdE701312	/Volumes/SumSung500/CSU/0_HiRES/data/hires/GSE223917_RAW/GSM6999822_GasdE701312.pairs.gz	E70	epiblast and PS
GasdE701314	/Volumes/SumSung500/CSU/0_HiRES/data/hires/GSE223917_RAW/GSM6999824_GasdE701314.pairs.gz	E70	epiblast and PS
GasdE701316	/Volumes/SumSung500/CSU/0_HiRES/data/hires/GSE223917_RAW/GSM6999826_GasdE701316.pairs.gz	E70	early mesoderm
GasdE701317	/Volumes/SumSung500/CSU/0_HiRES/data/hires/GSE223917_RAW/GSM6999827_GasdE701317.pairs.gz	E70	ExE endoderm
GasdE701319	/Volumes/SumSung500/CSU/0_HiRES/data/hires/GSE223917_RAW/GSM6999829_GasdE701319.pairs.gz	E70	ExE endoderm
GasdE701320	/Volumes/SumSung500/CSU/0_HiRES/data/hires/GSE223917_RAW/GSM6999830_GasdE701320.pairs.gz	E70	ExE endoderm
GasdE701321	/Volumes/SumSung500/CSU/0_HiRES/data/hires/GSE223917_RAW/GSM6999831_GasdE701321.pairs.gz	E70	ExE endoderm
GasdE701322	/Volumes/SumSung500/CSU/0_HiRES/data/hires/GSE223917_RAW/GSM6999832_GasdE701322.pairs.gz	E70	epiblast and PS
GasdE701323	/Volumes/SumSung500/CSU/0_HiRES/data/hires/GSE223917_RAW/GSM6999833_GasdE701323.pairs.gz	E70	ExE ectoderm
GasdE701324	/Volumes/SumSung500/CSU/0_HiRES/data/hires/GSE223917_RAW/GSM6999834_GasdE701324.pairs.gz	E70	ExE endoderm
GasdE701325	/Volumes/SumSung500/CSU/0_HiRES/data/hires/GSE223917_RAW/GSM6999835_GasdE701325.pairs.gz	E70	ExE ectoderm
GasdE701326	/Volumes/SumSung500/CSU/0_HiRES/data/hires/GSE223917_RAW/GSM6999836_GasdE701326.pairs.gz	E70	ExE mesoderm
GasdE701327	/Volumes/SumSung500/CSU/0_HiRES/data/hires/GSE223917_RAW/GSM6999837_GasdE701327.pairs.gz	E70	ExE ectoderm
GasdE701328	/Volumes/SumSung500/CSU/0_HiRES/data/hires/GSE223917_RAW/GSM6999838_GasdE701328.pairs.gz	E70	ExE mesoderm
GasdE701329	/Volumes/SumSung500/CSU/0_HiRES/data/hires/GSE223917_RAW/GSM6999839_GasdE701329.pairs.gz	E70	early mesoderm
GasdE701330	/Volumes/SumSung500/CSU/0_HiRES/data/hires/GSE223917_RAW/GSM6999840_GasdE701330.pairs.gz	E70	ExE endoderm
GasdE701331	/Volumes/SumSung500/CSU/0_HiRES/data/hires/GSE223917_RAW/GSM6999841_GasdE701331.pairs.gz	E70	early mesenchyme
GasdE701332	/Volumes/SumSung500/CSU/0_HiRES/data/hires/GSE223917_RAW/GSM6999842_GasdE701332.pairs.gz	E70	epiblast and PS
GasdE701334	/Volumes/SumSung500/CSU/0_HiRES/data/hires/GSE223917_RAW/GSM6999844_GasdE701334.pairs.gz	E70	ExE endoderm
GasdE701335	/Volumes/SumSung500/CSU/0_HiRES/data/hires/GSE223917_RAW/GSM6999845_GasdE701335.pairs.gz	E70	blood
GasdE701336	/Volumes/SumSung500/CSU/0_HiRES/data/hires/GSE223917_RAW/GSM6999846_GasdE701336.pairs.gz	E70	blood
GasdE701337	/Volumes/SumSung500/CSU/0_HiRES/data/hires/GSE223917_RAW/GSM6999847_GasdE701337.pairs.gz	E70	blood
GasdE701338	/Volumes/SumSung500/CSU/0_HiRES/data/hires/GSE223917_RAW/GSM6999848_GasdE701338.pairs.gz	E70	epiblast and PS
GasdE701339	/Volumes/SumSung500/CSU/0_HiRES/data/hires/GSE223917_RAW/GSM6999849_GasdE701339.pairs.gz	E70	ExE ectoderm
GasdE701340	/Volumes/SumSung500/CSU/0_HiRES/data/hires/GSE223917_RAW/GSM6999850_GasdE701340.pairs.gz	E70	epiblast and PS
GasdE701341	/Volumes/SumSung500/CSU/0_HiRES/data/hires/GSE223917_RAW/GSM6999851_GasdE701341.pairs.gz	E70	early mesoderm
GasdE701342	/Volumes/SumSung500/CSU/0_HiRES/data/hires/GSE223917_RAW/GSM6999852_GasdE701342.pairs.gz	E70	ExE ectoderm
GasdE701343	/Volumes/SumSung500/CSU/0_HiRES/data/hires/GSE223917_RAW/GSM6999853_GasdE701343.pairs.gz	E70	ExE ectoderm
GasdE701344	/Volumes/SumSung500/CSU/0_HiRES/data/hires/GSE223917_RAW/GSM6999854_GasdE701344.pairs.gz	E70	endoderm
GasdE701345	/Volumes/SumSung500/CSU/0_HiRES/data/hires/GSE223917_RAW/GSM6999855_GasdE701345.pairs.gz	E70	epiblast and PS
GasdE701346	/Volumes/SumSung500/CSU/0_HiRES/data/hires/GSE223917_RAW/GSM6999856_GasdE701346.pairs.gz	E70	mitosis
GasdE701347	/Volumes/SumSung500/CSU/0_HiRES/data/hires/GSE223917_RAW/GSM6999857_GasdE701347.pairs.gz	E70	epiblast and PS
GasdE701348	/Volumes/SumSung500/CSU/0_HiRES/data/hires/GSE223917_RAW/GSM6999858_GasdE701348.pairs.gz	E70	epiblast and PS
GasdE701349	/Volumes/SumSung500/CSU/0_HiRES/data/hires/GSE223917_RAW/GSM6999859_GasdE701349.pairs.gz	E70	ExE endoderm
GasdE701350	/Volumes/SumSung500/CSU/0_HiRES/data/hires/GSE223917_RAW/GSM6999860_GasdE701350.pairs.gz	E70	mitosis
GasdE701351	/Volumes/SumSung500/CSU/0_HiRES/data/hires/GSE223917_RAW/GSM6999861_GasdE701351.pairs.gz	E70	epiblast and PS
GasdE701353	/Volumes/SumSung500/CSU/0_HiRES/data/hires/GSE223917_RAW/GSM6999862_GasdE701353.pairs.gz	E70	ExE endoderm
GasdE701354	/Volumes/SumSung500/CSU/0_HiRES/data/hires/GSE223917_RAW/GSM6999863_GasdE701354.pairs.gz	E70	epiblast and PS
GasdE701355	/Volumes/SumSung500/CSU/0_HiRES/data/hires/GSE223917_RAW/GSM6999864_GasdE701355.pairs.gz	E70	ExE endoderm
GasdE701356	/Volumes/SumSung500/CSU/0_HiRES/data/hires/GSE223917_RAW/GSM6999865_GasdE701356.pairs.gz	E70	epiblast and PS
GasdE701357	/Volumes/SumSung500/CSU/0_HiRES/data/hires/GSE223917_RAW/GSM6999866_GasdE701357.pairs.gz	E70	ExE ectoderm
GasdE701358	/Volumes/SumSung500/CSU/0_HiRES/data/hires/GSE223917_RAW/GSM6999867_GasdE701358.pairs.gz	E70	blood
GasdE701359	/Volumes/SumSung500/CSU/0_HiRES/data/hires/GSE223917_RAW/GSM6999868_GasdE701359.pairs.gz	E70	early mesoderm
GasdE701360	/Volumes/SumSung500/CSU/0_HiRES/data/hires/GSE223917_RAW/GSM6999869_GasdE701360.pairs.gz	E70	mitosis
GasdE701361	/Volumes/SumSung500/CSU/0_HiRES/data/hires/GSE223917_RAW/GSM6999870_GasdE701361.pairs.gz	E70	epiblast and PS
GasdE701362	/Volumes/SumSung500/CSU/0_HiRES/data/hires/GSE223917_RAW/GSM6999871_GasdE701362.pairs.gz	E70	early mesoderm
GasdE701363	/Volumes/SumSung500/CSU/0_HiRES/data/hires/GSE223917_RAW/GSM6999872_GasdE701363.pairs.gz	E70	ExE ectoderm
GasdE701364	/Volumes/SumSung500/CSU/0_HiRES/data/hires/GSE223917_RAW/GSM6999873_GasdE701364.pairs.gz	E70	ExE ectoderm
GasdE701365	/Volumes/SumSung500/CSU/0_HiRES/data/hires/GSE223917_RAW/GSM6999874_GasdE701365.pairs.gz	E70	early mesoderm
GasdE701366	/Volumes/SumSung500/CSU/0_HiRES/data/hires/GSE223917_RAW/GSM6999875_GasdE701366.pairs.gz	E70	early mesoderm
GasdE701367	/Volumes/SumSung500/CSU/0_HiRES/data/hires/GSE223917_RAW/GSM6999876_GasdE701367.pairs.gz	E70	ExE endoderm
GasdE701372	/Volumes/SumSung500/CSU/0_HiRES/data/hires/GSE223917_RAW/GSM6999881_GasdE701372.pairs.gz	E70	mitosis
GasdE701373	/Volumes/SumSung500/CSU/0_HiRES/data/hires/GSE223917_RAW/GSM6999882_GasdE701373.pairs.gz	E70	ExE endoderm
GasdE701374	/Volumes/SumSung500/CSU/0_HiRES/data/hires/GSE223917_RAW/GSM6999883_GasdE701374.pairs.gz	E70	ExE endoderm
GasdE701375	/Volumes/SumSung500/CSU/0_HiRES/data/hires/GSE223917_RAW/GSM6999884_GasdE701375.pairs.gz	E70	epiblast and PS
GasdE701376	/Volumes/SumSung500/CSU/0_HiRES/data/hires/GSE223917_RAW/GSM6999885_GasdE701376.pairs.gz	E70	mitosis
GasdE701377	/Volumes/SumSung500/CSU/0_HiRES/data/hires/GSE223917_RAW/GSM6999886_GasdE701377.pairs.gz	E70	ExE ectoderm
GasdE701378	/Volumes/SumSung500/CSU/0_HiRES/data/hires/GSE223917_RAW/GSM6999887_GasdE701378.pairs.gz	E70	ExE ectoderm
GasdE701379	/Volumes/SumSung500/CSU/0_HiRES/data/hires/GSE223917_RAW/GSM6999888_GasdE701379.pairs.gz	E70	ExE endoderm
GasdE701380	/Volumes/SumSung500/CSU/0_HiRES/data/hires/GSE223917_RAW/GSM6999889_GasdE701380.pairs.gz	E70	early mesoderm
GasdE701381	/Volumes/SumSung500/CSU/0_HiRES/data/hires/GSE223917_RAW/GSM6999890_GasdE701381.pairs.gz	E70	endoderm
GasdE701382	/Volumes/SumSung500/CSU/0_HiRES/data/hires/GSE223917_RAW/GSM6999891_GasdE701382.pairs.gz	E70	ExE ectoderm
GasdE701383	/Volumes/SumSung500/CSU/0_HiRES/data/hires/GSE223917_RAW/GSM6999892_GasdE701383.pairs.gz	E70	epiblast and PS
GaseE751003	/Volumes/SumSung500/CSU/0_HiRES/data/hires/GSE223917_RAW/GSM6999896_GaseE751003.pairs.gz	E75	neural ectoderm
GaseE751004	/Volumes/SumSung500/CSU/0_HiRES/data/hires/GSE223917_RAW/GSM6999897_GaseE751004.pairs.gz	E75	early mesenchyme
GaseE751007	/Volumes/SumSung500/CSU/0_HiRES/data/hires/GSE223917_RAW/GSM6999900_GaseE751007.pairs.gz	E75	ExE mesoderm
GaseE751008	/Volumes/SumSung500/CSU/0_HiRES/data/hires/GSE223917_RAW/GSM6999901_GaseE751008.pairs.gz	E75	epiblast and PS
GaseE751009	/Volumes/SumSung500/CSU/0_HiRES/data/hires/GSE223917_RAW/GSM6999902_GaseE751009.pairs.gz	E75	ExE ectoderm
GaseE751012	/Volumes/SumSung500/CSU/0_HiRES/data/hires/GSE223917_RAW/GSM6999905_GaseE751012.pairs.gz	E75	ExE ectoderm
GaseE751013	/Volumes/SumSung500/CSU/0_HiRES/data/hires/GSE223917_RAW/GSM6999906_GaseE751013.pairs.gz	E75	epithelial cells
GaseE751014	/Volumes/SumSung500/CSU/0_HiRES/data/hires/GSE223917_RAW/GSM6999907_GaseE751014.pairs.gz	E75	endoderm
GaseE751015	/Volumes/SumSung500/CSU/0_HiRES/data/hires/GSE223917_RAW/GSM6999908_GaseE751015.pairs.gz	E75	early mesenchyme
GaseE751017	/Volumes/SumSung500/CSU/0_HiRES/data/hires/GSE223917_RAW/GSM6999910_GaseE751017.pairs.gz	E75	ExE endoderm
GaseE751018	/Volumes/SumSung500/CSU/0_HiRES/data/hires/GSE223917_RAW/GSM6999911_GaseE751018.pairs.gz	E75	ExE mesoderm
GaseE751019	/Volumes/SumSung500/CSU/0_HiRES/data/hires/GSE223917_RAW/GSM6999912_GaseE751019.pairs.gz	E75	blood
GaseE751020	/Volumes/SumSung500/CSU/0_HiRES/data/hires/GSE223917_RAW/GSM6999913_GaseE751020.pairs.gz	E75	blood
GaseE751022	/Volumes/SumSung500/CSU/0_HiRES/data/hires/GSE223917_RAW/GSM6999914_GaseE751022.pairs.gz	E75	neural ectoderm
GaseE751024	/Volumes/SumSung500/CSU/0_HiRES/data/hires/GSE223917_RAW/GSM6999916_GaseE751024.pairs.gz	E75	endoderm
GaseE751025	/Volumes/SumSung500/CSU/0_HiRES/data/hires/GSE223917_RAW/GSM6999917_GaseE751025.pairs.gz	E75	epithelial cells
GaseE751026	/Volumes/SumSung500/CSU/0_HiRES/data/hires/GSE223917_RAW/GSM6999918_GaseE751026.pairs.gz	E75	neural ectoderm
GaseE751027	/Volumes/SumSung500/CSU/0_HiRES/data/hires/GSE223917_RAW/GSM6999919_GaseE751027.pairs.gz	E75	ExE ectoderm
GaseE751028	/Volumes/SumSung500/CSU/0_HiRES/data/hires/GSE223917_RAW/GSM6999920_GaseE751028.pairs.gz	E75	mitosis
GaseE751032	/Volumes/SumSung500/CSU/0_HiRES/data/hires/GSE223917_RAW/GSM6999924_GaseE751032.pairs.gz	E75	early mesoderm
GaseE751033	/Volumes/SumSung500/CSU/0_HiRES/data/hires/GSE223917_RAW/GSM6999925_GaseE751033.pairs.gz	E75	ExE endoderm
GaseE751034	/Volumes/SumSung500/CSU/0_HiRES/data/hires/GSE223917_RAW/GSM6999926_GaseE751034.pairs.gz	E75	ExE endoderm
GaseE751035	/Volumes/SumSung500/CSU/0_HiRES/data/hires/GSE223917_RAW/GSM6999927_GaseE751035.pairs.gz	E75	ExE ectoderm
GaseE751037	/Volumes/SumSung500/CSU/0_HiRES/data/hires/GSE223917_RAW/GSM6999928_GaseE751037.pairs.gz	E75	early mesenchyme
GaseE751038	/Volumes/SumSung500/CSU/0_HiRES/data/hires/GSE223917_RAW/GSM6999929_GaseE751038.pairs.gz	E75	neural ectoderm
GaseE751039	/Volumes/SumSung500/CSU/0_HiRES/data/hires/GSE223917_RAW/GSM6999930_GaseE751039.pairs.gz	E75	endoderm
GaseE751040	/Volumes/SumSung500/CSU/0_HiRES/data/hires/GSE223917_RAW/GSM6999931_GaseE751040.pairs.gz	E75	neural ectoderm
GaseE751041	/Volumes/SumSung500/CSU/0_HiRES/data/hires/GSE223917_RAW/GSM6999932_GaseE751041.pairs.gz	E75	early mesoderm
GaseE751043	/Volumes/SumSung500/CSU/0_HiRES/data/hires/GSE223917_RAW/GSM6999934_GaseE751043.pairs.gz	E75	early mesoderm
GaseE751045	/Volumes/SumSung500/CSU/0_HiRES/data/hires/GSE223917_RAW/GSM6999936_GaseE751045.pairs.gz	E75	ExE ectoderm
GaseE751047	/Volumes/SumSung500/CSU/0_HiRES/data/hires/GSE223917_RAW/GSM6999938_GaseE751047.pairs.gz	E75	neural ectoderm
GaseE751048	/Volumes/SumSung500/CSU/0_HiRES/data/hires/GSE223917_RAW/GSM6999939_GaseE751048.pairs.gz	E75	mitosis
GaseE751049	/Volumes/SumSung500/CSU/0_HiRES/data/hires/GSE223917_RAW/GSM6999940_GaseE751049.pairs.gz	E75	ExE ectoderm
GaseE751050	/Volumes/SumSung500/CSU/0_HiRES/data/hires/GSE223917_RAW/GSM6999941_GaseE751050.pairs.gz	E75	neural ectoderm
GaseE751052	/Volumes/SumSung500/CSU/0_HiRES/data/hires/GSE223917_RAW/GSM6999943_GaseE751052.pairs.gz	E75	early mesenchyme
GaseE751054	/Volumes/SumSung500/CSU/0_HiRES/data/hires/GSE223917_RAW/GSM6999944_GaseE751054.pairs.gz	E75	ExE endoderm
GaseE751055	/Volumes/SumSung500/CSU/0_HiRES/data/hires/GSE223917_RAW/GSM6999945_GaseE751055.pairs.gz	E75	blood
GaseE751056	/Volumes/SumSung500/CSU/0_HiRES/data/hires/GSE223917_RAW/GSM6999946_GaseE751056.pairs.gz	E75	early mesenchyme
GaseE751058	/Volumes/SumSung500/CSU/0_HiRES/data/hires/GSE223917_RAW/GSM6999948_GaseE751058.pairs.gz	E75	ExE mesoderm
GaseE751060	/Volumes/SumSung500/CSU/0_HiRES/data/hires/GSE223917_RAW/GSM6999950_GaseE751060.pairs.gz	E75	ExE ectoderm
GaseE751061	/Volumes/SumSung500/CSU/0_HiRES/data/hires/GSE223917_RAW/GSM6999951_GaseE751061.pairs.gz	E75	blood
GaseE751062	/Volumes/SumSung500/CSU/0_HiRES/data/hires/GSE223917_RAW/GSM6999952_GaseE751062.pairs.gz	E75	early mesoderm
GaseE751063	/Volumes/SumSung500/CSU/0_HiRES/data/hires/GSE223917_RAW/GSM6999953_GaseE751063.pairs.gz	E75	early mesoderm
GaseE751064	/Volumes/SumSung500/CSU/0_HiRES/data/hires/GSE223917_RAW/GSM6999954_GaseE751064.pairs.gz	E75	ExE ectoderm
GaseE751065	/Volumes/SumSung500/CSU/0_HiRES/data/hires/GSE223917_RAW/GSM6999955_GaseE751065.pairs.gz	E75	ExE ectoderm
GaseE751067	/Volumes/SumSung500/CSU/0_HiRES/data/hires/GSE223917_RAW/GSM6999957_GaseE751067.pairs.gz	E75	epithelial cells
GaseE751068	/Volumes/SumSung500/CSU/0_HiRES/data/hires/GSE223917_RAW/GSM6999958_GaseE751068.pairs.gz	E75	neural ectoderm
GaseE751070	/Volumes/SumSung500/CSU/0_HiRES/data/hires/GSE223917_RAW/GSM6999960_GaseE751070.pairs.gz	E75	ExE endoderm
GaseE751071	/Volumes/SumSung500/CSU/0_HiRES/data/hires/GSE223917_RAW/GSM6999961_GaseE751071.pairs.gz	E75	ExE endoderm
GaseE751074	/Volumes/SumSung500/CSU/0_HiRES/data/hires/GSE223917_RAW/GSM6999963_GaseE751074.pairs.gz	E75	early mesenchyme
GaseE751075	/Volumes/SumSung500/CSU/0_HiRES/data/hires/GSE223917_RAW/GSM6999964_GaseE751075.pairs.gz	E75	ExE ectoderm
GaseE751078	/Volumes/SumSung500/CSU/0_HiRES/data/hires/GSE223917_RAW/GSM6999967_GaseE751078.pairs.gz	E75	mitosis
GaseE751079	/Volumes/SumSung500/CSU/0_HiRES/data/hires/GSE223917_RAW/GSM6999968_GaseE751079.pairs.gz	E75	mitosis
GaseE751081	/Volumes/SumSung500/CSU/0_HiRES/data/hires/GSE223917_RAW/GSM6999970_GaseE751081.pairs.gz	E75	epithelial cells
GaseE751082	/Volumes/SumSung500/CSU/0_HiRES/data/hires/GSE223917_RAW/GSM6999971_GaseE751082.pairs.gz	E75	blood
GaseE751083	/Volumes/SumSung500/CSU/0_HiRES/data/hires/GSE223917_RAW/GSM6999972_GaseE751083.pairs.gz	E75	ExE endoderm
GaseE751087	/Volumes/SumSung500/CSU/0_HiRES/data/hires/GSE223917_RAW/GSM6999976_GaseE751087.pairs.gz	E75	ExE ectoderm
GaseE751088	/Volumes/SumSung500/CSU/0_HiRES/data/hires/GSE223917_RAW/GSM6999977_GaseE751088.pairs.gz	E75	ExE ectoderm
GaseE751089	/Volumes/SumSung500/CSU/0_HiRES/data/hires/GSE223917_RAW/GSM6999978_GaseE751089.pairs.gz	E75	ExE ectoderm
GaseE751093	/Volumes/SumSung500/CSU/0_HiRES/data/hires/GSE223917_RAW/GSM6999982_GaseE751093.pairs.gz	E75	early mesoderm
GaseE751094	/Volumes/SumSung500/CSU/0_HiRES/data/hires/GSE223917_RAW/GSM6999983_GaseE751094.pairs.gz	E75	mitosis
GaseE751097	/Volumes/SumSung500/CSU/0_HiRES/data/hires/GSE223917_RAW/GSM6999986_GaseE751097.pairs.gz	E75	early mesenchyme
GaseE751101	/Volumes/SumSung500/CSU/0_HiRES/data/hires/GSE223917_RAW/GSM6999990_GaseE751101.pairs.gz	E75	ExE ectoderm
GaseE751103	/Volumes/SumSung500/CSU/0_HiRES/data/hires/GSE223917_RAW/GSM6999991_GaseE751103.pairs.gz	E75	ExE ectoderm
GaseE751104	/Volumes/SumSung500/CSU/0_HiRES/data/hires/GSE223917_RAW/GSM6999992_GaseE751104.pairs.gz	E75	ExE endoderm
GaseE751107	/Volumes/SumSung500/CSU/0_HiRES/data/hires/GSE223917_RAW/GSM6999995_GaseE751107.pairs.gz	E75	ExE ectoderm
GaseE751109	/Volumes/SumSung500/CSU/0_HiRES/data/hires/GSE223917_RAW/GSM6999997_GaseE751109.pairs.gz	E75	early mesoderm
GaseE751112	/Volumes/SumSung500/CSU/0_HiRES/data/hires/GSE223917_RAW/GSM7000000_GaseE751112.pairs.gz	E75	mitosis
GaseE751116	/Volumes/SumSung500/CSU/0_HiRES/data/hires/GSE223917_RAW/GSM7000004_GaseE751116.pairs.gz	E75	epiblast and PS
GaseE751117	/Volumes/SumSung500/CSU/0_HiRES/data/hires/GSE223917_RAW/GSM7000005_GaseE751117.pairs.gz	E75	early mesoderm
GaseE751118	/Volumes/SumSung500/CSU/0_HiRES/data/hires/GSE223917_RAW/GSM7000006_GaseE751118.pairs.gz	E75	early mesenchyme
GaseE751119	/Volumes/SumSung500/CSU/0_HiRES/data/hires/GSE223917_RAW/GSM7000007_GaseE751119.pairs.gz	E75	neural ectoderm
GaseE751120	/Volumes/SumSung500/CSU/0_HiRES/data/hires/GSE223917_RAW/GSM7000008_GaseE751120.pairs.gz	E75	ExE endoderm
GaseE751121	/Volumes/SumSung500/CSU/0_HiRES/data/hires/GSE223917_RAW/GSM7000009_GaseE751121.pairs.gz	E75	neural ectoderm
GaseE751122	/Volumes/SumSung500/CSU/0_HiRES/data/hires/GSE223917_RAW/GSM7000010_GaseE751122.pairs.gz	E75	ExE endoderm
GaseE751128	/Volumes/SumSung500/CSU/0_HiRES/data/hires/GSE223917_RAW/GSM7000016_GaseE751128.pairs.gz	E75	ExE endoderm
GaseE751129	/Volumes/SumSung500/CSU/0_HiRES/data/hires/GSE223917_RAW/GSM7000017_GaseE751129.pairs.gz	E75	early mesenchyme
GaseE751131	/Volumes/SumSung500/CSU/0_HiRES/data/hires/GSE223917_RAW/GSM7000019_GaseE751131.pairs.gz	E75	mitosis
GaseE751132	/Volumes/SumSung500/CSU/0_HiRES/data/hires/GSE223917_RAW/GSM7000020_GaseE751132.pairs.gz	E75	early mesoderm
GaseE751133	/Volumes/SumSung500/CSU/0_HiRES/data/hires/GSE223917_RAW/GSM7000021_GaseE751133.pairs.gz	E75	neural ectoderm
GaseE751137	/Volumes/SumSung500/CSU/0_HiRES/data/hires/GSE223917_RAW/GSM7000024_GaseE751137.pairs.gz	E75	endoderm
GaseE751138	/Volumes/SumSung500/CSU/0_HiRES/data/hires/GSE223917_RAW/GSM7000025_GaseE751138.pairs.gz	E75	early mesoderm
GaseE751139	/Volumes/SumSung500/CSU/0_HiRES/data/hires/GSE223917_RAW/GSM7000026_GaseE751139.pairs.gz	E75	blood
GaseE751140	/Volumes/SumSung500/CSU/0_HiRES/data/hires/GSE223917_RAW/GSM7000027_GaseE751140.pairs.gz	E75	ExE mesoderm
GaseE751142	/Volumes/SumSung500/CSU/0_HiRES/data/hires/GSE223917_RAW/GSM7000029_GaseE751142.pairs.gz	E75	early mesoderm
GaseE751145	/Volumes/SumSung500/CSU/0_HiRES/data/hires/GSE223917_RAW/GSM7000032_GaseE751145.pairs.gz	E75	mitosis
GaseE751146	/Volumes/SumSung500/CSU/0_HiRES/data/hires/GSE223917_RAW/GSM7000033_GaseE751146.pairs.gz	E75	blood
GaseE751147	/Volumes/SumSung500/CSU/0_HiRES/data/hires/GSE223917_RAW/GSM7000034_GaseE751147.pairs.gz	E75	neural ectoderm
GaseE751148	/Volumes/SumSung500/CSU/0_HiRES/data/hires/GSE223917_RAW/GSM7000035_GaseE751148.pairs.gz	E75	early mesoderm
GaseE751150	/Volumes/SumSung500/CSU/0_HiRES/data/hires/GSE223917_RAW/GSM7000037_GaseE751150.pairs.gz	E75	ExE mesoderm
GaseE751153	/Volumes/SumSung500/CSU/0_HiRES/data/hires/GSE223917_RAW/GSM7000040_GaseE751153.pairs.gz	E75	ExE mesoderm
GaseE751155	/Volumes/SumSung500/CSU/0_HiRES/data/hires/GSE223917_RAW/GSM7000042_GaseE751155.pairs.gz	E75	neural ectoderm
GaseE751156	/Volumes/SumSung500/CSU/0_HiRES/data/hires/GSE223917_RAW/GSM7000043_GaseE751156.pairs.gz	E75	endoderm
GaseE751157	/Volumes/SumSung500/CSU/0_HiRES/data/hires/GSE223917_RAW/GSM7000044_GaseE751157.pairs.gz	E75	epiblast and PS
GaseE751159	/Volumes/SumSung500/CSU/0_HiRES/data/hires/GSE223917_RAW/GSM7000046_GaseE751159.pairs.gz	E75	mitosis
GaseE751161	/Volumes/SumSung500/CSU/0_HiRES/data/hires/GSE223917_RAW/GSM7000048_GaseE751161.pairs.gz	E75	ExE mesoderm
GaseE751165	/Volumes/SumSung500/CSU/0_HiRES/data/hires/GSE223917_RAW/GSM7000051_GaseE751165.pairs.gz	E75	blood
GaseE751166	/Volumes/SumSung500/CSU/0_HiRES/data/hires/GSE223917_RAW/GSM7000052_GaseE751166.pairs.gz	E75	mitosis
GaseE751170	/Volumes/SumSung500/CSU/0_HiRES/data/hires/GSE223917_RAW/GSM7000056_GaseE751170.pairs.gz	E75	early mesoderm
GaseE751171	/Volumes/SumSung500/CSU/0_HiRES/data/hires/GSE223917_RAW/GSM7000057_GaseE751171.pairs.gz	E75	ExE endoderm
GaseE751172	/Volumes/SumSung500/CSU/0_HiRES/data/hires/GSE223917_RAW/GSM7000058_GaseE751172.pairs.gz	E75	neural ectoderm
GaseE751173	/Volumes/SumSung500/CSU/0_HiRES/data/hires/GSE223917_RAW/GSM7000059_GaseE751173.pairs.gz	E75	epithelial cells
GaseE751174	/Volumes/SumSung500/CSU/0_HiRES/data/hires/GSE223917_RAW/GSM7000060_GaseE751174.pairs.gz	E75	ExE mesoderm
GaseE751175	/Volumes/SumSung500/CSU/0_HiRES/data/hires/GSE223917_RAW/GSM7000061_GaseE751175.pairs.gz	E75	neural ectoderm
GaseE751178	/Volumes/SumSung500/CSU/0_HiRES/data/hires/GSE223917_RAW/GSM7000064_GaseE751178.pairs.gz	E75	mitosis
GaseE751181	/Volumes/SumSung500/CSU/0_HiRES/data/hires/GSE223917_RAW/GSM7000067_GaseE751181.pairs.gz	E75	endoderm
GaseE751183	/Volumes/SumSung500/CSU/0_HiRES/data/hires/GSE223917_RAW/GSM7000069_GaseE751183.pairs.gz	E75	neural ectoderm
GaseE751184	/Volumes/SumSung500/CSU/0_HiRES/data/hires/GSE223917_RAW/GSM7000070_GaseE751184.pairs.gz	E75	ExE endoderm
GaseE751185	/Volumes/SumSung500/CSU/0_HiRES/data/hires/GSE223917_RAW/GSM7000071_GaseE751185.pairs.gz	E75	epithelial cells
GaseE751187	/Volumes/SumSung500/CSU/0_HiRES/data/hires/GSE223917_RAW/GSM7000073_GaseE751187.pairs.gz	E75	early mesenchyme
GaseE751188	/Volumes/SumSung500/CSU/0_HiRES/data/hires/GSE223917_RAW/GSM7000074_GaseE751188.pairs.gz	E75	neural ectoderm
GaseE751195	/Volumes/SumSung500/CSU/0_HiRES/data/hires/GSE223917_RAW/GSM7000080_GaseE751195.pairs.gz	E75	endoderm
GaseE751197	/Volumes/SumSung500/CSU/0_HiRES/data/hires/GSE223917_RAW/GSM7000082_GaseE751197.pairs.gz	E75	mitosis
GaseE751198	/Volumes/SumSung500/CSU/0_HiRES/data/hires/GSE223917_RAW/GSM7000083_GaseE751198.pairs.gz	E75	blood
GaseE751200	/Volumes/SumSung500/CSU/0_HiRES/data/hires/GSE223917_RAW/GSM7000085_GaseE751200.pairs.gz	E75	ExE mesoderm
GaseE751202	/Volumes/SumSung500/CSU/0_HiRES/data/hires/GSE223917_RAW/GSM7000087_GaseE751202.pairs.gz	E75	early mesoderm
GaseE751206	/Volumes/SumSung500/CSU/0_HiRES/data/hires/GSE223917_RAW/GSM7000091_GaseE751206.pairs.gz	E75	ExE endoderm
GaseE751207	/Volumes/SumSung500/CSU/0_HiRES/data/hires/GSE223917_RAW/GSM7000092_GaseE751207.pairs.gz	E75	early mesenchyme
GaseE751210	/Volumes/SumSung500/CSU/0_HiRES/data/hires/GSE223917_RAW/GSM7000094_GaseE751210.pairs.gz	E75	early mesoderm
GaseE751211	/Volumes/SumSung500/CSU/0_HiRES/data/hires/GSE223917_RAW/GSM7000095_GaseE751211.pairs.gz	E75	mitosis
GaseE751213	/Volumes/SumSung500/CSU/0_HiRES/data/hires/GSE223917_RAW/GSM7000097_GaseE751213.pairs.gz	E75	neural ectoderm
GaseE751215	/Volumes/SumSung500/CSU/0_HiRES/data/hires/GSE223917_RAW/GSM7000099_GaseE751215.pairs.gz	E75	neural ectoderm
GaseE751217	/Volumes/SumSung500/CSU/0_HiRES/data/hires/GSE223917_RAW/GSM7000101_GaseE751217.pairs.gz	E75	endoderm
GaseE751218	/Volumes/SumSung500/CSU/0_HiRES/data/hires/GSE223917_RAW/GSM7000102_GaseE751218.pairs.gz	E75	ExE mesoderm
GaseE751221	/Volumes/SumSung500/CSU/0_HiRES/data/hires/GSE223917_RAW/GSM7000105_GaseE751221.pairs.gz	E75	neural ectoderm
GaseE751223	/Volumes/SumSung500/CSU/0_HiRES/data/hires/GSE223917_RAW/GSM7000107_GaseE751223.pairs.gz	E75	ExE endoderm
GaseE751227	/Volumes/SumSung500/CSU/0_HiRES/data/hires/GSE223917_RAW/GSM7000111_GaseE751227.pairs.gz	E75	ExE endoderm
GaseE751228	/Volumes/SumSung500/CSU/0_HiRES/data/hires/GSE223917_RAW/GSM7000112_GaseE751228.pairs.gz	E75	neural ectoderm
GaseE751229	/Volumes/SumSung500/CSU/0_HiRES/data/hires/GSE223917_RAW/GSM7000113_GaseE751229.pairs.gz	E75	neural ectoderm
GaseE751231	/Volumes/SumSung500/CSU/0_HiRES/data/hires/GSE223917_RAW/GSM7000115_GaseE751231.pairs.gz	E75	NMP
GaseE751235	/Volumes/SumSung500/CSU/0_HiRES/data/hires/GSE223917_RAW/GSM7000119_GaseE751235.pairs.gz	E75	early mesoderm
GaseE751236	/Volumes/SumSung500/CSU/0_HiRES/data/hires/GSE223917_RAW/GSM7000120_GaseE751236.pairs.gz	E75	early mesoderm
GaseE751237	/Volumes/SumSung500/CSU/0_HiRES/data/hires/GSE223917_RAW/GSM7000121_GaseE751237.pairs.gz	E75	blood
GaseE751238	/Volumes/SumSung500/CSU/0_HiRES/data/hires/GSE223917_RAW/GSM7000122_GaseE751238.pairs.gz	E75	ExE ectoderm
GaseE751239	/Volumes/SumSung500/CSU/0_HiRES/data/hires/GSE223917_RAW/GSM7000123_GaseE751239.pairs.gz	E75	neural ectoderm
GaseE751240	/Volumes/SumSung500/CSU/0_HiRES/data/hires/GSE223917_RAW/GSM7000124_GaseE751240.pairs.gz	E75	early mesenchyme
GaseE751243	/Volumes/SumSung500/CSU/0_HiRES/data/hires/GSE223917_RAW/GSM7000126_GaseE751243.pairs.gz	E75	neural ectoderm
GaseE751246	/Volumes/SumSung500/CSU/0_HiRES/data/hires/GSE223917_RAW/GSM7000129_GaseE751246.pairs.gz	E75	blood
GaseE751247	/Volumes/SumSung500/CSU/0_HiRES/data/hires/GSE223917_RAW/GSM7000130_GaseE751247.pairs.gz	E75	ExE endoderm
GaseE751248	/Volumes/SumSung500/CSU/0_HiRES/data/hires/GSE223917_RAW/GSM7000131_GaseE751248.pairs.gz	E75	ExE ectoderm
GaseE751249	/Volumes/SumSung500/CSU/0_HiRES/data/hires/GSE223917_RAW/GSM7000132_GaseE751249.pairs.gz	E75	mitosis
GaseE751250	/Volumes/SumSung500/CSU/0_HiRES/data/hires/GSE223917_RAW/GSM7000133_GaseE751250.pairs.gz	E75	neural ectoderm
GaseE751252	/Volumes/SumSung500/CSU/0_HiRES/data/hires/GSE223917_RAW/GSM7000135_GaseE751252.pairs.gz	E75	endoderm
GaseE751254	/Volumes/SumSung500/CSU/0_HiRES/data/hires/GSE223917_RAW/GSM7000137_GaseE751254.pairs.gz	E75	epithelial cells
GaseE751255	/Volumes/SumSung500/CSU/0_HiRES/data/hires/GSE223917_RAW/GSM7000138_GaseE751255.pairs.gz	E75	blood
GaseE751256	/Volumes/SumSung500/CSU/0_HiRES/data/hires/GSE223917_RAW/GSM7000139_GaseE751256.pairs.gz	E75	early mesenchyme
GaseE751259	/Volumes/SumSung500/CSU/0_HiRES/data/hires/GSE223917_RAW/GSM7000141_GaseE751259.pairs.gz	E75	ExE mesoderm
GaseE751261	/Volumes/SumSung500/CSU/0_HiRES/data/hires/GSE223917_RAW/GSM7000143_GaseE751261.pairs.gz	E75	ExE mesoderm
GaseE751262	/Volumes/SumSung500/CSU/0_HiRES/data/hires/GSE223917_RAW/GSM7000144_GaseE751262.pairs.gz	E75	endoderm
GaseE751264	/Volumes/SumSung500/CSU/0_HiRES/data/hires/GSE223917_RAW/GSM7000146_GaseE751264.pairs.gz	E75	neural ectoderm
GaseE751266	/Volumes/SumSung500/CSU/0_HiRES/data/hires/GSE223917_RAW/GSM7000148_GaseE751266.pairs.gz	E75	epithelial cells
GaseE751267	/Volumes/SumSung500/CSU/0_HiRES/data/hires/GSE223917_RAW/GSM7000149_GaseE751267.pairs.gz	E75	blood
GaseE751269	/Volumes/SumSung500/CSU/0_HiRES/data/hires/GSE223917_RAW/GSM7000151_GaseE751269.pairs.gz	E75	early mesoderm
GaseE751272	/Volumes/SumSung500/CSU/0_HiRES/data/hires/GSE223917_RAW/GSM7000154_GaseE751272.pairs.gz	E75	ExE endoderm
GaseE751275	/Volumes/SumSung500/CSU/0_HiRES/data/hires/GSE223917_RAW/GSM7000157_GaseE751275.pairs.gz	E75	ExE mesoderm
GaseE751279	/Volumes/SumSung500/CSU/0_HiRES/data/hires/GSE223917_RAW/GSM7000161_GaseE751279.pairs.gz	E75	early mesenchyme
GaseE751280	/Volumes/SumSung500/CSU/0_HiRES/data/hires/GSE223917_RAW/GSM7000162_GaseE751280.pairs.gz	E75	neural ectoderm
GaseE751281	/Volumes/SumSung500/CSU/0_HiRES/data/hires/GSE223917_RAW/GSM7000163_GaseE751281.pairs.gz	E75	early mesoderm
GaseE751283	/Volumes/SumSung500/CSU/0_HiRES/data/hires/GSE223917_RAW/GSM7000164_GaseE751283.pairs.gz	E75	neural ectoderm
GaseE751284	/Volumes/SumSung500/CSU/0_HiRES/data/hires/GSE223917_RAW/GSM7000165_GaseE751284.pairs.gz	E75	early mesenchyme
GaseE751287	/Volumes/SumSung500/CSU/0_HiRES/data/hires/GSE223917_RAW/GSM7000166_GaseE751287.pairs.gz	E75	blood
GaseE751288	/Volumes/SumSung500/CSU/0_HiRES/data/hires/GSE223917_RAW/GSM7000167_GaseE751288.pairs.gz	E75	ExE ectoderm
GaseE751289	/Volumes/SumSung500/CSU/0_HiRES/data/hires/GSE223917_RAW/GSM7000168_GaseE751289.pairs.gz	E75	neural ectoderm
GaseE751291	/Volumes/SumSung500/CSU/0_HiRES/data/hires/GSE223917_RAW/GSM7000170_GaseE751291.pairs.gz	E75	blood
GaseE751292	/Volumes/SumSung500/CSU/0_HiRES/data/hires/GSE223917_RAW/GSM7000171_GaseE751292.pairs.gz	E75	early mesenchyme
GaseE751294	/Volumes/SumSung500/CSU/0_HiRES/data/hires/GSE223917_RAW/GSM7000173_GaseE751294.pairs.gz	E75	ExE ectoderm
GaseE751295	/Volumes/SumSung500/CSU/0_HiRES/data/hires/GSE223917_RAW/GSM7000174_GaseE751295.pairs.gz	E75	neural ectoderm
GaseE751297	/Volumes/SumSung500/CSU/0_HiRES/data/hires/GSE223917_RAW/GSM7000176_GaseE751297.pairs.gz	E75	early mesoderm
GaseE751301	/Volumes/SumSung500/CSU/0_HiRES/data/hires/GSE223917_RAW/GSM7000179_GaseE751301.pairs.gz	E75	neural ectoderm
GaseE751305	/Volumes/SumSung500/CSU/0_HiRES/data/hires/GSE223917_RAW/GSM7000182_GaseE751305.pairs.gz	E75	ExE ectoderm
GaseE751306	/Volumes/SumSung500/CSU/0_HiRES/data/hires/GSE223917_RAW/GSM7000183_GaseE751306.pairs.gz	E75	mitosis
GaseE751308	/Volumes/SumSung500/CSU/0_HiRES/data/hires/GSE223917_RAW/GSM7000185_GaseE751308.pairs.gz	E75	mitosis
GaseE751309	/Volumes/SumSung500/CSU/0_HiRES/data/hires/GSE223917_RAW/GSM7000186_GaseE751309.pairs.gz	E75	neural ectoderm
GaseE751310	/Volumes/SumSung500/CSU/0_HiRES/data/hires/GSE223917_RAW/GSM7000187_GaseE751310.pairs.gz	E75	neural ectoderm
GaseE751311	/Volumes/SumSung500/CSU/0_HiRES/data/hires/GSE223917_RAW/GSM7000188_GaseE751311.pairs.gz	E75	ExE endoderm
GaseE751312	/Volumes/SumSung500/CSU/0_HiRES/data/hires/GSE223917_RAW/GSM7000189_GaseE751312.pairs.gz	E75	early mesenchyme
GaseE751314	/Volumes/SumSung500/CSU/0_HiRES/data/hires/GSE223917_RAW/GSM7000191_GaseE751314.pairs.gz	E75	endoderm
GaseE751315	/Volumes/SumSung500/CSU/0_HiRES/data/hires/GSE223917_RAW/GSM7000192_GaseE751315.pairs.gz	E75	early mesoderm
GaseE751316	/Volumes/SumSung500/CSU/0_HiRES/data/hires/GSE223917_RAW/GSM7000193_GaseE751316.pairs.gz	E75	ExE endoderm
GaseE751317	/Volumes/SumSung500/CSU/0_HiRES/data/hires/GSE223917_RAW/GSM7000194_GaseE751317.pairs.gz	E75	neural ectoderm
GaseE751318	/Volumes/SumSung500/CSU/0_HiRES/data/hires/GSE223917_RAW/GSM7000195_GaseE751318.pairs.gz	E75	early mesoderm
GaseE751319	/Volumes/SumSung500/CSU/0_HiRES/data/hires/GSE223917_RAW/GSM7000196_GaseE751319.pairs.gz	E75	neural ectoderm
GaseE751320	/Volumes/SumSung500/CSU/0_HiRES/data/hires/GSE223917_RAW/GSM7000197_GaseE751320.pairs.gz	E75	ExE mesoderm
GaseE751321	/Volumes/SumSung500/CSU/0_HiRES/data/hires/GSE223917_RAW/GSM7000198_GaseE751321.pairs.gz	E75	ExE ectoderm
GaseE751324	/Volumes/SumSung500/CSU/0_HiRES/data/hires/GSE223917_RAW/GSM7000201_GaseE751324.pairs.gz	E75	neural ectoderm
GaseE751326	/Volumes/SumSung500/CSU/0_HiRES/data/hires/GSE223917_RAW/GSM7000203_GaseE751326.pairs.gz	E75	neural ectoderm
GaseE751327	/Volumes/SumSung500/CSU/0_HiRES/data/hires/GSE223917_RAW/GSM7000204_GaseE751327.pairs.gz	E75	neural ectoderm
GaseE751328	/Volumes/SumSung500/CSU/0_HiRES/data/hires/GSE223917_RAW/GSM7000205_GaseE751328.pairs.gz	E75	ExE endoderm
GaseE751329	/Volumes/SumSung500/CSU/0_HiRES/data/hires/GSE223917_RAW/GSM7000206_GaseE751329.pairs.gz	E75	neural ectoderm
GaseE751330	/Volumes/SumSung500/CSU/0_HiRES/data/hires/GSE223917_RAW/GSM7000207_GaseE751330.pairs.gz	E75	ExE ectoderm
GaseE751331	/Volumes/SumSung500/CSU/0_HiRES/data/hires/GSE223917_RAW/GSM7000208_GaseE751331.pairs.gz	E75	endoderm
GaseE751332	/Volumes/SumSung500/CSU/0_HiRES/data/hires/GSE223917_RAW/GSM7000209_GaseE751332.pairs.gz	E75	ExE mesoderm
GaseE751334	/Volumes/SumSung500/CSU/0_HiRES/data/hires/GSE223917_RAW/GSM7000211_GaseE751334.pairs.gz	E75	endoderm
GaseE751335	/Volumes/SumSung500/CSU/0_HiRES/data/hires/GSE223917_RAW/GSM7000212_GaseE751335.pairs.gz	E75	neural ectoderm
GaseE751336	/Volumes/SumSung500/CSU/0_HiRES/data/hires/GSE223917_RAW/GSM7000213_GaseE751336.pairs.gz	E75	epithelial cells
GaseE751337	/Volumes/SumSung500/CSU/0_HiRES/data/hires/GSE223917_RAW/GSM7000214_GaseE751337.pairs.gz	E75	neural ectoderm
GaseE751340	/Volumes/SumSung500/CSU/0_HiRES/data/hires/GSE223917_RAW/GSM7000216_GaseE751340.pairs.gz	E75	early mesoderm
GaseE751341	/Volumes/SumSung500/CSU/0_HiRES/data/hires/GSE223917_RAW/GSM7000217_GaseE751341.pairs.gz	E75	ExE ectoderm
GaseE751343	/Volumes/SumSung500/CSU/0_HiRES/data/hires/GSE223917_RAW/GSM7000219_GaseE751343.pairs.gz	E75	blood
GaseE751344	/Volumes/SumSung500/CSU/0_HiRES/data/hires/GSE223917_RAW/GSM7000220_GaseE751344.pairs.gz	E75	mitosis
GaseE751350	/Volumes/SumSung500/CSU/0_HiRES/data/hires/GSE223917_RAW/GSM7000226_GaseE751350.pairs.gz	E75	mitosis
GaseE751351	/Volumes/SumSung500/CSU/0_HiRES/data/hires/GSE223917_RAW/GSM7000227_GaseE751351.pairs.gz	E75	ExE ectoderm
GaseE751352	/Volumes/SumSung500/CSU/0_HiRES/data/hires/GSE223917_RAW/GSM7000228_GaseE751352.pairs.gz	E75	ExE ectoderm
GaseE751353	/Volumes/SumSung500/CSU/0_HiRES/data/hires/GSE223917_RAW/GSM7000229_GaseE751353.pairs.gz	E75	neural ectoderm
GaseE751354	/Volumes/SumSung500/CSU/0_HiRES/data/hires/GSE223917_RAW/GSM7000230_GaseE751354.pairs.gz	E75	blood
GaseE751355	/Volumes/SumSung500/CSU/0_HiRES/data/hires/GSE223917_RAW/GSM7000231_GaseE751355.pairs.gz	E75	early mesoderm
GaseE751357	/Volumes/SumSung500/CSU/0_HiRES/data/hires/GSE223917_RAW/GSM7000232_GaseE751357.pairs.gz	E75	early mesoderm
GaseE751360	/Volumes/SumSung500/CSU/0_HiRES/data/hires/GSE223917_RAW/GSM7000235_GaseE751360.pairs.gz	E75	early mesoderm
GaseE751363	/Volumes/SumSung500/CSU/0_HiRES/data/hires/GSE223917_RAW/GSM7000238_GaseE751363.pairs.gz	E75	neural ectoderm
GaseE751367	/Volumes/SumSung500/CSU/0_HiRES/data/hires/GSE223917_RAW/GSM7000241_GaseE751367.pairs.gz	E75	ExE ectoderm
GaseE751368	/Volumes/SumSung500/CSU/0_HiRES/data/hires/GSE223917_RAW/GSM7000242_GaseE751368.pairs.gz	E75	ExE ectoderm
GaseE751369	/Volumes/SumSung500/CSU/0_HiRES/data/hires/GSE223917_RAW/GSM7000243_GaseE751369.pairs.gz	E75	mitosis
GaseE751370	/Volumes/SumSung500/CSU/0_HiRES/data/hires/GSE223917_RAW/GSM7000244_GaseE751370.pairs.gz	E75	ExE endoderm
GaseE751372	/Volumes/SumSung500/CSU/0_HiRES/data/hires/GSE223917_RAW/GSM7000246_GaseE751372.pairs.gz	E75	neural ectoderm
GaseE751373	/Volumes/SumSung500/CSU/0_HiRES/data/hires/GSE223917_RAW/GSM7000247_GaseE751373.pairs.gz	E75	endoderm
GaseE751374	/Volumes/SumSung500/CSU/0_HiRES/data/hires/GSE223917_RAW/GSM7000248_GaseE751374.pairs.gz	E75	ExE mesoderm
GaseE751375	/Volumes/SumSung500/CSU/0_HiRES/data/hires/GSE223917_RAW/GSM7000249_GaseE751375.pairs.gz	E75	ExE endoderm
GaseE751376	/Volumes/SumSung500/CSU/0_HiRES/data/hires/GSE223917_RAW/GSM7000250_GaseE751376.pairs.gz	E75	mitosis
GaseE751381	/Volumes/SumSung500/CSU/0_HiRES/data/hires/GSE223917_RAW/GSM7000253_GaseE751381.pairs.gz	E75	ExE ectoderm
GaseE751382	/Volumes/SumSung500/CSU/0_HiRES/data/hires/GSE223917_RAW/GSM7000254_GaseE751382.pairs.gz	E75	ExE endoderm
GaseE752001	/Volumes/SumSung500/CSU/0_HiRES/data/hires/GSE223917_RAW/GSM7000257_GaseE752001.pairs.gz	E75	blood
GaseE752002	/Volumes/SumSung500/CSU/0_HiRES/data/hires/GSE223917_RAW/GSM7000258_GaseE752002.pairs.gz	E75	ExE endoderm
GaseE752004	/Volumes/SumSung500/CSU/0_HiRES/data/hires/GSE223917_RAW/GSM7000260_GaseE752004.pairs.gz	E75	ExE endoderm
GaseE752009	/Volumes/SumSung500/CSU/0_HiRES/data/hires/GSE223917_RAW/GSM7000263_GaseE752009.pairs.gz	E75	neural ectoderm
GaseE752011	/Volumes/SumSung500/CSU/0_HiRES/data/hires/GSE223917_RAW/GSM7000265_GaseE752011.pairs.gz	E75	ExE mesoderm
GaseE752012	/Volumes/SumSung500/CSU/0_HiRES/data/hires/GSE223917_RAW/GSM7000266_GaseE752012.pairs.gz	E75	neural ectoderm
GaseE752013	/Volumes/SumSung500/CSU/0_HiRES/data/hires/GSE223917_RAW/GSM7000267_GaseE752013.pairs.gz	E75	early mesoderm
GaseE752014	/Volumes/SumSung500/CSU/0_HiRES/data/hires/GSE223917_RAW/GSM7000268_GaseE752014.pairs.gz	E75	ExE ectoderm
GaseE752015	/Volumes/SumSung500/CSU/0_HiRES/data/hires/GSE223917_RAW/GSM7000269_GaseE752015.pairs.gz	E75	neural ectoderm
GaseE752017	/Volumes/SumSung500/CSU/0_HiRES/data/hires/GSE223917_RAW/GSM7000270_GaseE752017.pairs.gz	E75	early mesoderm
GaseE752018	/Volumes/SumSung500/CSU/0_HiRES/data/hires/GSE223917_RAW/GSM7000271_GaseE752018.pairs.gz	E75	ExE mesoderm
GaseE752019	/Volumes/SumSung500/CSU/0_HiRES/data/hires/GSE223917_RAW/GSM7000272_GaseE752019.pairs.gz	E75	ExE ectoderm
GaseE752020	/Volumes/SumSung500/CSU/0_HiRES/data/hires/GSE223917_RAW/GSM7000273_GaseE752020.pairs.gz	E75	ExE ectoderm
GaseE752021	/Volumes/SumSung500/CSU/0_HiRES/data/hires/GSE223917_RAW/GSM7000274_GaseE752021.pairs.gz	E75	ExE ectoderm
GaseE752025	/Volumes/SumSung500/CSU/0_HiRES/data/hires/GSE223917_RAW/GSM7000275_GaseE752025.pairs.gz	E75	mitosis
GaseE752026	/Volumes/SumSung500/CSU/0_HiRES/data/hires/GSE223917_RAW/GSM7000276_GaseE752026.pairs.gz	E75	ExE endoderm
GaseE752027	/Volumes/SumSung500/CSU/0_HiRES/data/hires/GSE223917_RAW/GSM7000277_GaseE752027.pairs.gz	E75	early mesenchyme
GaseE752028	/Volumes/SumSung500/CSU/0_HiRES/data/hires/GSE223917_RAW/GSM7000278_GaseE752028.pairs.gz	E75	ExE endoderm
GaseE752029	/Volumes/SumSung500/CSU/0_HiRES/data/hires/GSE223917_RAW/GSM7000279_GaseE752029.pairs.gz	E75	mitosis
GaseE752033	/Volumes/SumSung500/CSU/0_HiRES/data/hires/GSE223917_RAW/GSM7000282_GaseE752033.pairs.gz	E75	neural ectoderm
GaseE752034	/Volumes/SumSung500/CSU/0_HiRES/data/hires/GSE223917_RAW/GSM7000283_GaseE752034.pairs.gz	E75	neural ectoderm
GaseE752035	/Volumes/SumSung500/CSU/0_HiRES/data/hires/GSE223917_RAW/GSM7000284_GaseE752035.pairs.gz	E75	mitosis
GaseE752039	/Volumes/SumSung500/CSU/0_HiRES/data/hires/GSE223917_RAW/GSM7000288_GaseE752039.pairs.gz	E75	ExE ectoderm
GaseE752040	/Volumes/SumSung500/CSU/0_HiRES/data/hires/GSE223917_RAW/GSM7000289_GaseE752040.pairs.gz	E75	ExE ectoderm
GaseE752045	/Volumes/SumSung500/CSU/0_HiRES/data/hires/GSE223917_RAW/GSM7000291_GaseE752045.pairs.gz	E75	neural ectoderm
GaseE752046	/Volumes/SumSung500/CSU/0_HiRES/data/hires/GSE223917_RAW/GSM7000292_GaseE752046.pairs.gz	E75	blood
GaseE752047	/Volumes/SumSung500/CSU/0_HiRES/data/hires/GSE223917_RAW/GSM7000293_GaseE752047.pairs.gz	E75	neural ectoderm
GaseE752049	/Volumes/SumSung500/CSU/0_HiRES/data/hires/GSE223917_RAW/GSM7000294_GaseE752049.pairs.gz	E75	ExE ectoderm
GaseE752050	/Volumes/SumSung500/CSU/0_HiRES/data/hires/GSE223917_RAW/GSM7000295_GaseE752050.pairs.gz	E75	early mesenchyme
GaseE752051	/Volumes/SumSung500/CSU/0_HiRES/data/hires/GSE223917_RAW/GSM7000296_GaseE752051.pairs.gz	E75	ExE ectoderm
GaseE752052	/Volumes/SumSung500/CSU/0_HiRES/data/hires/GSE223917_RAW/GSM7000297_GaseE752052.pairs.gz	E75	early mesoderm
GaseE752053	/Volumes/SumSung500/CSU/0_HiRES/data/hires/GSE223917_RAW/GSM7000298_GaseE752053.pairs.gz	E75	ExE mesoderm
GaseE752057	/Volumes/SumSung500/CSU/0_HiRES/data/hires/GSE223917_RAW/GSM7000302_GaseE752057.pairs.gz	E75	ExE mesoderm
GaseE752058	/Volumes/SumSung500/CSU/0_HiRES/data/hires/GSE223917_RAW/GSM7000303_GaseE752058.pairs.gz	E75	early mesoderm
GaseE752059	/Volumes/SumSung500/CSU/0_HiRES/data/hires/GSE223917_RAW/GSM7000304_GaseE752059.pairs.gz	E75	early mesoderm
GaseE752061	/Volumes/SumSung500/CSU/0_HiRES/data/hires/GSE223917_RAW/GSM7000306_GaseE752061.pairs.gz	E75	early mesoderm
GaseE752064	/Volumes/SumSung500/CSU/0_HiRES/data/hires/GSE223917_RAW/GSM7000307_GaseE752064.pairs.gz	E75	ExE endoderm
GaseE752069	/Volumes/SumSung500/CSU/0_HiRES/data/hires/GSE223917_RAW/GSM7000311_GaseE752069.pairs.gz	E75	ExE mesoderm
GaseE752070	/Volumes/SumSung500/CSU/0_HiRES/data/hires/GSE223917_RAW/GSM7000312_GaseE752070.pairs.gz	E75	mitosis
GaseE752071	/Volumes/SumSung500/CSU/0_HiRES/data/hires/GSE223917_RAW/GSM7000313_GaseE752071.pairs.gz	E75	early mesenchyme
GaseE752072	/Volumes/SumSung500/CSU/0_HiRES/data/hires/GSE223917_RAW/GSM7000314_GaseE752072.pairs.gz	E75	ExE ectoderm
GaseE752074	/Volumes/SumSung500/CSU/0_HiRES/data/hires/GSE223917_RAW/GSM7000316_GaseE752074.pairs.gz	E75	epithelial cells
GaseE752075	/Volumes/SumSung500/CSU/0_HiRES/data/hires/GSE223917_RAW/GSM7000317_GaseE752075.pairs.gz	E75	early mesoderm
GaseE752077	/Volumes/SumSung500/CSU/0_HiRES/data/hires/GSE223917_RAW/GSM7000319_GaseE752077.pairs.gz	E75	mitosis
GaseE752078	/Volumes/SumSung500/CSU/0_HiRES/data/hires/GSE223917_RAW/GSM7000320_GaseE752078.pairs.gz	E75	ExE endoderm
GaseE752082	/Volumes/SumSung500/CSU/0_HiRES/data/hires/GSE223917_RAW/GSM7000321_GaseE752082.pairs.gz	E75	ExE mesoderm
GaseE752083	/Volumes/SumSung500/CSU/0_HiRES/data/hires/GSE223917_RAW/GSM7000322_GaseE752083.pairs.gz	E75	neural ectoderm
GaseE752084	/Volumes/SumSung500/CSU/0_HiRES/data/hires/GSE223917_RAW/GSM7000323_GaseE752084.pairs.gz	E75	neural ectoderm
GaseE752085	/Volumes/SumSung500/CSU/0_HiRES/data/hires/GSE223917_RAW/GSM7000324_GaseE752085.pairs.gz	E75	ExE endoderm
GaseE752088	/Volumes/SumSung500/CSU/0_HiRES/data/hires/GSE223917_RAW/GSM7000326_GaseE752088.pairs.gz	E75	ExE ectoderm
GaseE752090	/Volumes/SumSung500/CSU/0_HiRES/data/hires/GSE223917_RAW/GSM7000327_GaseE752090.pairs.gz	E75	early mesoderm
GaseE752093	/Volumes/SumSung500/CSU/0_HiRES/data/hires/GSE223917_RAW/GSM7000330_GaseE752093.pairs.gz	E75	mitosis
GaseE752094	/Volumes/SumSung500/CSU/0_HiRES/data/hires/GSE223917_RAW/GSM7000331_GaseE752094.pairs.gz	E75	ExE mesoderm
GaseE752097	/Volumes/SumSung500/CSU/0_HiRES/data/hires/GSE223917_RAW/GSM7000332_GaseE752097.pairs.gz	E75	ExE ectoderm
GaseE752099	/Volumes/SumSung500/CSU/0_HiRES/data/hires/GSE223917_RAW/GSM7000334_GaseE752099.pairs.gz	E75	neural ectoderm
GaseE752100	/Volumes/SumSung500/CSU/0_HiRES/data/hires/GSE223917_RAW/GSM7000335_GaseE752100.pairs.gz	E75	ExE mesoderm
GaseE752102	/Volumes/SumSung500/CSU/0_HiRES/data/hires/GSE223917_RAW/GSM7000337_GaseE752102.pairs.gz	E75	ExE endoderm
GaseE752104	/Volumes/SumSung500/CSU/0_HiRES/data/hires/GSE223917_RAW/GSM7000339_GaseE752104.pairs.gz	E75	early mesenchyme
GaseE752106	/Volumes/SumSung500/CSU/0_HiRES/data/hires/GSE223917_RAW/GSM7000341_GaseE752106.pairs.gz	E75	neural ectoderm
GaseE752107	/Volumes/SumSung500/CSU/0_HiRES/data/hires/GSE223917_RAW/GSM7000342_GaseE752107.pairs.gz	E75	early mesoderm
GaseE752108	/Volumes/SumSung500/CSU/0_HiRES/data/hires/GSE223917_RAW/GSM7000343_GaseE752108.pairs.gz	E75	neural ectoderm
GaseE752112	/Volumes/SumSung500/CSU/0_HiRES/data/hires/GSE223917_RAW/GSM7000346_GaseE752112.pairs.gz	E75	ExE mesoderm
GaseE752113	/Volumes/SumSung500/CSU/0_HiRES/data/hires/GSE223917_RAW/GSM7000347_GaseE752113.pairs.gz	E75	ExE mesoderm
GaseE752114	/Volumes/SumSung500/CSU/0_HiRES/data/hires/GSE223917_RAW/GSM7000348_GaseE752114.pairs.gz	E75	ExE endoderm
GaseE752115	/Volumes/SumSung500/CSU/0_HiRES/data/hires/GSE223917_RAW/GSM7000349_GaseE752115.pairs.gz	E75	neural ectoderm
GaseE752117	/Volumes/SumSung500/CSU/0_HiRES/data/hires/GSE223917_RAW/GSM7000350_GaseE752117.pairs.gz	E75	ExE mesoderm
GaseE752119	/Volumes/SumSung500/CSU/0_HiRES/data/hires/GSE223917_RAW/GSM7000352_GaseE752119.pairs.gz	E75	endoderm
GaseE752120	/Volumes/SumSung500/CSU/0_HiRES/data/hires/GSE223917_RAW/GSM7000353_GaseE752120.pairs.gz	E75	early mesoderm
GaseE752121	/Volumes/SumSung500/CSU/0_HiRES/data/hires/GSE223917_RAW/GSM7000354_GaseE752121.pairs.gz	E75	neural ectoderm
GaseE752122	/Volumes/SumSung500/CSU/0_HiRES/data/hires/GSE223917_RAW/GSM7000355_GaseE752122.pairs.gz	E75	ExE ectoderm
GaseE752124	/Volumes/SumSung500/CSU/0_HiRES/data/hires/GSE223917_RAW/GSM7000357_GaseE752124.pairs.gz	E75	ExE ectoderm
GaseE752126	/Volumes/SumSung500/CSU/0_HiRES/data/hires/GSE223917_RAW/GSM7000359_GaseE752126.pairs.gz	E75	ExE ectoderm
GaseE752128	/Volumes/SumSung500/CSU/0_HiRES/data/hires/GSE223917_RAW/GSM7000361_GaseE752128.pairs.gz	E75	neural ectoderm
GaseE752129	/Volumes/SumSung500/CSU/0_HiRES/data/hires/GSE223917_RAW/GSM7000362_GaseE752129.pairs.gz	E75	neural ectoderm
GaseE752131	/Volumes/SumSung500/CSU/0_HiRES/data/hires/GSE223917_RAW/GSM7000364_GaseE752131.pairs.gz	E75	neural ectoderm
GaseE752132	/Volumes/SumSung500/CSU/0_HiRES/data/hires/GSE223917_RAW/GSM7000365_GaseE752132.pairs.gz	E75	neural ectoderm
GaseE752135	/Volumes/SumSung500/CSU/0_HiRES/data/hires/GSE223917_RAW/GSM7000367_GaseE752135.pairs.gz	E75	early mesoderm
GaseE752136	/Volumes/SumSung500/CSU/0_HiRES/data/hires/GSE223917_RAW/GSM7000368_GaseE752136.pairs.gz	E75	early mesenchyme
GaseE752138	/Volumes/SumSung500/CSU/0_HiRES/data/hires/GSE223917_RAW/GSM7000370_GaseE752138.pairs.gz	E75	ExE endoderm
GaseE752143	/Volumes/SumSung500/CSU/0_HiRES/data/hires/GSE223917_RAW/GSM7000374_GaseE752143.pairs.gz	E75	neural ectoderm
GaseE752145	/Volumes/SumSung500/CSU/0_HiRES/data/hires/GSE223917_RAW/GSM7000376_GaseE752145.pairs.gz	E75	epithelial cells
GaseE752149	/Volumes/SumSung500/CSU/0_HiRES/data/hires/GSE223917_RAW/GSM7000380_GaseE752149.pairs.gz	E75	ExE endoderm
GaseE752150	/Volumes/SumSung500/CSU/0_HiRES/data/hires/GSE223917_RAW/GSM7000381_GaseE752150.pairs.gz	E75	epithelial cells
GaseE752153	/Volumes/SumSung500/CSU/0_HiRES/data/hires/GSE223917_RAW/GSM7000384_GaseE752153.pairs.gz	E75	neural ectoderm
GaseE752156	/Volumes/SumSung500/CSU/0_HiRES/data/hires/GSE223917_RAW/GSM7000387_GaseE752156.pairs.gz	E75	neural ectoderm
GaseE752157	/Volumes/SumSung500/CSU/0_HiRES/data/hires/GSE223917_RAW/GSM7000388_GaseE752157.pairs.gz	E75	early mesenchyme
GaseE752159	/Volumes/SumSung500/CSU/0_HiRES/data/hires/GSE223917_RAW/GSM7000390_GaseE752159.pairs.gz	E75	neural ectoderm
GaseE752161	/Volumes/SumSung500/CSU/0_HiRES/data/hires/GSE223917_RAW/GSM7000392_GaseE752161.pairs.gz	E75	neural ectoderm
GaseE752163	/Volumes/SumSung500/CSU/0_HiRES/data/hires/GSE223917_RAW/GSM7000394_GaseE752163.pairs.gz	E75	neural ectoderm
GaseE752164	/Volumes/SumSung500/CSU/0_HiRES/data/hires/GSE223917_RAW/GSM7000395_GaseE752164.pairs.gz	E75	mitosis
GaseE752165	/Volumes/SumSung500/CSU/0_HiRES/data/hires/GSE223917_RAW/GSM7000396_GaseE752165.pairs.gz	E75	neural ectoderm
GaseE752166	/Volumes/SumSung500/CSU/0_HiRES/data/hires/GSE223917_RAW/GSM7000397_GaseE752166.pairs.gz	E75	mitosis
GaseE752168	/Volumes/SumSung500/CSU/0_HiRES/data/hires/GSE223917_RAW/GSM7000399_GaseE752168.pairs.gz	E75	ExE mesoderm
GaseE752169	/Volumes/SumSung500/CSU/0_HiRES/data/hires/GSE223917_RAW/GSM7000400_GaseE752169.pairs.gz	E75	neural ectoderm
GaseE752170	/Volumes/SumSung500/CSU/0_HiRES/data/hires/GSE223917_RAW/GSM7000401_GaseE752170.pairs.gz	E75	endoderm
GaseE752171	/Volumes/SumSung500/CSU/0_HiRES/data/hires/GSE223917_RAW/GSM7000402_GaseE752171.pairs.gz	E75	neural ectoderm
GaseE752173	/Volumes/SumSung500/CSU/0_HiRES/data/hires/GSE223917_RAW/GSM7000404_GaseE752173.pairs.gz	E75	early mesenchyme
GaseE752174	/Volumes/SumSung500/CSU/0_HiRES/data/hires/GSE223917_RAW/GSM7000405_GaseE752174.pairs.gz	E75	early mesoderm
GaseE752175	/Volumes/SumSung500/CSU/0_HiRES/data/hires/GSE223917_RAW/GSM7000406_GaseE752175.pairs.gz	E75	mitosis
GaseE752176	/Volumes/SumSung500/CSU/0_HiRES/data/hires/GSE223917_RAW/GSM7000407_GaseE752176.pairs.gz	E75	early mesenchyme
GaseE752177	/Volumes/SumSung500/CSU/0_HiRES/data/hires/GSE223917_RAW/GSM7000408_GaseE752177.pairs.gz	E75	blood
GaseE752178	/Volumes/SumSung500/CSU/0_HiRES/data/hires/GSE223917_RAW/GSM7000409_GaseE752178.pairs.gz	E75	blood
GaseE752180	/Volumes/SumSung500/CSU/0_HiRES/data/hires/GSE223917_RAW/GSM7000411_GaseE752180.pairs.gz	E75	early mesenchyme
GaseE752182	/Volumes/SumSung500/CSU/0_HiRES/data/hires/GSE223917_RAW/GSM7000413_GaseE752182.pairs.gz	E75	neural ectoderm
GaseE752184	/Volumes/SumSung500/CSU/0_HiRES/data/hires/GSE223917_RAW/GSM7000415_GaseE752184.pairs.gz	E75	ExE mesoderm
GaseE752186	/Volumes/SumSung500/CSU/0_HiRES/data/hires/GSE223917_RAW/GSM7000417_GaseE752186.pairs.gz	E75	early mesoderm
GaseE752189	/Volumes/SumSung500/CSU/0_HiRES/data/hires/GSE223917_RAW/GSM7000420_GaseE752189.pairs.gz	E75	mitosis
GaseE752190	/Volumes/SumSung500/CSU/0_HiRES/data/hires/GSE223917_RAW/GSM7000421_GaseE752190.pairs.gz	E75	early mesoderm
GaseE752191	/Volumes/SumSung500/CSU/0_HiRES/data/hires/GSE223917_RAW/GSM7000422_GaseE752191.pairs.gz	E75	ExE endoderm
GaseE752193	/Volumes/SumSung500/CSU/0_HiRES/data/hires/GSE223917_RAW/GSM7000424_GaseE752193.pairs.gz	E75	blood
GaseE752194	/Volumes/SumSung500/CSU/0_HiRES/data/hires/GSE223917_RAW/GSM7000425_GaseE752194.pairs.gz	E75	early mesoderm
GaseE752196	/Volumes/SumSung500/CSU/0_HiRES/data/hires/GSE223917_RAW/GSM7000427_GaseE752196.pairs.gz	E75	early mesenchyme
GaseE752198	/Volumes/SumSung500/CSU/0_HiRES/data/hires/GSE223917_RAW/GSM7000429_GaseE752198.pairs.gz	E75	early mesenchyme
GaseE752199	/Volumes/SumSung500/CSU/0_HiRES/data/hires/GSE223917_RAW/GSM7000430_GaseE752199.pairs.gz	E75	ExE mesoderm
GaseE752200	/Volumes/SumSung500/CSU/0_HiRES/data/hires/GSE223917_RAW/GSM7000431_GaseE752200.pairs.gz	E75	early mesoderm
GaseE752201	/Volumes/SumSung500/CSU/0_HiRES/data/hires/GSE223917_RAW/GSM7000432_GaseE752201.pairs.gz	E75	mitosis
GaseE752202	/Volumes/SumSung500/CSU/0_HiRES/data/hires/GSE223917_RAW/GSM7000433_GaseE752202.pairs.gz	E75	neural ectoderm
GaseE752203	/Volumes/SumSung500/CSU/0_HiRES/data/hires/GSE223917_RAW/GSM7000434_GaseE752203.pairs.gz	E75	ExE ectoderm
GaseE752204	/Volumes/SumSung500/CSU/0_HiRES/data/hires/GSE223917_RAW/GSM7000435_GaseE752204.pairs.gz	E75	neural ectoderm
GaseE752205	/Volumes/SumSung500/CSU/0_HiRES/data/hires/GSE223917_RAW/GSM7000436_GaseE752205.pairs.gz	E75	neural ectoderm
GaseE752206	/Volumes/SumSung500/CSU/0_HiRES/data/hires/GSE223917_RAW/GSM7000437_GaseE752206.pairs.gz	E75	early mesoderm
GaseE752207	/Volumes/SumSung500/CSU/0_HiRES/data/hires/GSE223917_RAW/GSM7000438_GaseE752207.pairs.gz	E75	ExE mesoderm
GaseE752208	/Volumes/SumSung500/CSU/0_HiRES/data/hires/GSE223917_RAW/GSM7000439_GaseE752208.pairs.gz	E75	neural ectoderm
GaseE752209	/Volumes/SumSung500/CSU/0_HiRES/data/hires/GSE223917_RAW/GSM7000440_GaseE752209.pairs.gz	E75	early mesoderm
GaseE752210	/Volumes/SumSung500/CSU/0_HiRES/data/hires/GSE223917_RAW/GSM7000441_GaseE752210.pairs.gz	E75	early mesenchyme
GaseE752211	/Volumes/SumSung500/CSU/0_HiRES/data/hires/GSE223917_RAW/GSM7000442_GaseE752211.pairs.gz	E75	ExE endoderm
GaseE752212	/Volumes/SumSung500/CSU/0_HiRES/data/hires/GSE223917_RAW/GSM7000443_GaseE752212.pairs.gz	E75	ExE mesoderm
GaseE752213	/Volumes/SumSung500/CSU/0_HiRES/data/hires/GSE223917_RAW/GSM7000444_GaseE752213.pairs.gz	E75	early mesenchyme
GaseE752214	/Volumes/SumSung500/CSU/0_HiRES/data/hires/GSE223917_RAW/GSM7000445_GaseE752214.pairs.gz	E75	neural ectoderm
GaseE752215	/Volumes/SumSung500/CSU/0_HiRES/data/hires/GSE223917_RAW/GSM7000446_GaseE752215.pairs.gz	E75	neural ectoderm
GaseE752216	/Volumes/SumSung500/CSU/0_HiRES/data/hires/GSE223917_RAW/GSM7000447_GaseE752216.pairs.gz	E75	ExE endoderm
GaseE752217	/Volumes/SumSung500/CSU/0_HiRES/data/hires/GSE223917_RAW/GSM7000448_GaseE752217.pairs.gz	E75	ExE mesoderm
GaseE752219	/Volumes/SumSung500/CSU/0_HiRES/data/hires/GSE223917_RAW/GSM7000450_GaseE752219.pairs.gz	E75	early mesoderm
GaseE752220	/Volumes/SumSung500/CSU/0_HiRES/data/hires/GSE223917_RAW/GSM7000451_GaseE752220.pairs.gz	E75	early mesoderm
GaseE752221	/Volumes/SumSung500/CSU/0_HiRES/data/hires/GSE223917_RAW/GSM7000452_GaseE752221.pairs.gz	E75	neural ectoderm
GaseE752223	/Volumes/SumSung500/CSU/0_HiRES/data/hires/GSE223917_RAW/GSM7000454_GaseE752223.pairs.gz	E75	early mesenchyme
GaseE752224	/Volumes/SumSung500/CSU/0_HiRES/data/hires/GSE223917_RAW/GSM7000455_GaseE752224.pairs.gz	E75	early mesenchyme
GaseE752225	/Volumes/SumSung500/CSU/0_HiRES/data/hires/GSE223917_RAW/GSM7000456_GaseE752225.pairs.gz	E75	early mesenchyme
GaseE752226	/Volumes/SumSung500/CSU/0_HiRES/data/hires/GSE223917_RAW/GSM7000457_GaseE752226.pairs.gz	E75	ExE endoderm
GaseE752228	/Volumes/SumSung500/CSU/0_HiRES/data/hires/GSE223917_RAW/GSM7000459_GaseE752228.pairs.gz	E75	mitosis
GaseE752229	/Volumes/SumSung500/CSU/0_HiRES/data/hires/GSE223917_RAW/GSM7000460_GaseE752229.pairs.gz	E75	endoderm
GaseE752230	/Volumes/SumSung500/CSU/0_HiRES/data/hires/GSE223917_RAW/GSM7000461_GaseE752230.pairs.gz	E75	neural ectoderm
GaseE752231	/Volumes/SumSung500/CSU/0_HiRES/data/hires/GSE223917_RAW/GSM7000462_GaseE752231.pairs.gz	E75	early mesoderm
GaseE752232	/Volumes/SumSung500/CSU/0_HiRES/data/hires/GSE223917_RAW/GSM7000463_GaseE752232.pairs.gz	E75	early mesenchyme
GaseE752233	/Volumes/SumSung500/CSU/0_HiRES/data/hires/GSE223917_RAW/GSM7000464_GaseE752233.pairs.gz	E75	ExE endoderm
GaseE752234	/Volumes/SumSung500/CSU/0_HiRES/data/hires/GSE223917_RAW/GSM7000465_GaseE752234.pairs.gz	E75	early mesenchyme
GaseE752236	/Volumes/SumSung500/CSU/0_HiRES/data/hires/GSE223917_RAW/GSM7000467_GaseE752236.pairs.gz	E75	neural ectoderm
GaseE752237	/Volumes/SumSung500/CSU/0_HiRES/data/hires/GSE223917_RAW/GSM7000468_GaseE752237.pairs.gz	E75	ExE ectoderm
GaseE752238	/Volumes/SumSung500/CSU/0_HiRES/data/hires/GSE223917_RAW/GSM7000469_GaseE752238.pairs.gz	E75	ExE endoderm
GaseE752239	/Volumes/SumSung500/CSU/0_HiRES/data/hires/GSE223917_RAW/GSM7000470_GaseE752239.pairs.gz	E75	neural ectoderm
GaseE752242	/Volumes/SumSung500/CSU/0_HiRES/data/hires/GSE223917_RAW/GSM7000472_GaseE752242.pairs.gz	E75	ExE ectoderm
GaseE752244	/Volumes/SumSung500/CSU/0_HiRES/data/hires/GSE223917_RAW/GSM7000473_GaseE752244.pairs.gz	E75	neural ectoderm
GaseE752247	/Volumes/SumSung500/CSU/0_HiRES/data/hires/GSE223917_RAW/GSM7000476_GaseE752247.pairs.gz	E75	early mesenchyme
GaseE752248	/Volumes/SumSung500/CSU/0_HiRES/data/hires/GSE223917_RAW/GSM7000477_GaseE752248.pairs.gz	E75	ExE ectoderm
GaseE752251	/Volumes/SumSung500/CSU/0_HiRES/data/hires/GSE223917_RAW/GSM7000479_GaseE752251.pairs.gz	E75	neural ectoderm
GaseE752253	/Volumes/SumSung500/CSU/0_HiRES/data/hires/GSE223917_RAW/GSM7000481_GaseE752253.pairs.gz	E75	early mesoderm
GaseE752256	/Volumes/SumSung500/CSU/0_HiRES/data/hires/GSE223917_RAW/GSM7000484_GaseE752256.pairs.gz	E75	early mesoderm
GaseE752259	/Volumes/SumSung500/CSU/0_HiRES/data/hires/GSE223917_RAW/GSM7000486_GaseE752259.pairs.gz	E75	ExE endoderm
GaseE752261	/Volumes/SumSung500/CSU/0_HiRES/data/hires/GSE223917_RAW/GSM7000488_GaseE752261.pairs.gz	E75	neural ectoderm
GaseE752266	/Volumes/SumSung500/CSU/0_HiRES/data/hires/GSE223917_RAW/GSM7000491_GaseE752266.pairs.gz	E75	neural ectoderm
GaseE752267	/Volumes/SumSung500/CSU/0_HiRES/data/hires/GSE223917_RAW/GSM7000492_GaseE752267.pairs.gz	E75	ExE ectoderm
GaseE752268	/Volumes/SumSung500/CSU/0_HiRES/data/hires/GSE223917_RAW/GSM7000493_GaseE752268.pairs.gz	E75	ExE endoderm
GaseE752269	/Volumes/SumSung500/CSU/0_HiRES/data/hires/GSE223917_RAW/GSM7000494_GaseE752269.pairs.gz	E75	early mesoderm
GaseE752271	/Volumes/SumSung500/CSU/0_HiRES/data/hires/GSE223917_RAW/GSM7000496_GaseE752271.pairs.gz	E75	blood
GaseE752272	/Volumes/SumSung500/CSU/0_HiRES/data/hires/GSE223917_RAW/GSM7000497_GaseE752272.pairs.gz	E75	early mesenchyme
GaseE752274	/Volumes/SumSung500/CSU/0_HiRES/data/hires/GSE223917_RAW/GSM7000499_GaseE752274.pairs.gz	E75	neural ectoderm
GaseE752275	/Volumes/SumSung500/CSU/0_HiRES/data/hires/GSE223917_RAW/GSM7000500_GaseE752275.pairs.gz	E75	early mesoderm
GaseE752276	/Volumes/SumSung500/CSU/0_HiRES/data/hires/GSE223917_RAW/GSM7000501_GaseE752276.pairs.gz	E75	blood
GaseE752277	/Volumes/SumSung500/CSU/0_HiRES/data/hires/GSE223917_RAW/GSM7000502_GaseE752277.pairs.gz	E75	early mesoderm
GaseE752278	/Volumes/SumSung500/CSU/0_HiRES/data/hires/GSE223917_RAW/GSM7000503_GaseE752278.pairs.gz	E75	early mesoderm
GaseE752283	/Volumes/SumSung500/CSU/0_HiRES/data/hires/GSE223917_RAW/GSM7000508_GaseE752283.pairs.gz	E75	endoderm
GaseE752284	/Volumes/SumSung500/CSU/0_HiRES/data/hires/GSE223917_RAW/GSM7000509_GaseE752284.pairs.gz	E75	neural ectoderm
GaseE752287	/Volumes/SumSung500/CSU/0_HiRES/data/hires/GSE223917_RAW/GSM7000510_GaseE752287.pairs.gz	E75	early mesoderm
GaseE752290	/Volumes/SumSung500/CSU/0_HiRES/data/hires/GSE223917_RAW/GSM7000513_GaseE752290.pairs.gz	E75	neural ectoderm
GaseE752291	/Volumes/SumSung500/CSU/0_HiRES/data/hires/GSE223917_RAW/GSM7000514_GaseE752291.pairs.gz	E75	neural ectoderm
GaseE752293	/Volumes/SumSung500/CSU/0_HiRES/data/hires/GSE223917_RAW/GSM7000516_GaseE752293.pairs.gz	E75	ExE endoderm
GaseE752294	/Volumes/SumSung500/CSU/0_HiRES/data/hires/GSE223917_RAW/GSM7000517_GaseE752294.pairs.gz	E75	epithelial cells
GaseE752295	/Volumes/SumSung500/CSU/0_HiRES/data/hires/GSE223917_RAW/GSM7000518_GaseE752295.pairs.gz	E75	ExE endoderm
GaseE752296	/Volumes/SumSung500/CSU/0_HiRES/data/hires/GSE223917_RAW/GSM7000519_GaseE752296.pairs.gz	E75	early mesoderm
GaseE752299	/Volumes/SumSung500/CSU/0_HiRES/data/hires/GSE223917_RAW/GSM7000522_GaseE752299.pairs.gz	E75	early mesenchyme
GaseE752300	/Volumes/SumSung500/CSU/0_HiRES/data/hires/GSE223917_RAW/GSM7000523_GaseE752300.pairs.gz	E75	early mesenchyme
GaseE752301	/Volumes/SumSung500/CSU/0_HiRES/data/hires/GSE223917_RAW/GSM7000524_GaseE752301.pairs.gz	E75	ExE endoderm
GaseE752302	/Volumes/SumSung500/CSU/0_HiRES/data/hires/GSE223917_RAW/GSM7000525_GaseE752302.pairs.gz	E75	neural ectoderm
GaseE752304	/Volumes/SumSung500/CSU/0_HiRES/data/hires/GSE223917_RAW/GSM7000527_GaseE752304.pairs.gz	E75	neural ectoderm
GaseE752306	/Volumes/SumSung500/CSU/0_HiRES/data/hires/GSE223917_RAW/GSM7000529_GaseE752306.pairs.gz	E75	ExE ectoderm
GaseE752311	/Volumes/SumSung500/CSU/0_HiRES/data/hires/GSE223917_RAW/GSM7000534_GaseE752311.pairs.gz	E75	neural ectoderm
GaseE752312	/Volumes/SumSung500/CSU/0_HiRES/data/hires/GSE223917_RAW/GSM7000535_GaseE752312.pairs.gz	E75	mitosis
GaseE752313	/Volumes/SumSung500/CSU/0_HiRES/data/hires/GSE223917_RAW/GSM7000536_GaseE752313.pairs.gz	E75	ExE endoderm
GaseE752314	/Volumes/SumSung500/CSU/0_HiRES/data/hires/GSE223917_RAW/GSM7000537_GaseE752314.pairs.gz	E75	early mesoderm
GaseE752315	/Volumes/SumSung500/CSU/0_HiRES/data/hires/GSE223917_RAW/GSM7000538_GaseE752315.pairs.gz	E75	ExE ectoderm
GaseE752316	/Volumes/SumSung500/CSU/0_HiRES/data/hires/GSE223917_RAW/GSM7000539_GaseE752316.pairs.gz	E75	early mesoderm
GaseE752318	/Volumes/SumSung500/CSU/0_HiRES/data/hires/GSE223917_RAW/GSM7000541_GaseE752318.pairs.gz	E75	ExE mesoderm
GaseE752319	/Volumes/SumSung500/CSU/0_HiRES/data/hires/GSE223917_RAW/GSM7000542_GaseE752319.pairs.gz	E75	mitosis
GaseE752320	/Volumes/SumSung500/CSU/0_HiRES/data/hires/GSE223917_RAW/GSM7000543_GaseE752320.pairs.gz	E75	ExE endoderm
GaseE752321	/Volumes/SumSung500/CSU/0_HiRES/data/hires/GSE223917_RAW/GSM7000544_GaseE752321.pairs.gz	E75	ExE endoderm
GaseE752322	/Volumes/SumSung500/CSU/0_HiRES/data/hires/GSE223917_RAW/GSM7000545_GaseE752322.pairs.gz	E75	mitosis
GaseE752323	/Volumes/SumSung500/CSU/0_HiRES/data/hires/GSE223917_RAW/GSM7000546_GaseE752323.pairs.gz	E75	blood
GaseE752324	/Volumes/SumSung500/CSU/0_HiRES/data/hires/GSE223917_RAW/GSM7000547_GaseE752324.pairs.gz	E75	early mesoderm
GaseE752326	/Volumes/SumSung500/CSU/0_HiRES/data/hires/GSE223917_RAW/GSM7000549_GaseE752326.pairs.gz	E75	blood
GaseE752327	/Volumes/SumSung500/CSU/0_HiRES/data/hires/GSE223917_RAW/GSM7000550_GaseE752327.pairs.gz	E75	epithelial cells
GaseE752328	/Volumes/SumSung500/CSU/0_HiRES/data/hires/GSE223917_RAW/GSM7000551_GaseE752328.pairs.gz	E75	neural ectoderm
GaseE752329	/Volumes/SumSung500/CSU/0_HiRES/data/hires/GSE223917_RAW/GSM7000552_GaseE752329.pairs.gz	E75	ExE endoderm
GaseE752330	/Volumes/SumSung500/CSU/0_HiRES/data/hires/GSE223917_RAW/GSM7000553_GaseE752330.pairs.gz	E75	ExE mesoderm
GaseE752331	/Volumes/SumSung500/CSU/0_HiRES/data/hires/GSE223917_RAW/GSM7000554_GaseE752331.pairs.gz	E75	early mesenchyme
GaseE752332	/Volumes/SumSung500/CSU/0_HiRES/data/hires/GSE223917_RAW/GSM7000555_GaseE752332.pairs.gz	E75	neural ectoderm
GaseE752333	/Volumes/SumSung500/CSU/0_HiRES/data/hires/GSE223917_RAW/GSM7000556_GaseE752333.pairs.gz	E75	mitosis
GaseE752336	/Volumes/SumSung500/CSU/0_HiRES/data/hires/GSE223917_RAW/GSM7000559_GaseE752336.pairs.gz	E75	ExE ectoderm
GaseE752337	/Volumes/SumSung500/CSU/0_HiRES/data/hires/GSE223917_RAW/GSM7000560_GaseE752337.pairs.gz	E75	neural ectoderm
GaseE752339	/Volumes/SumSung500/CSU/0_HiRES/data/hires/GSE223917_RAW/GSM7000562_GaseE752339.pairs.gz	E75	epithelial cells
GaseE752340	/Volumes/SumSung500/CSU/0_HiRES/data/hires/GSE223917_RAW/GSM7000563_GaseE752340.pairs.gz	E75	ExE ectoderm
GaseE752343	/Volumes/SumSung500/CSU/0_HiRES/data/hires/GSE223917_RAW/GSM7000566_GaseE752343.pairs.gz	E75	neural ectoderm
GaseE752347	/Volumes/SumSung500/CSU/0_HiRES/data/hires/GSE223917_RAW/GSM7000570_GaseE752347.pairs.gz	E75	early mesoderm
GaseE752348	/Volumes/SumSung500/CSU/0_HiRES/data/hires/GSE223917_RAW/GSM7000571_GaseE752348.pairs.gz	E75	neural ectoderm
GaseE752349	/Volumes/SumSung500/CSU/0_HiRES/data/hires/GSE223917_RAW/GSM7000572_GaseE752349.pairs.gz	E75	ExE mesoderm
GaseE752353	/Volumes/SumSung500/CSU/0_HiRES/data/hires/GSE223917_RAW/GSM7000576_GaseE752353.pairs.gz	E75	blood
GaseE752354	/Volumes/SumSung500/CSU/0_HiRES/data/hires/GSE223917_RAW/GSM7000577_GaseE752354.pairs.gz	E75	neural ectoderm
GaseE752355	/Volumes/SumSung500/CSU/0_HiRES/data/hires/GSE223917_RAW/GSM7000578_GaseE752355.pairs.gz	E75	ExE endoderm
GaseE752358	/Volumes/SumSung500/CSU/0_HiRES/data/hires/GSE223917_RAW/GSM7000581_GaseE752358.pairs.gz	E75	early mesenchyme
GaseE752360	/Volumes/SumSung500/CSU/0_HiRES/data/hires/GSE223917_RAW/GSM7000583_GaseE752360.pairs.gz	E75	neural ectoderm
GaseE752365	/Volumes/SumSung500/CSU/0_HiRES/data/hires/GSE223917_RAW/GSM7000588_GaseE752365.pairs.gz	E75	early mesoderm
GaseE752366	/Volumes/SumSung500/CSU/0_HiRES/data/hires/GSE223917_RAW/GSM7000589_GaseE752366.pairs.gz	E75	neural ectoderm
GaseE752367	/Volumes/SumSung500/CSU/0_HiRES/data/hires/GSE223917_RAW/GSM7000590_GaseE752367.pairs.gz	E75	epithelial cells
GaseE752368	/Volumes/SumSung500/CSU/0_HiRES/data/hires/GSE223917_RAW/GSM7000591_GaseE752368.pairs.gz	E75	ExE ectoderm
GaseE752369	/Volumes/SumSung500/CSU/0_HiRES/data/hires/GSE223917_RAW/GSM7000592_GaseE752369.pairs.gz	E75	ExE endoderm
GaseE752370	/Volumes/SumSung500/CSU/0_HiRES/data/hires/GSE223917_RAW/GSM7000593_GaseE752370.pairs.gz	E75	ExE ectoderm
GaseE752371	/Volumes/SumSung500/CSU/0_HiRES/data/hires/GSE223917_RAW/GSM7000594_GaseE752371.pairs.gz	E75	ExE endoderm
GaseE752372	/Volumes/SumSung500/CSU/0_HiRES/data/hires/GSE223917_RAW/GSM7000595_GaseE752372.pairs.gz	E75	epithelial cells
GaseE752373	/Volumes/SumSung500/CSU/0_HiRES/data/hires/GSE223917_RAW/GSM7000596_GaseE752373.pairs.gz	E75	ExE ectoderm
GaseE752375	/Volumes/SumSung500/CSU/0_HiRES/data/hires/GSE223917_RAW/GSM7000598_GaseE752375.pairs.gz	E75	epithelial cells
GaseE752377	/Volumes/SumSung500/CSU/0_HiRES/data/hires/GSE223917_RAW/GSM7000600_GaseE752377.pairs.gz	E75	blood
GaseE752378	/Volumes/SumSung500/CSU/0_HiRES/data/hires/GSE223917_RAW/GSM7000601_GaseE752378.pairs.gz	E75	early mesenchyme
GaseE752380	/Volumes/SumSung500/CSU/0_HiRES/data/hires/GSE223917_RAW/GSM7000603_GaseE752380.pairs.gz	E75	mitosis
GaseE752382	/Volumes/SumSung500/CSU/0_HiRES/data/hires/GSE223917_RAW/GSM7000605_GaseE752382.pairs.gz	E75	early mesoderm
GaseE752383	/Volumes/SumSung500/CSU/0_HiRES/data/hires/GSE223917_RAW/GSM7000606_GaseE752383.pairs.gz	E75	ExE ectoderm
GaseE753003	/Volumes/SumSung500/CSU/0_HiRES/data/hires/GSE223917_RAW/GSM7000610_GaseE753003.pairs.gz	E75	ExE endoderm
GaseE753006	/Volumes/SumSung500/CSU/0_HiRES/data/hires/GSE223917_RAW/GSM7000613_GaseE753006.pairs.gz	E75	mitosis
GaseE753007	/Volumes/SumSung500/CSU/0_HiRES/data/hires/GSE223917_RAW/GSM7000614_GaseE753007.pairs.gz	E75	mitosis
GaseE753009	/Volumes/SumSung500/CSU/0_HiRES/data/hires/GSE223917_RAW/GSM7000616_GaseE753009.pairs.gz	E75	early mesoderm
GaseE753012	/Volumes/SumSung500/CSU/0_HiRES/data/hires/GSE223917_RAW/GSM7000619_GaseE753012.pairs.gz	E75	early mesenchyme
GaseE753013	/Volumes/SumSung500/CSU/0_HiRES/data/hires/GSE223917_RAW/GSM7000620_GaseE753013.pairs.gz	E75	ExE mesoderm
GaseE753015	/Volumes/SumSung500/CSU/0_HiRES/data/hires/GSE223917_RAW/GSM7000622_GaseE753015.pairs.gz	E75	ExE endoderm
GaseE753016	/Volumes/SumSung500/CSU/0_HiRES/data/hires/GSE223917_RAW/GSM7000623_GaseE753016.pairs.gz	E75	mitosis
GaseE753017	/Volumes/SumSung500/CSU/0_HiRES/data/hires/GSE223917_RAW/GSM7000624_GaseE753017.pairs.gz	E75	neural ectoderm
GaseE753018	/Volumes/SumSung500/CSU/0_HiRES/data/hires/GSE223917_RAW/GSM7000625_GaseE753018.pairs.gz	E75	neural ectoderm
GaseE753019	/Volumes/SumSung500/CSU/0_HiRES/data/hires/GSE223917_RAW/GSM7000626_GaseE753019.pairs.gz	E75	mitosis
GaseE753020	/Volumes/SumSung500/CSU/0_HiRES/data/hires/GSE223917_RAW/GSM7000627_GaseE753020.pairs.gz	E75	early mesenchyme
GaseE753023	/Volumes/SumSung500/CSU/0_HiRES/data/hires/GSE223917_RAW/GSM7000630_GaseE753023.pairs.gz	E75	early mesoderm
GaseE753024	/Volumes/SumSung500/CSU/0_HiRES/data/hires/GSE223917_RAW/GSM7000631_GaseE753024.pairs.gz	E75	neural ectoderm
GaseE753025	/Volumes/SumSung500/CSU/0_HiRES/data/hires/GSE223917_RAW/GSM7000632_GaseE753025.pairs.gz	E75	epithelial cells
GaseE753026	/Volumes/SumSung500/CSU/0_HiRES/data/hires/GSE223917_RAW/GSM7000633_GaseE753026.pairs.gz	E75	early mesoderm
GaseE753030	/Volumes/SumSung500/CSU/0_HiRES/data/hires/GSE223917_RAW/GSM7000636_GaseE753030.pairs.gz	E75	neural ectoderm
GaseE753032	/Volumes/SumSung500/CSU/0_HiRES/data/hires/GSE223917_RAW/GSM7000638_GaseE753032.pairs.gz	E75	neural ectoderm
GaseE753033	/Volumes/SumSung500/CSU/0_HiRES/data/hires/GSE223917_RAW/GSM7000639_GaseE753033.pairs.gz	E75	ExE endoderm
GaseE753034	/Volumes/SumSung500/CSU/0_HiRES/data/hires/GSE223917_RAW/GSM7000640_GaseE753034.pairs.gz	E75	neural ectoderm
GaseE753035	/Volumes/SumSung500/CSU/0_HiRES/data/hires/GSE223917_RAW/GSM7000641_GaseE753035.pairs.gz	E75	epithelial cells
GaseE753040	/Volumes/SumSung500/CSU/0_HiRES/data/hires/GSE223917_RAW/GSM7000646_GaseE753040.pairs.gz	E75	neural ectoderm
GaseE753045	/Volumes/SumSung500/CSU/0_HiRES/data/hires/GSE223917_RAW/GSM7000667_GaseE753045.pairs.gz	E75	early mesenchyme
GaseE753046	/Volumes/SumSung500/CSU/0_HiRES/data/hires/GSE223917_RAW/GSM7000673_GaseE753046.pairs.gz	E75	mitosis
GaseE753047	/Volumes/SumSung500/CSU/0_HiRES/data/hires/GSE223917_RAW/GSM7000677_GaseE753047.pairs.gz	E75	endoderm
GaseE753052	/Volumes/SumSung500/CSU/0_HiRES/data/hires/GSE223917_RAW/GSM7000697_GaseE753052.pairs.gz	E75	early mesoderm
GaseE753054	/Volumes/SumSung500/CSU/0_HiRES/data/hires/GSE223917_RAW/GSM7000699_GaseE753054.pairs.gz	E75	ExE ectoderm
GaseE753057	/Volumes/SumSung500/CSU/0_HiRES/data/hires/GSE223917_RAW/GSM7000706_GaseE753057.pairs.gz	E75	neural ectoderm
GaseE753058	/Volumes/SumSung500/CSU/0_HiRES/data/hires/GSE223917_RAW/GSM7000708_GaseE753058.pairs.gz	E75	neural ectoderm
GaseE753059	/Volumes/SumSung500/CSU/0_HiRES/data/hires/GSE223917_RAW/GSM7000709_GaseE753059.pairs.gz	E75	early mesoderm
GaseE753061	/Volumes/SumSung500/CSU/0_HiRES/data/hires/GSE223917_RAW/GSM7000710_GaseE753061.pairs.gz	E75	early mesoderm
GaseE753062	/Volumes/SumSung500/CSU/0_HiRES/data/hires/GSE223917_RAW/GSM7000711_GaseE753062.pairs.gz	E75	early mesoderm
GaseE753068	/Volumes/SumSung500/CSU/0_HiRES/data/hires/GSE223917_RAW/GSM7000717_GaseE753068.pairs.gz	E75	ExE endoderm
GaseE753069	/Volumes/SumSung500/CSU/0_HiRES/data/hires/GSE223917_RAW/GSM7000718_GaseE753069.pairs.gz	E75	ExE ectoderm
GaseE753070	/Volumes/SumSung500/CSU/0_HiRES/data/hires/GSE223917_RAW/GSM7000719_GaseE753070.pairs.gz	E75	blood
GaseE753072	/Volumes/SumSung500/CSU/0_HiRES/data/hires/GSE223917_RAW/GSM7000721_GaseE753072.pairs.gz	E75	mitosis
GaseE753074	/Volumes/SumSung500/CSU/0_HiRES/data/hires/GSE223917_RAW/GSM7000723_GaseE753074.pairs.gz	E75	mitosis
GaseE753075	/Volumes/SumSung500/CSU/0_HiRES/data/hires/GSE223917_RAW/GSM7000724_GaseE753075.pairs.gz	E75	ExE endoderm
GaseE753076	/Volumes/SumSung500/CSU/0_HiRES/data/hires/GSE223917_RAW/GSM7000725_GaseE753076.pairs.gz	E75	early mesoderm
GaseE753077	/Volumes/SumSung500/CSU/0_HiRES/data/hires/GSE223917_RAW/GSM7000726_GaseE753077.pairs.gz	E75	neural ectoderm
GaseE753078	/Volumes/SumSung500/CSU/0_HiRES/data/hires/GSE223917_RAW/GSM7000727_GaseE753078.pairs.gz	E75	blood
GaseE753079	/Volumes/SumSung500/CSU/0_HiRES/data/hires/GSE223917_RAW/GSM7000728_GaseE753079.pairs.gz	E75	early mesenchyme
GaseE753082	/Volumes/SumSung500/CSU/0_HiRES/data/hires/GSE223917_RAW/GSM7000731_GaseE753082.pairs.gz	E75	early mesoderm
GaseE753083	/Volumes/SumSung500/CSU/0_HiRES/data/hires/GSE223917_RAW/GSM7000732_GaseE753083.pairs.gz	E75	ExE endoderm
GaseE753085	/Volumes/SumSung500/CSU/0_HiRES/data/hires/GSE223917_RAW/GSM7000734_GaseE753085.pairs.gz	E75	neural ectoderm
GaseE753086	/Volumes/SumSung500/CSU/0_HiRES/data/hires/GSE223917_RAW/GSM7000735_GaseE753086.pairs.gz	E75	neural ectoderm
GaseE753090	/Volumes/SumSung500/CSU/0_HiRES/data/hires/GSE223917_RAW/GSM7000739_GaseE753090.pairs.gz	E75	blood
GaseE753091	/Volumes/SumSung500/CSU/0_HiRES/data/hires/GSE223917_RAW/GSM7000740_GaseE753091.pairs.gz	E75	blood
GaseE753092	/Volumes/SumSung500/CSU/0_HiRES/data/hires/GSE223917_RAW/GSM7000741_GaseE753092.pairs.gz	E75	blood
GaseE753093	/Volumes/SumSung500/CSU/0_HiRES/data/hires/GSE223917_RAW/GSM7000742_GaseE753093.pairs.gz	E75	blood
GaseE753094	/Volumes/SumSung500/CSU/0_HiRES/data/hires/GSE223917_RAW/GSM7000743_GaseE753094.pairs.gz	E75	early mesenchyme
GaseE753095	/Volumes/SumSung500/CSU/0_HiRES/data/hires/GSE223917_RAW/GSM7000744_GaseE753095.pairs.gz	E75	neural ectoderm
GaseE753096	/Volumes/SumSung500/CSU/0_HiRES/data/hires/GSE223917_RAW/GSM7000745_GaseE753096.pairs.gz	E75	early mesenchyme
GaseE753097	/Volumes/SumSung500/CSU/0_HiRES/data/hires/GSE223917_RAW/GSM7000746_GaseE753097.pairs.gz	E75	early mesenchyme
GaseE753098	/Volumes/SumSung500/CSU/0_HiRES/data/hires/GSE223917_RAW/GSM7000747_GaseE753098.pairs.gz	E75	ExE ectoderm
GaseE753101	/Volumes/SumSung500/CSU/0_HiRES/data/hires/GSE223917_RAW/GSM7000750_GaseE753101.pairs.gz	E75	ExE ectoderm
GaseE753102	/Volumes/SumSung500/CSU/0_HiRES/data/hires/GSE223917_RAW/GSM7000751_GaseE753102.pairs.gz	E75	mitosis
GaseE753103	/Volumes/SumSung500/CSU/0_HiRES/data/hires/GSE223917_RAW/GSM7000752_GaseE753103.pairs.gz	E75	neural ectoderm
GaseE753104	/Volumes/SumSung500/CSU/0_HiRES/data/hires/GSE223917_RAW/GSM7000753_GaseE753104.pairs.gz	E75	ExE ectoderm
GaseE753105	/Volumes/SumSung500/CSU/0_HiRES/data/hires/GSE223917_RAW/GSM7000754_GaseE753105.pairs.gz	E75	early mesoderm
GaseE753106	/Volumes/SumSung500/CSU/0_HiRES/data/hires/GSE223917_RAW/GSM7000755_GaseE753106.pairs.gz	E75	blood
GaseE753107	/Volumes/SumSung500/CSU/0_HiRES/data/hires/GSE223917_RAW/GSM7000756_GaseE753107.pairs.gz	E75	epithelial cells
GaseE753108	/Volumes/SumSung500/CSU/0_HiRES/data/hires/GSE223917_RAW/GSM7000757_GaseE753108.pairs.gz	E75	ExE mesoderm
GaseE753109	/Volumes/SumSung500/CSU/0_HiRES/data/hires/GSE223917_RAW/GSM7000758_GaseE753109.pairs.gz	E75	blood
GaseE753110	/Volumes/SumSung500/CSU/0_HiRES/data/hires/GSE223917_RAW/GSM7000759_GaseE753110.pairs.gz	E75	blood
GaseE753112	/Volumes/SumSung500/CSU/0_HiRES/data/hires/GSE223917_RAW/GSM7000761_GaseE753112.pairs.gz	E75	neural ectoderm
GaseE753113	/Volumes/SumSung500/CSU/0_HiRES/data/hires/GSE223917_RAW/GSM7000762_GaseE753113.pairs.gz	E75	neural ectoderm
GaseE753114	/Volumes/SumSung500/CSU/0_HiRES/data/hires/GSE223917_RAW/GSM7000763_GaseE753114.pairs.gz	E75	neural ectoderm
GaseE753115	/Volumes/SumSung500/CSU/0_HiRES/data/hires/GSE223917_RAW/GSM7000764_GaseE753115.pairs.gz	E75	early mesenchyme
GaseE753116	/Volumes/SumSung500/CSU/0_HiRES/data/hires/GSE223917_RAW/GSM7000765_GaseE753116.pairs.gz	E75	ExE endoderm
GaseE753117	/Volumes/SumSung500/CSU/0_HiRES/data/hires/GSE223917_RAW/GSM7000766_GaseE753117.pairs.gz	E75	blood
GaseE753118	/Volumes/SumSung500/CSU/0_HiRES/data/hires/GSE223917_RAW/GSM7000767_GaseE753118.pairs.gz	E75	ExE ectoderm
GaseE753119	/Volumes/SumSung500/CSU/0_HiRES/data/hires/GSE223917_RAW/GSM7000768_GaseE753119.pairs.gz	E75	epithelial cells
GaseE753121	/Volumes/SumSung500/CSU/0_HiRES/data/hires/GSE223917_RAW/GSM7000770_GaseE753121.pairs.gz	E75	blood
GaseE753122	/Volumes/SumSung500/CSU/0_HiRES/data/hires/GSE223917_RAW/GSM7000771_GaseE753122.pairs.gz	E75	ExE ectoderm
GaseE753123	/Volumes/SumSung500/CSU/0_HiRES/data/hires/GSE223917_RAW/GSM7000772_GaseE753123.pairs.gz	E75	early mesoderm
GaseE753124	/Volumes/SumSung500/CSU/0_HiRES/data/hires/GSE223917_RAW/GSM7000773_GaseE753124.pairs.gz	E75	early mesoderm
GaseE753125	/Volumes/SumSung500/CSU/0_HiRES/data/hires/GSE223917_RAW/GSM7000774_GaseE753125.pairs.gz	E75	neural ectoderm
GaseE753127	/Volumes/SumSung500/CSU/0_HiRES/data/hires/GSE223917_RAW/GSM7000776_GaseE753127.pairs.gz	E75	mitosis
GaseE753128	/Volumes/SumSung500/CSU/0_HiRES/data/hires/GSE223917_RAW/GSM7000777_GaseE753128.pairs.gz	E75	ExE mesoderm
GaseE753129	/Volumes/SumSung500/CSU/0_HiRES/data/hires/GSE223917_RAW/GSM7000778_GaseE753129.pairs.gz	E75	ExE endoderm
GaseE753130	/Volumes/SumSung500/CSU/0_HiRES/data/hires/GSE223917_RAW/GSM7000779_GaseE753130.pairs.gz	E75	neural ectoderm
GaseE753133	/Volumes/SumSung500/CSU/0_HiRES/data/hires/GSE223917_RAW/GSM7000782_GaseE753133.pairs.gz	E75	ExE ectoderm
GaseE753134	/Volumes/SumSung500/CSU/0_HiRES/data/hires/GSE223917_RAW/GSM7000783_GaseE753134.pairs.gz	E75	early mesoderm
GaseE753136	/Volumes/SumSung500/CSU/0_HiRES/data/hires/GSE223917_RAW/GSM7000785_GaseE753136.pairs.gz	E75	neural ectoderm
GaseE753138	/Volumes/SumSung500/CSU/0_HiRES/data/hires/GSE223917_RAW/GSM7000787_GaseE753138.pairs.gz	E75	early mesoderm
GaseE753143	/Volumes/SumSung500/CSU/0_HiRES/data/hires/GSE223917_RAW/GSM7000792_GaseE753143.pairs.gz	E75	ExE ectoderm
GaseE753144	/Volumes/SumSung500/CSU/0_HiRES/data/hires/GSE223917_RAW/GSM7000793_GaseE753144.pairs.gz	E75	ExE ectoderm
GaseE753145	/Volumes/SumSung500/CSU/0_HiRES/data/hires/GSE223917_RAW/GSM7000794_GaseE753145.pairs.gz	E75	blood
GaseE753146	/Volumes/SumSung500/CSU/0_HiRES/data/hires/GSE223917_RAW/GSM7000795_GaseE753146.pairs.gz	E75	endoderm
GaseE753150	/Volumes/SumSung500/CSU/0_HiRES/data/hires/GSE223917_RAW/GSM7000799_GaseE753150.pairs.gz	E75	early mesenchyme
GaseE753152	/Volumes/SumSung500/CSU/0_HiRES/data/hires/GSE223917_RAW/GSM7000801_GaseE753152.pairs.gz	E75	mitosis
GaseE753153	/Volumes/SumSung500/CSU/0_HiRES/data/hires/GSE223917_RAW/GSM7000802_GaseE753153.pairs.gz	E75	neural ectoderm
GaseE753154	/Volumes/SumSung500/CSU/0_HiRES/data/hires/GSE223917_RAW/GSM7000803_GaseE753154.pairs.gz	E75	blood
GaseE753156	/Volumes/SumSung500/CSU/0_HiRES/data/hires/GSE223917_RAW/GSM7000805_GaseE753156.pairs.gz	E75	blood
GaseE753157	/Volumes/SumSung500/CSU/0_HiRES/data/hires/GSE223917_RAW/GSM7000806_GaseE753157.pairs.gz	E75	early mesenchyme
GaseE753158	/Volumes/SumSung500/CSU/0_HiRES/data/hires/GSE223917_RAW/GSM7000807_GaseE753158.pairs.gz	E75	neural ectoderm
GaseE753160	/Volumes/SumSung500/CSU/0_HiRES/data/hires/GSE223917_RAW/GSM7000809_GaseE753160.pairs.gz	E75	ExE ectoderm
GaseE753161	/Volumes/SumSung500/CSU/0_HiRES/data/hires/GSE223917_RAW/GSM7000810_GaseE753161.pairs.gz	E75	neural ectoderm
GaseE753163	/Volumes/SumSung500/CSU/0_HiRES/data/hires/GSE223917_RAW/GSM7000812_GaseE753163.pairs.gz	E75	ExE ectoderm
GaseE753164	/Volumes/SumSung500/CSU/0_HiRES/data/hires/GSE223917_RAW/GSM7000813_GaseE753164.pairs.gz	E75	neural ectoderm
GaseE753165	/Volumes/SumSung500/CSU/0_HiRES/data/hires/GSE223917_RAW/GSM7000814_GaseE753165.pairs.gz	E75	neural ectoderm
GaseE753166	/Volumes/SumSung500/CSU/0_HiRES/data/hires/GSE223917_RAW/GSM7000815_GaseE753166.pairs.gz	E75	ExE endoderm
GaseE753167	/Volumes/SumSung500/CSU/0_HiRES/data/hires/GSE223917_RAW/GSM7000816_GaseE753167.pairs.gz	E75	mitosis
GaseE753168	/Volumes/SumSung500/CSU/0_HiRES/data/hires/GSE223917_RAW/GSM7000817_GaseE753168.pairs.gz	E75	ExE endoderm
GaseE753169	/Volumes/SumSung500/CSU/0_HiRES/data/hires/GSE223917_RAW/GSM7000818_GaseE753169.pairs.gz	E75	neural tube
GaseE753170	/Volumes/SumSung500/CSU/0_HiRES/data/hires/GSE223917_RAW/GSM7000819_GaseE753170.pairs.gz	E75	ExE ectoderm
GaseE753171	/Volumes/SumSung500/CSU/0_HiRES/data/hires/GSE223917_RAW/GSM7000820_GaseE753171.pairs.gz	E75	ExE endoderm
GaseE753173	/Volumes/SumSung500/CSU/0_HiRES/data/hires/GSE223917_RAW/GSM7000822_GaseE753173.pairs.gz	E75	neural ectoderm
GaseE753176	/Volumes/SumSung500/CSU/0_HiRES/data/hires/GSE223917_RAW/GSM7000825_GaseE753176.pairs.gz	E75	ExE mesoderm
GaseE753178	/Volumes/SumSung500/CSU/0_HiRES/data/hires/GSE223917_RAW/GSM7000827_GaseE753178.pairs.gz	E75	early mesoderm
GaseE753180	/Volumes/SumSung500/CSU/0_HiRES/data/hires/GSE223917_RAW/GSM7000829_GaseE753180.pairs.gz	E75	mitosis
GaseE753181	/Volumes/SumSung500/CSU/0_HiRES/data/hires/GSE223917_RAW/GSM7000830_GaseE753181.pairs.gz	E75	early mesenchyme
GaseE753183	/Volumes/SumSung500/CSU/0_HiRES/data/hires/GSE223917_RAW/GSM7000832_GaseE753183.pairs.gz	E75	epithelial cells
GaseE753184	/Volumes/SumSung500/CSU/0_HiRES/data/hires/GSE223917_RAW/GSM7000833_GaseE753184.pairs.gz	E75	neural ectoderm
GaseE753185	/Volumes/SumSung500/CSU/0_HiRES/data/hires/GSE223917_RAW/GSM7000834_GaseE753185.pairs.gz	E75	neural ectoderm
GaseE753187	/Volumes/SumSung500/CSU/0_HiRES/data/hires/GSE223917_RAW/GSM7000836_GaseE753187.pairs.gz	E75	early mesoderm
GaseE753189	/Volumes/SumSung500/CSU/0_HiRES/data/hires/GSE223917_RAW/GSM7000838_GaseE753189.pairs.gz	E75	neural ectoderm
GaseE753195	/Volumes/SumSung500/CSU/0_HiRES/data/hires/GSE223917_RAW/GSM7000843_GaseE753195.pairs.gz	E75	ExE ectoderm
GaseE753200	/Volumes/SumSung500/CSU/0_HiRES/data/hires/GSE223917_RAW/GSM7000848_GaseE753200.pairs.gz	E75	neural ectoderm
GaseE753201	/Volumes/SumSung500/CSU/0_HiRES/data/hires/GSE223917_RAW/GSM7000849_GaseE753201.pairs.gz	E75	endoderm
GaseE753206	/Volumes/SumSung500/CSU/0_HiRES/data/hires/GSE223917_RAW/GSM7000854_GaseE753206.pairs.gz	E75	early mesenchyme
GaseE753207	/Volumes/SumSung500/CSU/0_HiRES/data/hires/GSE223917_RAW/GSM7000855_GaseE753207.pairs.gz	E75	blood
GaseE753208	/Volumes/SumSung500/CSU/0_HiRES/data/hires/GSE223917_RAW/GSM7000856_GaseE753208.pairs.gz	E75	ExE ectoderm
GaseE753209	/Volumes/SumSung500/CSU/0_HiRES/data/hires/GSE223917_RAW/GSM7000857_GaseE753209.pairs.gz	E75	early mesoderm
GaseE753211	/Volumes/SumSung500/CSU/0_HiRES/data/hires/GSE223917_RAW/GSM7000859_GaseE753211.pairs.gz	E75	ExE ectoderm
GaseE753214	/Volumes/SumSung500/CSU/0_HiRES/data/hires/GSE223917_RAW/GSM7000862_GaseE753214.pairs.gz	E75	early mesenchyme
GaseE753216	/Volumes/SumSung500/CSU/0_HiRES/data/hires/GSE223917_RAW/GSM7000864_GaseE753216.pairs.gz	E75	endoderm
GaseE753217	/Volumes/SumSung500/CSU/0_HiRES/data/hires/GSE223917_RAW/GSM7000865_GaseE753217.pairs.gz	E75	ExE ectoderm
GaseE753218	/Volumes/SumSung500/CSU/0_HiRES/data/hires/GSE223917_RAW/GSM7000866_GaseE753218.pairs.gz	E75	ExE ectoderm
GaseE753219	/Volumes/SumSung500/CSU/0_HiRES/data/hires/GSE223917_RAW/GSM7000867_GaseE753219.pairs.gz	E75	mitosis
GaseE753224	/Volumes/SumSung500/CSU/0_HiRES/data/hires/GSE223917_RAW/GSM7000872_GaseE753224.pairs.gz	E75	epithelial cells
GaseE753225	/Volumes/SumSung500/CSU/0_HiRES/data/hires/GSE223917_RAW/GSM7000873_GaseE753225.pairs.gz	E75	ExE endoderm
GaseE753228	/Volumes/SumSung500/CSU/0_HiRES/data/hires/GSE223917_RAW/GSM7000876_GaseE753228.pairs.gz	E75	ExE endoderm
GaseE753229	/Volumes/SumSung500/CSU/0_HiRES/data/hires/GSE223917_RAW/GSM7000877_GaseE753229.pairs.gz	E75	ExE endoderm
GaseE753231	/Volumes/SumSung500/CSU/0_HiRES/data/hires/GSE223917_RAW/GSM7000879_GaseE753231.pairs.gz	E75	neural ectoderm
GaseE753232	/Volumes/SumSung500/CSU/0_HiRES/data/hires/GSE223917_RAW/GSM7000880_GaseE753232.pairs.gz	E75	early mesoderm
GaseE753233	/Volumes/SumSung500/CSU/0_HiRES/data/hires/GSE223917_RAW/GSM7000881_GaseE753233.pairs.gz	E75	blood
GaseE753236	/Volumes/SumSung500/CSU/0_HiRES/data/hires/GSE223917_RAW/GSM7000884_GaseE753236.pairs.gz	E75	ExE endoderm
GaseE753237	/Volumes/SumSung500/CSU/0_HiRES/data/hires/GSE223917_RAW/GSM7000885_GaseE753237.pairs.gz	E75	early mesenchyme
GaseE753239	/Volumes/SumSung500/CSU/0_HiRES/data/hires/GSE223917_RAW/GSM7000887_GaseE753239.pairs.gz	E75	neural ectoderm
GaseE753243	/Volumes/SumSung500/CSU/0_HiRES/data/hires/GSE223917_RAW/GSM7000890_GaseE753243.pairs.gz	E75	ExE ectoderm
GaseE753244	/Volumes/SumSung500/CSU/0_HiRES/data/hires/GSE223917_RAW/GSM7000891_GaseE753244.pairs.gz	E75	blood
GaseE753247	/Volumes/SumSung500/CSU/0_HiRES/data/hires/GSE223917_RAW/GSM7000894_GaseE753247.pairs.gz	E75	ExE endoderm
GaseE753248	/Volumes/SumSung500/CSU/0_HiRES/data/hires/GSE223917_RAW/GSM7000895_GaseE753248.pairs.gz	E75	ExE ectoderm
GaseE753250	/Volumes/SumSung500/CSU/0_HiRES/data/hires/GSE223917_RAW/GSM7000896_GaseE753250.pairs.gz	E75	mitosis
GaseE753251	/Volumes/SumSung500/CSU/0_HiRES/data/hires/GSE223917_RAW/GSM7000897_GaseE753251.pairs.gz	E75	endoderm
GaseE753252	/Volumes/SumSung500/CSU/0_HiRES/data/hires/GSE223917_RAW/GSM7000898_GaseE753252.pairs.gz	E75	endoderm
GaseE753253	/Volumes/SumSung500/CSU/0_HiRES/data/hires/GSE223917_RAW/GSM7000899_GaseE753253.pairs.gz	E75	neural ectoderm
GaseE753254	/Volumes/SumSung500/CSU/0_HiRES/data/hires/GSE223917_RAW/GSM7000900_GaseE753254.pairs.gz	E75	early mesoderm
GaseE753256	/Volumes/SumSung500/CSU/0_HiRES/data/hires/GSE223917_RAW/GSM7000902_GaseE753256.pairs.gz	E75	ExE ectoderm
GaseE753259	/Volumes/SumSung500/CSU/0_HiRES/data/hires/GSE223917_RAW/GSM7000904_GaseE753259.pairs.gz	E75	neural ectoderm
GaseE753261	/Volumes/SumSung500/CSU/0_HiRES/data/hires/GSE223917_RAW/GSM7000906_GaseE753261.pairs.gz	E75	neural ectoderm
GaseE753262	/Volumes/SumSung500/CSU/0_HiRES/data/hires/GSE223917_RAW/GSM7000907_GaseE753262.pairs.gz	E75	neural ectoderm
GaseE753263	/Volumes/SumSung500/CSU/0_HiRES/data/hires/GSE223917_RAW/GSM7000908_GaseE753263.pairs.gz	E75	neural ectoderm
GaseE753264	/Volumes/SumSung500/CSU/0_HiRES/data/hires/GSE223917_RAW/GSM7000909_GaseE753264.pairs.gz	E75	ExE endoderm
GaseE753266	/Volumes/SumSung500/CSU/0_HiRES/data/hires/GSE223917_RAW/GSM7000911_GaseE753266.pairs.gz	E75	ExE ectoderm
GaseE753269	/Volumes/SumSung500/CSU/0_HiRES/data/hires/GSE223917_RAW/GSM7000914_GaseE753269.pairs.gz	E75	ExE endoderm
GaseE753272	/Volumes/SumSung500/CSU/0_HiRES/data/hires/GSE223917_RAW/GSM7000917_GaseE753272.pairs.gz	E75	ExE ectoderm
GaseE753276	/Volumes/SumSung500/CSU/0_HiRES/data/hires/GSE223917_RAW/GSM7000920_GaseE753276.pairs.gz	E75	ExE endoderm
GaseE753277	/Volumes/SumSung500/CSU/0_HiRES/data/hires/GSE223917_RAW/GSM7000921_GaseE753277.pairs.gz	E75	neural ectoderm
GaseE753281	/Volumes/SumSung500/CSU/0_HiRES/data/hires/GSE223917_RAW/GSM7000925_GaseE753281.pairs.gz	E75	ExE mesoderm
GaseE753282	/Volumes/SumSung500/CSU/0_HiRES/data/hires/GSE223917_RAW/GSM7000926_GaseE753282.pairs.gz	E75	ExE mesoderm
GaseE753287	/Volumes/SumSung500/CSU/0_HiRES/data/hires/GSE223917_RAW/GSM7000929_GaseE753287.pairs.gz	E75	mitosis
GaseE803006	/Volumes/SumSung500/CSU/0_HiRES/data/hires/GSE223917_RAW/GSM7000935_GaseE803006.pairs.gz	E80	epithelial cells
GaseE803007	/Volumes/SumSung500/CSU/0_HiRES/data/hires/GSE223917_RAW/GSM7000936_GaseE803007.pairs.gz	E80	early mesenchyme
GaseE803008	/Volumes/SumSung500/CSU/0_HiRES/data/hires/GSE223917_RAW/GSM7000937_GaseE803008.pairs.gz	E80	early mesenchyme
GaseE803010	/Volumes/SumSung500/CSU/0_HiRES/data/hires/GSE223917_RAW/GSM7000939_GaseE803010.pairs.gz	E80	neural ectoderm
GaseE803011	/Volumes/SumSung500/CSU/0_HiRES/data/hires/GSE223917_RAW/GSM7000940_GaseE803011.pairs.gz	E80	ExE mesoderm
GaseE803014	/Volumes/SumSung500/CSU/0_HiRES/data/hires/GSE223917_RAW/GSM7000943_GaseE803014.pairs.gz	E80	ExE endoderm
GaseE803016	/Volumes/SumSung500/CSU/0_HiRES/data/hires/GSE223917_RAW/GSM7000945_GaseE803016.pairs.gz	E80	blood
GaseE803018	/Volumes/SumSung500/CSU/0_HiRES/data/hires/GSE223917_RAW/GSM7000947_GaseE803018.pairs.gz	E80	early mesoderm
GaseE803020	/Volumes/SumSung500/CSU/0_HiRES/data/hires/GSE223917_RAW/GSM7000949_GaseE803020.pairs.gz	E80	neural tube
GaseE803021	/Volumes/SumSung500/CSU/0_HiRES/data/hires/GSE223917_RAW/GSM7000950_GaseE803021.pairs.gz	E80	epithelial cells
GaseE803023	/Volumes/SumSung500/CSU/0_HiRES/data/hires/GSE223917_RAW/GSM7000951_GaseE803023.pairs.gz	E80	neural tube
GaseE803026	/Volumes/SumSung500/CSU/0_HiRES/data/hires/GSE223917_RAW/GSM7000954_GaseE803026.pairs.gz	E80	ExE ectoderm
GaseE803028	/Volumes/SumSung500/CSU/0_HiRES/data/hires/GSE223917_RAW/GSM7000956_GaseE803028.pairs.gz	E80	blood
GaseE803029	/Volumes/SumSung500/CSU/0_HiRES/data/hires/GSE223917_RAW/GSM7000957_GaseE803029.pairs.gz	E80	ExE mesoderm
GaseE803030	/Volumes/SumSung500/CSU/0_HiRES/data/hires/GSE223917_RAW/GSM7000958_GaseE803030.pairs.gz	E80	ExE mesoderm
GaseE803032	/Volumes/SumSung500/CSU/0_HiRES/data/hires/GSE223917_RAW/GSM7000960_GaseE803032.pairs.gz	E80	NMP
GaseE803036	/Volumes/SumSung500/CSU/0_HiRES/data/hires/GSE223917_RAW/GSM7000964_GaseE803036.pairs.gz	E80	neural tube
GaseE803037	/Volumes/SumSung500/CSU/0_HiRES/data/hires/GSE223917_RAW/GSM7000965_GaseE803037.pairs.gz	E80	early mesoderm
GaseE803039	/Volumes/SumSung500/CSU/0_HiRES/data/hires/GSE223917_RAW/GSM7000967_GaseE803039.pairs.gz	E80	ExE endoderm
GaseE803040	/Volumes/SumSung500/CSU/0_HiRES/data/hires/GSE223917_RAW/GSM7000968_GaseE803040.pairs.gz	E80	ExE mesoderm
GaseE803042	/Volumes/SumSung500/CSU/0_HiRES/data/hires/GSE223917_RAW/GSM7000970_GaseE803042.pairs.gz	E80	early mesoderm
GaseE803045	/Volumes/SumSung500/CSU/0_HiRES/data/hires/GSE223917_RAW/GSM7000973_GaseE803045.pairs.gz	E80	NMP
GaseE803046	/Volumes/SumSung500/CSU/0_HiRES/data/hires/GSE223917_RAW/GSM7000974_GaseE803046.pairs.gz	E80	NMP
GaseE803047	/Volumes/SumSung500/CSU/0_HiRES/data/hires/GSE223917_RAW/GSM7000975_GaseE803047.pairs.gz	E80	blood
GaseE803048	/Volumes/SumSung500/CSU/0_HiRES/data/hires/GSE223917_RAW/GSM7000976_GaseE803048.pairs.gz	E80	epithelial cells
GaseE803049	/Volumes/SumSung500/CSU/0_HiRES/data/hires/GSE223917_RAW/GSM7000977_GaseE803049.pairs.gz	E80	early mesoderm
GaseE803050	/Volumes/SumSung500/CSU/0_HiRES/data/hires/GSE223917_RAW/GSM7000978_GaseE803050.pairs.gz	E80	early mesoderm
GaseE803055	/Volumes/SumSung500/CSU/0_HiRES/data/hires/GSE223917_RAW/GSM7000983_GaseE803055.pairs.gz	E80	early mesenchyme
GaseE803056	/Volumes/SumSung500/CSU/0_HiRES/data/hires/GSE223917_RAW/GSM7000984_GaseE803056.pairs.gz	E80	mitosis
GaseE803058	/Volumes/SumSung500/CSU/0_HiRES/data/hires/GSE223917_RAW/GSM7000986_GaseE803058.pairs.gz	E80	early mesoderm
GaseE803060	/Volumes/SumSung500/CSU/0_HiRES/data/hires/GSE223917_RAW/GSM7000988_GaseE803060.pairs.gz	E80	blood
GaseE803061	/Volumes/SumSung500/CSU/0_HiRES/data/hires/GSE223917_RAW/GSM7000989_GaseE803061.pairs.gz	E80	epithelial cells
GaseE803068	/Volumes/SumSung500/CSU/0_HiRES/data/hires/GSE223917_RAW/GSM7000995_GaseE803068.pairs.gz	E80	ExE ectoderm
GaseE803069	/Volumes/SumSung500/CSU/0_HiRES/data/hires/GSE223917_RAW/GSM7000996_GaseE803069.pairs.gz	E80	ExE mesoderm
GaseE803070	/Volumes/SumSung500/CSU/0_HiRES/data/hires/GSE223917_RAW/GSM7000997_GaseE803070.pairs.gz	E80	ExE endoderm
GaseE803071	/Volumes/SumSung500/CSU/0_HiRES/data/hires/GSE223917_RAW/GSM7000998_GaseE803071.pairs.gz	E80	epithelial cells
GaseE803072	/Volumes/SumSung500/CSU/0_HiRES/data/hires/GSE223917_RAW/GSM7000999_GaseE803072.pairs.gz	E80	early mesenchyme
GaseE803075	/Volumes/SumSung500/CSU/0_HiRES/data/hires/GSE223917_RAW/GSM7001002_GaseE803075.pairs.gz	E80	ExE ectoderm
GaseE803076	/Volumes/SumSung500/CSU/0_HiRES/data/hires/GSE223917_RAW/GSM7001003_GaseE803076.pairs.gz	E80	epithelial cells
GaseE803077	/Volumes/SumSung500/CSU/0_HiRES/data/hires/GSE223917_RAW/GSM7001004_GaseE803077.pairs.gz	E80	ExE mesoderm
GaseE803079	/Volumes/SumSung500/CSU/0_HiRES/data/hires/GSE223917_RAW/GSM7001006_GaseE803079.pairs.gz	E80	early mesenchyme
GaseE803080	/Volumes/SumSung500/CSU/0_HiRES/data/hires/GSE223917_RAW/GSM7001007_GaseE803080.pairs.gz	E80	neural ectoderm
GaseE803081	/Volumes/SumSung500/CSU/0_HiRES/data/hires/GSE223917_RAW/GSM7001008_GaseE803081.pairs.gz	E80	early mesenchyme
GaseE803082	/Volumes/SumSung500/CSU/0_HiRES/data/hires/GSE223917_RAW/GSM7001009_GaseE803082.pairs.gz	E80	ExE mesoderm
GaseE803084	/Volumes/SumSung500/CSU/0_HiRES/data/hires/GSE223917_RAW/GSM7001011_GaseE803084.pairs.gz	E80	ExE endoderm
GaseE803089	/Volumes/SumSung500/CSU/0_HiRES/data/hires/GSE223917_RAW/GSM7001015_GaseE803089.pairs.gz	E80	neural ectoderm
GaseE803090	/Volumes/SumSung500/CSU/0_HiRES/data/hires/GSE223917_RAW/GSM7001016_GaseE803090.pairs.gz	E80	ExE ectoderm
GaseE803091	/Volumes/SumSung500/CSU/0_HiRES/data/hires/GSE223917_RAW/GSM7001017_GaseE803091.pairs.gz	E80	early mesenchyme
GaseE803093	/Volumes/SumSung500/CSU/0_HiRES/data/hires/GSE223917_RAW/GSM7001019_GaseE803093.pairs.gz	E80	NMP
GaseE803094	/Volumes/SumSung500/CSU/0_HiRES/data/hires/GSE223917_RAW/GSM7001020_GaseE803094.pairs.gz	E80	neural ectoderm
GaseE804001	/Volumes/SumSung500/CSU/0_HiRES/data/hires/GSE223917_RAW/GSM7001022_GaseE804001.pairs.gz	E80	mitosis
GaseE804005	/Volumes/SumSung500/CSU/0_HiRES/data/hires/GSE223917_RAW/GSM7001026_GaseE804005.pairs.gz	E80	neural ectoderm
GaseE804007	/Volumes/SumSung500/CSU/0_HiRES/data/hires/GSE223917_RAW/GSM7001028_GaseE804007.pairs.gz	E80	NMP
GaseE804008	/Volumes/SumSung500/CSU/0_HiRES/data/hires/GSE223917_RAW/GSM7001029_GaseE804008.pairs.gz	E80	neural ectoderm
GaseE804010	/Volumes/SumSung500/CSU/0_HiRES/data/hires/GSE223917_RAW/GSM7001031_GaseE804010.pairs.gz	E80	blood
GaseE804011	/Volumes/SumSung500/CSU/0_HiRES/data/hires/GSE223917_RAW/GSM7001032_GaseE804011.pairs.gz	E80	neural ectoderm
GaseE804012	/Volumes/SumSung500/CSU/0_HiRES/data/hires/GSE223917_RAW/GSM7001033_GaseE804012.pairs.gz	E80	blood
GaseE804013	/Volumes/SumSung500/CSU/0_HiRES/data/hires/GSE223917_RAW/GSM7001034_GaseE804013.pairs.gz	E80	early mesenchyme
GaseE804014	/Volumes/SumSung500/CSU/0_HiRES/data/hires/GSE223917_RAW/GSM7001035_GaseE804014.pairs.gz	E80	neural tube
GaseE804015	/Volumes/SumSung500/CSU/0_HiRES/data/hires/GSE223917_RAW/GSM7001036_GaseE804015.pairs.gz	E80	endoderm
GaseE804019	/Volumes/SumSung500/CSU/0_HiRES/data/hires/GSE223917_RAW/GSM7001040_GaseE804019.pairs.gz	E80	ExE endoderm
GaseE804021	/Volumes/SumSung500/CSU/0_HiRES/data/hires/GSE223917_RAW/GSM7001042_GaseE804021.pairs.gz	E80	blood
GaseE804023	/Volumes/SumSung500/CSU/0_HiRES/data/hires/GSE223917_RAW/GSM7001044_GaseE804023.pairs.gz	E80	ExE ectoderm
GaseE804026	/Volumes/SumSung500/CSU/0_HiRES/data/hires/GSE223917_RAW/GSM7001047_GaseE804026.pairs.gz	E80	early mesenchyme
GaseE804028	/Volumes/SumSung500/CSU/0_HiRES/data/hires/GSE223917_RAW/GSM7001049_GaseE804028.pairs.gz	E80	early mesoderm
GaseE804030	/Volumes/SumSung500/CSU/0_HiRES/data/hires/GSE223917_RAW/GSM7001051_GaseE804030.pairs.gz	E80	neural tube
GaseE804033	/Volumes/SumSung500/CSU/0_HiRES/data/hires/GSE223917_RAW/GSM7001054_GaseE804033.pairs.gz	E80	mitosis
GaseE804035	/Volumes/SumSung500/CSU/0_HiRES/data/hires/GSE223917_RAW/GSM7001056_GaseE804035.pairs.gz	E80	mitosis
GaseE804037	/Volumes/SumSung500/CSU/0_HiRES/data/hires/GSE223917_RAW/GSM7001058_GaseE804037.pairs.gz	E80	ExE endoderm
GaseE804038	/Volumes/SumSung500/CSU/0_HiRES/data/hires/GSE223917_RAW/GSM7001059_GaseE804038.pairs.gz	E80	NMP
GaseE804039	/Volumes/SumSung500/CSU/0_HiRES/data/hires/GSE223917_RAW/GSM7001060_GaseE804039.pairs.gz	E80	ExE mesoderm
GaseE804041	/Volumes/SumSung500/CSU/0_HiRES/data/hires/GSE223917_RAW/GSM7001062_GaseE804041.pairs.gz	E80	neural tube
GaseE804042	/Volumes/SumSung500/CSU/0_HiRES/data/hires/GSE223917_RAW/GSM7001063_GaseE804042.pairs.gz	E80	blood
GaseE804043	/Volumes/SumSung500/CSU/0_HiRES/data/hires/GSE223917_RAW/GSM7001064_GaseE804043.pairs.gz	E80	endoderm
GaseE804045	/Volumes/SumSung500/CSU/0_HiRES/data/hires/GSE223917_RAW/GSM7001066_GaseE804045.pairs.gz	E80	mitosis
GaseE804047	/Volumes/SumSung500/CSU/0_HiRES/data/hires/GSE223917_RAW/GSM7001068_GaseE804047.pairs.gz	E80	neural ectoderm
GaseE804048	/Volumes/SumSung500/CSU/0_HiRES/data/hires/GSE223917_RAW/GSM7001069_GaseE804048.pairs.gz	E80	ExE mesoderm
GaseE804053	/Volumes/SumSung500/CSU/0_HiRES/data/hires/GSE223917_RAW/GSM7001074_GaseE804053.pairs.gz	E80	blood
GaseE804055	/Volumes/SumSung500/CSU/0_HiRES/data/hires/GSE223917_RAW/GSM7001076_GaseE804055.pairs.gz	E80	epithelial cells
GaseE804056	/Volumes/SumSung500/CSU/0_HiRES/data/hires/GSE223917_RAW/GSM7001077_GaseE804056.pairs.gz	E80	intermediate mesoderm
GaseE804057	/Volumes/SumSung500/CSU/0_HiRES/data/hires/GSE223917_RAW/GSM7001078_GaseE804057.pairs.gz	E80	epithelial cells
GaseE804058	/Volumes/SumSung500/CSU/0_HiRES/data/hires/GSE223917_RAW/GSM7001079_GaseE804058.pairs.gz	E80	ExE endoderm
GaseE804059	/Volumes/SumSung500/CSU/0_HiRES/data/hires/GSE223917_RAW/GSM7001080_GaseE804059.pairs.gz	E80	neural tube
GaseE804060	/Volumes/SumSung500/CSU/0_HiRES/data/hires/GSE223917_RAW/GSM7001081_GaseE804060.pairs.gz	E80	early mesoderm
GaseE804061	/Volumes/SumSung500/CSU/0_HiRES/data/hires/GSE223917_RAW/GSM7001082_GaseE804061.pairs.gz	E80	ExE mesoderm
GaseE804062	/Volumes/SumSung500/CSU/0_HiRES/data/hires/GSE223917_RAW/GSM7001083_GaseE804062.pairs.gz	E80	neural tube
GaseE804064	/Volumes/SumSung500/CSU/0_HiRES/data/hires/GSE223917_RAW/GSM7001085_GaseE804064.pairs.gz	E80	blood
GaseE804066	/Volumes/SumSung500/CSU/0_HiRES/data/hires/GSE223917_RAW/GSM7001087_GaseE804066.pairs.gz	E80	epithelial cells
GaseE804070	/Volumes/SumSung500/CSU/0_HiRES/data/hires/GSE223917_RAW/GSM7001091_GaseE804070.pairs.gz	E80	ExE ectoderm
GaseE804071	/Volumes/SumSung500/CSU/0_HiRES/data/hires/GSE223917_RAW/GSM7001092_GaseE804071.pairs.gz	E80	blood
GaseE804073	/Volumes/SumSung500/CSU/0_HiRES/data/hires/GSE223917_RAW/GSM7001094_GaseE804073.pairs.gz	E80	blood
GaseE804075	/Volumes/SumSung500/CSU/0_HiRES/data/hires/GSE223917_RAW/GSM7001096_GaseE804075.pairs.gz	E80	epithelial cells
GaseE804076	/Volumes/SumSung500/CSU/0_HiRES/data/hires/GSE223917_RAW/GSM7001097_GaseE804076.pairs.gz	E80	ExE ectoderm
GaseE804077	/Volumes/SumSung500/CSU/0_HiRES/data/hires/GSE223917_RAW/GSM7001098_GaseE804077.pairs.gz	E80	neural tube
GaseE804078	/Volumes/SumSung500/CSU/0_HiRES/data/hires/GSE223917_RAW/GSM7001099_GaseE804078.pairs.gz	E80	blood
GaseE804081	/Volumes/SumSung500/CSU/0_HiRES/data/hires/GSE223917_RAW/GSM7001102_GaseE804081.pairs.gz	E80	ExE mesoderm
GaseE804082	/Volumes/SumSung500/CSU/0_HiRES/data/hires/GSE223917_RAW/GSM7001103_GaseE804082.pairs.gz	E80	epithelial cells
GaseE804083	/Volumes/SumSung500/CSU/0_HiRES/data/hires/GSE223917_RAW/GSM7001104_GaseE804083.pairs.gz	E80	ExE mesoderm
GaseE804084	/Volumes/SumSung500/CSU/0_HiRES/data/hires/GSE223917_RAW/GSM7001105_GaseE804084.pairs.gz	E80	ExE mesoderm
GaseE804085	/Volumes/SumSung500/CSU/0_HiRES/data/hires/GSE223917_RAW/GSM7001106_GaseE804085.pairs.gz	E80	neural tube
GaseE804086	/Volumes/SumSung500/CSU/0_HiRES/data/hires/GSE223917_RAW/GSM7001107_GaseE804086.pairs.gz	E80	ExE mesoderm
GaseE804088	/Volumes/SumSung500/CSU/0_HiRES/data/hires/GSE223917_RAW/GSM7001109_GaseE804088.pairs.gz	E80	epithelial cells
GaseE804089	/Volumes/SumSung500/CSU/0_HiRES/data/hires/GSE223917_RAW/GSM7001110_GaseE804089.pairs.gz	E80	early mesenchyme
GaseE804090	/Volumes/SumSung500/CSU/0_HiRES/data/hires/GSE223917_RAW/GSM7001111_GaseE804090.pairs.gz	E80	blood
GaseE804092	/Volumes/SumSung500/CSU/0_HiRES/data/hires/GSE223917_RAW/GSM7001113_GaseE804092.pairs.gz	E80	epithelial cells
GaseE804093	/Volumes/SumSung500/CSU/0_HiRES/data/hires/GSE223917_RAW/GSM7001114_GaseE804093.pairs.gz	E80	mitosis
GaseE804095	/Volumes/SumSung500/CSU/0_HiRES/data/hires/GSE223917_RAW/GSM7001116_GaseE804095.pairs.gz	E80	ExE ectoderm
GaseE804096	/Volumes/SumSung500/CSU/0_HiRES/data/hires/GSE223917_RAW/GSM7001117_GaseE804096.pairs.gz	E80	ExE mesoderm
GaseE804097	/Volumes/SumSung500/CSU/0_HiRES/data/hires/GSE223917_RAW/GSM7001118_GaseE804097.pairs.gz	E80	neural tube
GaseE804098	/Volumes/SumSung500/CSU/0_HiRES/data/hires/GSE223917_RAW/GSM7001119_GaseE804098.pairs.gz	E80	neural tube
GaseE804099	/Volumes/SumSung500/CSU/0_HiRES/data/hires/GSE223917_RAW/GSM7001120_GaseE804099.pairs.gz	E80	blood
GaseE804100	/Volumes/SumSung500/CSU/0_HiRES/data/hires/GSE223917_RAW/GSM7001121_GaseE804100.pairs.gz	E80	ExE endoderm
GaseE804101	/Volumes/SumSung500/CSU/0_HiRES/data/hires/GSE223917_RAW/GSM7001122_GaseE804101.pairs.gz	E80	epithelial cells
GaseE804102	/Volumes/SumSung500/CSU/0_HiRES/data/hires/GSE223917_RAW/GSM7001123_GaseE804102.pairs.gz	E80	ExE endoderm
GaseE804103	/Volumes/SumSung500/CSU/0_HiRES/data/hires/GSE223917_RAW/GSM7001124_GaseE804103.pairs.gz	E80	early mesenchyme
GaseE804108	/Volumes/SumSung500/CSU/0_HiRES/data/hires/GSE223917_RAW/GSM7001129_GaseE804108.pairs.gz	E80	mitosis
GaseE804109	/Volumes/SumSung500/CSU/0_HiRES/data/hires/GSE223917_RAW/GSM7001130_GaseE804109.pairs.gz	E80	ExE mesoderm
GaseE804110	/Volumes/SumSung500/CSU/0_HiRES/data/hires/GSE223917_RAW/GSM7001131_GaseE804110.pairs.gz	E80	neural tube
GaseE804112	/Volumes/SumSung500/CSU/0_HiRES/data/hires/GSE223917_RAW/GSM7001132_GaseE804112.pairs.gz	E80	NMP
GaseE804115	/Volumes/SumSung500/CSU/0_HiRES/data/hires/GSE223917_RAW/GSM7001135_GaseE804115.pairs.gz	E80	early mesenchyme
GaseE804116	/Volumes/SumSung500/CSU/0_HiRES/data/hires/GSE223917_RAW/GSM7001136_GaseE804116.pairs.gz	E80	NMP
GaseE804118	/Volumes/SumSung500/CSU/0_HiRES/data/hires/GSE223917_RAW/GSM7001138_GaseE804118.pairs.gz	E80	ExE mesoderm
GaseE804120	/Volumes/SumSung500/CSU/0_HiRES/data/hires/GSE223917_RAW/GSM7001140_GaseE804120.pairs.gz	E80	ExE ectoderm
GaseE804122	/Volumes/SumSung500/CSU/0_HiRES/data/hires/GSE223917_RAW/GSM7001142_GaseE804122.pairs.gz	E80	ExE mesoderm
GaseE804125	/Volumes/SumSung500/CSU/0_HiRES/data/hires/GSE223917_RAW/GSM7001144_GaseE804125.pairs.gz	E80	ExE endoderm
GaseE804127	/Volumes/SumSung500/CSU/0_HiRES/data/hires/GSE223917_RAW/GSM7001146_GaseE804127.pairs.gz	E80	neural tube
GaseE804130	/Volumes/SumSung500/CSU/0_HiRES/data/hires/GSE223917_RAW/GSM7001149_GaseE804130.pairs.gz	E80	neural ectoderm
GaseE804132	/Volumes/SumSung500/CSU/0_HiRES/data/hires/GSE223917_RAW/GSM7001151_GaseE804132.pairs.gz	E80	ExE endoderm
GaseE804135	/Volumes/SumSung500/CSU/0_HiRES/data/hires/GSE223917_RAW/GSM7001154_GaseE804135.pairs.gz	E80	mitosis
GaseE804138	/Volumes/SumSung500/CSU/0_HiRES/data/hires/GSE223917_RAW/GSM7001157_GaseE804138.pairs.gz	E80	epithelial cells
GaseE804141	/Volumes/SumSung500/CSU/0_HiRES/data/hires/GSE223917_RAW/GSM7001160_GaseE804141.pairs.gz	E80	neural ectoderm
GaseE804142	/Volumes/SumSung500/CSU/0_HiRES/data/hires/GSE223917_RAW/GSM7001161_GaseE804142.pairs.gz	E80	ExE endoderm
GaseE804145	/Volumes/SumSung500/CSU/0_HiRES/data/hires/GSE223917_RAW/GSM7001164_GaseE804145.pairs.gz	E80	blood
GaseE804146	/Volumes/SumSung500/CSU/0_HiRES/data/hires/GSE223917_RAW/GSM7001165_GaseE804146.pairs.gz	E80	neural tube
GaseE804147	/Volumes/SumSung500/CSU/0_HiRES/data/hires/GSE223917_RAW/GSM7001166_GaseE804147.pairs.gz	E80	ExE mesoderm
GaseE804148	/Volumes/SumSung500/CSU/0_HiRES/data/hires/GSE223917_RAW/GSM7001167_GaseE804148.pairs.gz	E80	ExE ectoderm
GaseE804150	/Volumes/SumSung500/CSU/0_HiRES/data/hires/GSE223917_RAW/GSM7001169_GaseE804150.pairs.gz	E80	epithelial cells
GaseE804152	/Volumes/SumSung500/CSU/0_HiRES/data/hires/GSE223917_RAW/GSM7001171_GaseE804152.pairs.gz	E80	blood
GaseE804154	/Volumes/SumSung500/CSU/0_HiRES/data/hires/GSE223917_RAW/GSM7001173_GaseE804154.pairs.gz	E80	ExE endoderm
GaseE804155	/Volumes/SumSung500/CSU/0_HiRES/data/hires/GSE223917_RAW/GSM7001174_GaseE804155.pairs.gz	E80	neural tube
GaseE804156	/Volumes/SumSung500/CSU/0_HiRES/data/hires/GSE223917_RAW/GSM7001175_GaseE804156.pairs.gz	E80	neural ectoderm
GaseE804158	/Volumes/SumSung500/CSU/0_HiRES/data/hires/GSE223917_RAW/GSM7001177_GaseE804158.pairs.gz	E80	blood
GaseE804159	/Volumes/SumSung500/CSU/0_HiRES/data/hires/GSE223917_RAW/GSM7001178_GaseE804159.pairs.gz	E80	mitosis
GaseE804160	/Volumes/SumSung500/CSU/0_HiRES/data/hires/GSE223917_RAW/GSM7001179_GaseE804160.pairs.gz	E80	early mesenchyme
GaseE804162	/Volumes/SumSung500/CSU/0_HiRES/data/hires/GSE223917_RAW/GSM7001181_GaseE804162.pairs.gz	E80	neural ectoderm
GaseE804163	/Volumes/SumSung500/CSU/0_HiRES/data/hires/GSE223917_RAW/GSM7001182_GaseE804163.pairs.gz	E80	blood
GaseE804164	/Volumes/SumSung500/CSU/0_HiRES/data/hires/GSE223917_RAW/GSM7001183_GaseE804164.pairs.gz	E80	ExE mesoderm
GaseE804165	/Volumes/SumSung500/CSU/0_HiRES/data/hires/GSE223917_RAW/GSM7001184_GaseE804165.pairs.gz	E80	ExE mesoderm
GaseE804167	/Volumes/SumSung500/CSU/0_HiRES/data/hires/GSE223917_RAW/GSM7001186_GaseE804167.pairs.gz	E80	ExE ectoderm
GaseE804171	/Volumes/SumSung500/CSU/0_HiRES/data/hires/GSE223917_RAW/GSM7001190_GaseE804171.pairs.gz	E80	early mesenchyme
GaseE804172	/Volumes/SumSung500/CSU/0_HiRES/data/hires/GSE223917_RAW/GSM7001191_GaseE804172.pairs.gz	E80	neural ectoderm
GaseE804173	/Volumes/SumSung500/CSU/0_HiRES/data/hires/GSE223917_RAW/GSM7001192_GaseE804173.pairs.gz	E80	blood
GaseE804174	/Volumes/SumSung500/CSU/0_HiRES/data/hires/GSE223917_RAW/GSM7001193_GaseE804174.pairs.gz	E80	intermediate mesoderm
GaseE804175	/Volumes/SumSung500/CSU/0_HiRES/data/hires/GSE223917_RAW/GSM7001194_GaseE804175.pairs.gz	E80	early mesoderm
GaseE804181	/Volumes/SumSung500/CSU/0_HiRES/data/hires/GSE223917_RAW/GSM7001200_GaseE804181.pairs.gz	E80	neural tube
GaseE804182	/Volumes/SumSung500/CSU/0_HiRES/data/hires/GSE223917_RAW/GSM7001201_GaseE804182.pairs.gz	E80	ExE ectoderm
GaseE804183	/Volumes/SumSung500/CSU/0_HiRES/data/hires/GSE223917_RAW/GSM7001202_GaseE804183.pairs.gz	E80	early mesenchyme
GaseE804185	/Volumes/SumSung500/CSU/0_HiRES/data/hires/GSE223917_RAW/GSM7001204_GaseE804185.pairs.gz	E80	blood
GaseE804186	/Volumes/SumSung500/CSU/0_HiRES/data/hires/GSE223917_RAW/GSM7001205_GaseE804186.pairs.gz	E80	NMP
GaseE804187	/Volumes/SumSung500/CSU/0_HiRES/data/hires/GSE223917_RAW/GSM7001206_GaseE804187.pairs.gz	E80	neural ectoderm
GaseE804189	/Volumes/SumSung500/CSU/0_HiRES/data/hires/GSE223917_RAW/GSM7001208_GaseE804189.pairs.gz	E80	neural tube
GaseE804190	/Volumes/SumSung500/CSU/0_HiRES/data/hires/GSE223917_RAW/GSM7001209_GaseE804190.pairs.gz	E80	ExE mesoderm
GaseE804191	/Volumes/SumSung500/CSU/0_HiRES/data/hires/GSE223917_RAW/GSM7001210_GaseE804191.pairs.gz	E80	blood
GaseE804192	/Volumes/SumSung500/CSU/0_HiRES/data/hires/GSE223917_RAW/GSM7001211_GaseE804192.pairs.gz	E80	blood
GaseE804195	/Volumes/SumSung500/CSU/0_HiRES/data/hires/GSE223917_RAW/GSM7001214_GaseE804195.pairs.gz	E80	NMP
GaseE804196	/Volumes/SumSung500/CSU/0_HiRES/data/hires/GSE223917_RAW/GSM7001215_GaseE804196.pairs.gz	E80	early mesenchyme
GaseE804197	/Volumes/SumSung500/CSU/0_HiRES/data/hires/GSE223917_RAW/GSM7001216_GaseE804197.pairs.gz	E80	blood
GaseE804199	/Volumes/SumSung500/CSU/0_HiRES/data/hires/GSE223917_RAW/GSM7001218_GaseE804199.pairs.gz	E80	epithelial cells
GaseE804200	/Volumes/SumSung500/CSU/0_HiRES/data/hires/GSE223917_RAW/GSM7001219_GaseE804200.pairs.gz	E80	ExE mesoderm
GaseE804201	/Volumes/SumSung500/CSU/0_HiRES/data/hires/GSE223917_RAW/GSM7001220_GaseE804201.pairs.gz	E80	ExE mesoderm
GaseE804204	/Volumes/SumSung500/CSU/0_HiRES/data/hires/GSE223917_RAW/GSM7001222_GaseE804204.pairs.gz	E80	ExE endoderm
GaseE804205	/Volumes/SumSung500/CSU/0_HiRES/data/hires/GSE223917_RAW/GSM7001223_GaseE804205.pairs.gz	E80	early mesenchyme
GaseE804206	/Volumes/SumSung500/CSU/0_HiRES/data/hires/GSE223917_RAW/GSM7001224_GaseE804206.pairs.gz	E80	ExE ectoderm
GaseE804207	/Volumes/SumSung500/CSU/0_HiRES/data/hires/GSE223917_RAW/GSM7001225_GaseE804207.pairs.gz	E80	ExE endoderm
GaseE804208	/Volumes/SumSung500/CSU/0_HiRES/data/hires/GSE223917_RAW/GSM7001226_GaseE804208.pairs.gz	E80	ExE ectoderm
GaseE804209	/Volumes/SumSung500/CSU/0_HiRES/data/hires/GSE223917_RAW/GSM7001227_GaseE804209.pairs.gz	E80	blood
GaseE804211	/Volumes/SumSung500/CSU/0_HiRES/data/hires/GSE223917_RAW/GSM7001229_GaseE804211.pairs.gz	E80	neural ectoderm
GaseE804213	/Volumes/SumSung500/CSU/0_HiRES/data/hires/GSE223917_RAW/GSM7001231_GaseE804213.pairs.gz	E80	early mesenchyme
GaseE804214	/Volumes/SumSung500/CSU/0_HiRES/data/hires/GSE223917_RAW/GSM7001232_GaseE804214.pairs.gz	E80	ExE endoderm
GaseE804221	/Volumes/SumSung500/CSU/0_HiRES/data/hires/GSE223917_RAW/GSM7001239_GaseE804221.pairs.gz	E80	ExE endoderm
GaseE804225	/Volumes/SumSung500/CSU/0_HiRES/data/hires/GSE223917_RAW/GSM7001243_GaseE804225.pairs.gz	E80	blood
GaseE804226	/Volumes/SumSung500/CSU/0_HiRES/data/hires/GSE223917_RAW/GSM7001244_GaseE804226.pairs.gz	E80	neural ectoderm
GaseE804228	/Volumes/SumSung500/CSU/0_HiRES/data/hires/GSE223917_RAW/GSM7001245_GaseE804228.pairs.gz	E80	ExE ectoderm
GaseE804229	/Volumes/SumSung500/CSU/0_HiRES/data/hires/GSE223917_RAW/GSM7001246_GaseE804229.pairs.gz	E80	epithelial cells
GaseE804230	/Volumes/SumSung500/CSU/0_HiRES/data/hires/GSE223917_RAW/GSM7001247_GaseE804230.pairs.gz	E80	ExE endoderm
GaseE804231	/Volumes/SumSung500/CSU/0_HiRES/data/hires/GSE223917_RAW/GSM7001248_GaseE804231.pairs.gz	E80	NMP
GaseE804232	/Volumes/SumSung500/CSU/0_HiRES/data/hires/GSE223917_RAW/GSM7001249_GaseE804232.pairs.gz	E80	endoderm
GaseE804233	/Volumes/SumSung500/CSU/0_HiRES/data/hires/GSE223917_RAW/GSM7001250_GaseE804233.pairs.gz	E80	blood
GaseE804234	/Volumes/SumSung500/CSU/0_HiRES/data/hires/GSE223917_RAW/GSM7001251_GaseE804234.pairs.gz	E80	epithelial cells
GaseE804237	/Volumes/SumSung500/CSU/0_HiRES/data/hires/GSE223917_RAW/GSM7001254_GaseE804237.pairs.gz	E80	ExE endoderm
GaseE804240	/Volumes/SumSung500/CSU/0_HiRES/data/hires/GSE223917_RAW/GSM7001257_GaseE804240.pairs.gz	E80	blood
GaseE804243	/Volumes/SumSung500/CSU/0_HiRES/data/hires/GSE223917_RAW/GSM7001259_GaseE804243.pairs.gz	E80	mitosis
GaseE804244	/Volumes/SumSung500/CSU/0_HiRES/data/hires/GSE223917_RAW/GSM7001260_GaseE804244.pairs.gz	E80	neural tube
GaseE804246	/Volumes/SumSung500/CSU/0_HiRES/data/hires/GSE223917_RAW/GSM7001262_GaseE804246.pairs.gz	E80	epithelial cells
GaseE804249	/Volumes/SumSung500/CSU/0_HiRES/data/hires/GSE223917_RAW/GSM7001265_GaseE804249.pairs.gz	E80	ExE endoderm
GaseE804251	/Volumes/SumSung500/CSU/0_HiRES/data/hires/GSE223917_RAW/GSM7001267_GaseE804251.pairs.gz	E80	ExE mesoderm
GaseE804252	/Volumes/SumSung500/CSU/0_HiRES/data/hires/GSE223917_RAW/GSM7001268_GaseE804252.pairs.gz	E80	neural ectoderm
GaseE804253	/Volumes/SumSung500/CSU/0_HiRES/data/hires/GSE223917_RAW/GSM7001269_GaseE804253.pairs.gz	E80	ExE endoderm
GaseE804255	/Volumes/SumSung500/CSU/0_HiRES/data/hires/GSE223917_RAW/GSM7001271_GaseE804255.pairs.gz	E80	neural ectoderm
GaseE804256	/Volumes/SumSung500/CSU/0_HiRES/data/hires/GSE223917_RAW/GSM7001272_GaseE804256.pairs.gz	E80	epithelial cells
GaseE804258	/Volumes/SumSung500/CSU/0_HiRES/data/hires/GSE223917_RAW/GSM7001273_GaseE804258.pairs.gz	E80	neural ectoderm
GaseE804259	/Volumes/SumSung500/CSU/0_HiRES/data/hires/GSE223917_RAW/GSM7001274_GaseE804259.pairs.gz	E80	endoderm
GaseE804260	/Volumes/SumSung500/CSU/0_HiRES/data/hires/GSE223917_RAW/GSM7001275_GaseE804260.pairs.gz	E80	ExE endoderm
GaseE804262	/Volumes/SumSung500/CSU/0_HiRES/data/hires/GSE223917_RAW/GSM7001277_GaseE804262.pairs.gz	E80	mitosis
GaseE804263	/Volumes/SumSung500/CSU/0_HiRES/data/hires/GSE223917_RAW/GSM7001278_GaseE804263.pairs.gz	E80	epithelial cells
GaseE804264	/Volumes/SumSung500/CSU/0_HiRES/data/hires/GSE223917_RAW/GSM7001279_GaseE804264.pairs.gz	E80	early mesenchyme
GaseE804265	/Volumes/SumSung500/CSU/0_HiRES/data/hires/GSE223917_RAW/GSM7001280_GaseE804265.pairs.gz	E80	early mesoderm
GaseE804267	/Volumes/SumSung500/CSU/0_HiRES/data/hires/GSE223917_RAW/GSM7001282_GaseE804267.pairs.gz	E80	ExE endoderm
GaseE804268	/Volumes/SumSung500/CSU/0_HiRES/data/hires/GSE223917_RAW/GSM7001283_GaseE804268.pairs.gz	E80	epithelial cells
GaseE804271	/Volumes/SumSung500/CSU/0_HiRES/data/hires/GSE223917_RAW/GSM7001286_GaseE804271.pairs.gz	E80	early mesenchyme
GaseE804272	/Volumes/SumSung500/CSU/0_HiRES/data/hires/GSE223917_RAW/GSM7001287_GaseE804272.pairs.gz	E80	ExE ectoderm
GaseE804273	/Volumes/SumSung500/CSU/0_HiRES/data/hires/GSE223917_RAW/GSM7001288_GaseE804273.pairs.gz	E80	ExE ectoderm
GaseE804274	/Volumes/SumSung500/CSU/0_HiRES/data/hires/GSE223917_RAW/GSM7001289_GaseE804274.pairs.gz	E80	ExE endoderm
GaseE804275	/Volumes/SumSung500/CSU/0_HiRES/data/hires/GSE223917_RAW/GSM7001290_GaseE804275.pairs.gz	E80	early mesenchyme
GaseE804276	/Volumes/SumSung500/CSU/0_HiRES/data/hires/GSE223917_RAW/GSM7001291_GaseE804276.pairs.gz	E80	ExE mesoderm
GaseE804277	/Volumes/SumSung500/CSU/0_HiRES/data/hires/GSE223917_RAW/GSM7001292_GaseE804277.pairs.gz	E80	ExE ectoderm
GaseE804279	/Volumes/SumSung500/CSU/0_HiRES/data/hires/GSE223917_RAW/GSM7001294_GaseE804279.pairs.gz	E80	ExE endoderm
GaseE804280	/Volumes/SumSung500/CSU/0_HiRES/data/hires/GSE223917_RAW/GSM7001295_GaseE804280.pairs.gz	E80	epithelial cells
GaseE804281	/Volumes/SumSung500/CSU/0_HiRES/data/hires/GSE223917_RAW/GSM7001296_GaseE804281.pairs.gz	E80	endoderm
GaseE804282	/Volumes/SumSung500/CSU/0_HiRES/data/hires/GSE223917_RAW/GSM7001297_GaseE804282.pairs.gz	E80	ExE mesoderm
GaseE804284	/Volumes/SumSung500/CSU/0_HiRES/data/hires/GSE223917_RAW/GSM7001299_GaseE804284.pairs.gz	E80	blood
GaseE804288	/Volumes/SumSung500/CSU/0_HiRES/data/hires/GSE223917_RAW/GSM7001301_GaseE804288.pairs.gz	E80	mitosis
GaseE804289	/Volumes/SumSung500/CSU/0_HiRES/data/hires/GSE223917_RAW/GSM7001302_GaseE804289.pairs.gz	E80	ExE mesoderm
GaseE804290	/Volumes/SumSung500/CSU/0_HiRES/data/hires/GSE223917_RAW/GSM7001303_GaseE804290.pairs.gz	E80	ExE mesoderm
GaseE804293	/Volumes/SumSung500/CSU/0_HiRES/data/hires/GSE223917_RAW/GSM7001306_GaseE804293.pairs.gz	E80	early mesenchyme
GaseE804295	/Volumes/SumSung500/CSU/0_HiRES/data/hires/GSE223917_RAW/GSM7001308_GaseE804295.pairs.gz	E80	ExE endoderm
GaseE804297	/Volumes/SumSung500/CSU/0_HiRES/data/hires/GSE223917_RAW/GSM7001310_GaseE804297.pairs.gz	E80	early mesoderm
GaseE804300	/Volumes/SumSung500/CSU/0_HiRES/data/hires/GSE223917_RAW/GSM7001313_GaseE804300.pairs.gz	E80	neural ectoderm
GaseE804301	/Volumes/SumSung500/CSU/0_HiRES/data/hires/GSE223917_RAW/GSM7001314_GaseE804301.pairs.gz	E80	endoderm
GaseE804303	/Volumes/SumSung500/CSU/0_HiRES/data/hires/GSE223917_RAW/GSM7001316_GaseE804303.pairs.gz	E80	mitosis
GaseE804305	/Volumes/SumSung500/CSU/0_HiRES/data/hires/GSE223917_RAW/GSM7001318_GaseE804305.pairs.gz	E80	ExE mesoderm
GaseE804306	/Volumes/SumSung500/CSU/0_HiRES/data/hires/GSE223917_RAW/GSM7001319_GaseE804306.pairs.gz	E80	ExE ectoderm
GaseE804308	/Volumes/SumSung500/CSU/0_HiRES/data/hires/GSE223917_RAW/GSM7001321_GaseE804308.pairs.gz	E80	neural tube
GaseE804309	/Volumes/SumSung500/CSU/0_HiRES/data/hires/GSE223917_RAW/GSM7001322_GaseE804309.pairs.gz	E80	early mesenchyme
GaseE804310	/Volumes/SumSung500/CSU/0_HiRES/data/hires/GSE223917_RAW/GSM7001323_GaseE804310.pairs.gz	E80	neural ectoderm
GaseE804312	/Volumes/SumSung500/CSU/0_HiRES/data/hires/GSE223917_RAW/GSM7001325_GaseE804312.pairs.gz	E80	ExE mesoderm
GaseE804315	/Volumes/SumSung500/CSU/0_HiRES/data/hires/GSE223917_RAW/GSM7001328_GaseE804315.pairs.gz	E80	early mesoderm
GaseE804316	/Volumes/SumSung500/CSU/0_HiRES/data/hires/GSE223917_RAW/GSM7001329_GaseE804316.pairs.gz	E80	neural tube
GaseE804317	/Volumes/SumSung500/CSU/0_HiRES/data/hires/GSE223917_RAW/GSM7001330_GaseE804317.pairs.gz	E80	early mesoderm
GaseE804318	/Volumes/SumSung500/CSU/0_HiRES/data/hires/GSE223917_RAW/GSM7001331_GaseE804318.pairs.gz	E80	blood
GaseE804321	/Volumes/SumSung500/CSU/0_HiRES/data/hires/GSE223917_RAW/GSM7001334_GaseE804321.pairs.gz	E80	early mesenchyme
GaseE804323	/Volumes/SumSung500/CSU/0_HiRES/data/hires/GSE223917_RAW/GSM7001336_GaseE804323.pairs.gz	E80	early mesoderm
GaseE804327	/Volumes/SumSung500/CSU/0_HiRES/data/hires/GSE223917_RAW/GSM7001340_GaseE804327.pairs.gz	E80	endoderm
GaseE804329	/Volumes/SumSung500/CSU/0_HiRES/data/hires/GSE223917_RAW/GSM7001342_GaseE804329.pairs.gz	E80	neural tube
GaseE804331	/Volumes/SumSung500/CSU/0_HiRES/data/hires/GSE223917_RAW/GSM7001344_GaseE804331.pairs.gz	E80	neural ectoderm
GaseE804333	/Volumes/SumSung500/CSU/0_HiRES/data/hires/GSE223917_RAW/GSM7001346_GaseE804333.pairs.gz	E80	neural ectoderm
GaseE804336	/Volumes/SumSung500/CSU/0_HiRES/data/hires/GSE223917_RAW/GSM7001349_GaseE804336.pairs.gz	E80	neural tube
GaseE804337	/Volumes/SumSung500/CSU/0_HiRES/data/hires/GSE223917_RAW/GSM7001350_GaseE804337.pairs.gz	E80	ExE mesoderm
GaseE804338	/Volumes/SumSung500/CSU/0_HiRES/data/hires/GSE223917_RAW/GSM7001351_GaseE804338.pairs.gz	E80	ExE mesoderm
GaseE804346	/Volumes/SumSung500/CSU/0_HiRES/data/hires/GSE223917_RAW/GSM7001359_GaseE804346.pairs.gz	E80	early mesenchyme
GaseE804348	/Volumes/SumSung500/CSU/0_HiRES/data/hires/GSE223917_RAW/GSM7001361_GaseE804348.pairs.gz	E80	ExE endoderm
GaseE804350	/Volumes/SumSung500/CSU/0_HiRES/data/hires/GSE223917_RAW/GSM7001363_GaseE804350.pairs.gz	E80	ExE endoderm
GaseE804352	/Volumes/SumSung500/CSU/0_HiRES/data/hires/GSE223917_RAW/GSM7001365_GaseE804352.pairs.gz	E80	early mesenchyme
GaseE804357	/Volumes/SumSung500/CSU/0_HiRES/data/hires/GSE223917_RAW/GSM7001370_GaseE804357.pairs.gz	E80	mitosis
GaseE804358	/Volumes/SumSung500/CSU/0_HiRES/data/hires/GSE223917_RAW/GSM7001371_GaseE804358.pairs.gz	E80	ExE endoderm
GaseE804361	/Volumes/SumSung500/CSU/0_HiRES/data/hires/GSE223917_RAW/GSM7001374_GaseE804361.pairs.gz	E80	ExE endoderm
GaseE804362	/Volumes/SumSung500/CSU/0_HiRES/data/hires/GSE223917_RAW/GSM7001375_GaseE804362.pairs.gz	E80	neural tube
GaseE804364	/Volumes/SumSung500/CSU/0_HiRES/data/hires/GSE223917_RAW/GSM7001377_GaseE804364.pairs.gz	E80	neural tube
GaseE804366	/Volumes/SumSung500/CSU/0_HiRES/data/hires/GSE223917_RAW/GSM7001379_GaseE804366.pairs.gz	E80	mitosis
GaseE804367	/Volumes/SumSung500/CSU/0_HiRES/data/hires/GSE223917_RAW/GSM7001380_GaseE804367.pairs.gz	E80	ExE mesoderm
GaseE804371	/Volumes/SumSung500/CSU/0_HiRES/data/hires/GSE223917_RAW/GSM7001384_GaseE804371.pairs.gz	E80	ExE mesoderm
GaseE804372	/Volumes/SumSung500/CSU/0_HiRES/data/hires/GSE223917_RAW/GSM7001385_GaseE804372.pairs.gz	E80	ExE endoderm
GaseE804373	/Volumes/SumSung500/CSU/0_HiRES/data/hires/GSE223917_RAW/GSM7001386_GaseE804373.pairs.gz	E80	ExE mesoderm
GaseE804377	/Volumes/SumSung500/CSU/0_HiRES/data/hires/GSE223917_RAW/GSM7001390_GaseE804377.pairs.gz	E80	blood
GaseE804378	/Volumes/SumSung500/CSU/0_HiRES/data/hires/GSE223917_RAW/GSM7001391_GaseE804378.pairs.gz	E80	mitosis
GaseE804379	/Volumes/SumSung500/CSU/0_HiRES/data/hires/GSE223917_RAW/GSM7001392_GaseE804379.pairs.gz	E80	ExE mesoderm
GaseE804380	/Volumes/SumSung500/CSU/0_HiRES/data/hires/GSE223917_RAW/GSM7001393_GaseE804380.pairs.gz	E80	ExE mesoderm
GaseE804383	/Volumes/SumSung500/CSU/0_HiRES/data/hires/GSE223917_RAW/GSM7001396_GaseE804383.pairs.gz	E80	ExE endoderm
GaseE804384	/Volumes/SumSung500/CSU/0_HiRES/data/hires/GSE223917_RAW/GSM7001397_GaseE804384.pairs.gz	E80	ExE mesoderm
GasfE703001	/Volumes/SumSung500/CSU/0_HiRES/data/hires/GSE223917_RAW/GSM7001398_GasfE703001.pairs.gz	E70	early mesoderm
GasfE703003	/Volumes/SumSung500/CSU/0_HiRES/data/hires/GSE223917_RAW/GSM7001400_GasfE703003.pairs.gz	E70	early mesoderm
GasfE703004	/Volumes/SumSung500/CSU/0_HiRES/data/hires/GSE223917_RAW/GSM7001401_GasfE703004.pairs.gz	E70	mitosis
GasfE703005	/Volumes/SumSung500/CSU/0_HiRES/data/hires/GSE223917_RAW/GSM7001402_GasfE703005.pairs.gz	E70	mitosis
GasfE703006	/Volumes/SumSung500/CSU/0_HiRES/data/hires/GSE223917_RAW/GSM7001403_GasfE703006.pairs.gz	E70	epiblast and PS
GasfE703007	/Volumes/SumSung500/CSU/0_HiRES/data/hires/GSE223917_RAW/GSM7001404_GasfE703007.pairs.gz	E70	early mesoderm
GasfE703008	/Volumes/SumSung500/CSU/0_HiRES/data/hires/GSE223917_RAW/GSM7001405_GasfE703008.pairs.gz	E70	early mesoderm
GasfE703009	/Volumes/SumSung500/CSU/0_HiRES/data/hires/GSE223917_RAW/GSM7001406_GasfE703009.pairs.gz	E70	epiblast and PS
GasfE703010	/Volumes/SumSung500/CSU/0_HiRES/data/hires/GSE223917_RAW/GSM7001407_GasfE703010.pairs.gz	E70	early mesoderm
GasfE703011	/Volumes/SumSung500/CSU/0_HiRES/data/hires/GSE223917_RAW/GSM7001408_GasfE703011.pairs.gz	E70	epiblast and PS
GasfE703012	/Volumes/SumSung500/CSU/0_HiRES/data/hires/GSE223917_RAW/GSM7001409_GasfE703012.pairs.gz	E70	ExE ectoderm
GasfE703013	/Volumes/SumSung500/CSU/0_HiRES/data/hires/GSE223917_RAW/GSM7001410_GasfE703013.pairs.gz	E70	epiblast and PS
GasfE703014	/Volumes/SumSung500/CSU/0_HiRES/data/hires/GSE223917_RAW/GSM7001411_GasfE703014.pairs.gz	E70	ExE endoderm
GasfE703015	/Volumes/SumSung500/CSU/0_HiRES/data/hires/GSE223917_RAW/GSM7001412_GasfE703015.pairs.gz	E70	epiblast and PS
GasfE703018	/Volumes/SumSung500/CSU/0_HiRES/data/hires/GSE223917_RAW/GSM7001414_GasfE703018.pairs.gz	E70	ExE ectoderm
GasfE703019	/Volumes/SumSung500/CSU/0_HiRES/data/hires/GSE223917_RAW/GSM7001415_GasfE703019.pairs.gz	E70	ExE ectoderm
GasfE703020	/Volumes/SumSung500/CSU/0_HiRES/data/hires/GSE223917_RAW/GSM7001416_GasfE703020.pairs.gz	E70	mitosis
GasfE703021	/Volumes/SumSung500/CSU/0_HiRES/data/hires/GSE223917_RAW/GSM7001417_GasfE703021.pairs.gz	E70	epiblast and PS
GasfE703022	/Volumes/SumSung500/CSU/0_HiRES/data/hires/GSE223917_RAW/GSM7001418_GasfE703022.pairs.gz	E70	endoderm
GasfE703023	/Volumes/SumSung500/CSU/0_HiRES/data/hires/GSE223917_RAW/GSM7001419_GasfE703023.pairs.gz	E70	ExE ectoderm
GasfE703024	/Volumes/SumSung500/CSU/0_HiRES/data/hires/GSE223917_RAW/GSM7001420_GasfE703024.pairs.gz	E70	ExE endoderm
GasfE703025	/Volumes/SumSung500/CSU/0_HiRES/data/hires/GSE223917_RAW/GSM7001421_GasfE703025.pairs.gz	E70	epiblast and PS
GasfE703026	/Volumes/SumSung500/CSU/0_HiRES/data/hires/GSE223917_RAW/GSM7001422_GasfE703026.pairs.gz	E70	ExE endoderm
GasfE703027	/Volumes/SumSung500/CSU/0_HiRES/data/hires/GSE223917_RAW/GSM7001423_GasfE703027.pairs.gz	E70	epiblast and PS
GasfE703028	/Volumes/SumSung500/CSU/0_HiRES/data/hires/GSE223917_RAW/GSM7001424_GasfE703028.pairs.gz	E70	ExE ectoderm
GasfE703029	/Volumes/SumSung500/CSU/0_HiRES/data/hires/GSE223917_RAW/GSM7001425_GasfE703029.pairs.gz	E70	epiblast and PS
GasfE703030	/Volumes/SumSung500/CSU/0_HiRES/data/hires/GSE223917_RAW/GSM7001426_GasfE703030.pairs.gz	E70	ExE endoderm
GasfE703031	/Volumes/SumSung500/CSU/0_HiRES/data/hires/GSE223917_RAW/GSM7001427_GasfE703031.pairs.gz	E70	mitosis
GasfE703032	/Volumes/SumSung500/CSU/0_HiRES/data/hires/GSE223917_RAW/GSM7001428_GasfE703032.pairs.gz	E70	epiblast and PS
GasfE703033	/Volumes/SumSung500/CSU/0_HiRES/data/hires/GSE223917_RAW/GSM7001429_GasfE703033.pairs.gz	E70	ExE ectoderm
GasfE703034	/Volumes/SumSung500/CSU/0_HiRES/data/hires/GSE223917_RAW/GSM7001430_GasfE703034.pairs.gz	E70	early mesoderm
GasfE703035	/Volumes/SumSung500/CSU/0_HiRES/data/hires/GSE223917_RAW/GSM7001431_GasfE703035.pairs.gz	E70	early mesenchyme
GasfE703036	/Volumes/SumSung500/CSU/0_HiRES/data/hires/GSE223917_RAW/GSM7001432_GasfE703036.pairs.gz	E70	ExE endoderm
GasfE703037	/Volumes/SumSung500/CSU/0_HiRES/data/hires/GSE223917_RAW/GSM7001433_GasfE703037.pairs.gz	E70	ExE ectoderm
GasfE703038	/Volumes/SumSung500/CSU/0_HiRES/data/hires/GSE223917_RAW/GSM7001434_GasfE703038.pairs.gz	E70	epiblast and PS
GasfE703039	/Volumes/SumSung500/CSU/0_HiRES/data/hires/GSE223917_RAW/GSM7001435_GasfE703039.pairs.gz	E70	ExE endoderm
GasfE703040	/Volumes/SumSung500/CSU/0_HiRES/data/hires/GSE223917_RAW/GSM7001436_GasfE703040.pairs.gz	E70	early mesoderm
GasfE703041	/Volumes/SumSung500/CSU/0_HiRES/data/hires/GSE223917_RAW/GSM7001437_GasfE703041.pairs.gz	E70	early mesoderm
GasfE703042	/Volumes/SumSung500/CSU/0_HiRES/data/hires/GSE223917_RAW/GSM7001438_GasfE703042.pairs.gz	E70	ExE endoderm
GasfE703043	/Volumes/SumSung500/CSU/0_HiRES/data/hires/GSE223917_RAW/GSM7001439_GasfE703043.pairs.gz	E70	epiblast and PS
GasfE703044	/Volumes/SumSung500/CSU/0_HiRES/data/hires/GSE223917_RAW/GSM7001440_GasfE703044.pairs.gz	E70	ExE endoderm
GasfE703045	/Volumes/SumSung500/CSU/0_HiRES/data/hires/GSE223917_RAW/GSM7001441_GasfE703045.pairs.gz	E70	epiblast and PS
GasfE703046	/Volumes/SumSung500/CSU/0_HiRES/data/hires/GSE223917_RAW/GSM7001442_GasfE703046.pairs.gz	E70	epiblast and PS
GasfE703047	/Volumes/SumSung500/CSU/0_HiRES/data/hires/GSE223917_RAW/GSM7001443_GasfE703047.pairs.gz	E70	epiblast and PS
GasfE703048	/Volumes/SumSung500/CSU/0_HiRES/data/hires/GSE223917_RAW/GSM7001444_GasfE703048.pairs.gz	E70	early mesoderm
GasfE703049	/Volumes/SumSung500/CSU/0_HiRES/data/hires/GSE223917_RAW/GSM7001445_GasfE703049.pairs.gz	E70	early mesoderm
GasfE703050	/Volumes/SumSung500/CSU/0_HiRES/data/hires/GSE223917_RAW/GSM7001446_GasfE703050.pairs.gz	E70	mitosis
GasfE703051	/Volumes/SumSung500/CSU/0_HiRES/data/hires/GSE223917_RAW/GSM7001447_GasfE703051.pairs.gz	E70	epiblast and PS
GasfE703052	/Volumes/SumSung500/CSU/0_HiRES/data/hires/GSE223917_RAW/GSM7001448_GasfE703052.pairs.gz	E70	epiblast and PS
GasfE703053	/Volumes/SumSung500/CSU/0_HiRES/data/hires/GSE223917_RAW/GSM7001449_GasfE703053.pairs.gz	E70	ExE endoderm
GasfE703054	/Volumes/SumSung500/CSU/0_HiRES/data/hires/GSE223917_RAW/GSM7001450_GasfE703054.pairs.gz	E70	mitosis
GasfE703056	/Volumes/SumSung500/CSU/0_HiRES/data/hires/GSE223917_RAW/GSM7001452_GasfE703056.pairs.gz	E70	ExE endoderm
GasfE703058	/Volumes/SumSung500/CSU/0_HiRES/data/hires/GSE223917_RAW/GSM7001454_GasfE703058.pairs.gz	E70	early mesoderm
GasfE703059	/Volumes/SumSung500/CSU/0_HiRES/data/hires/GSE223917_RAW/GSM7001455_GasfE703059.pairs.gz	E70	early mesoderm
GasfE703060	/Volumes/SumSung500/CSU/0_HiRES/data/hires/GSE223917_RAW/GSM7001456_GasfE703060.pairs.gz	E70	early mesoderm
GasfE703061	/Volumes/SumSung500/CSU/0_HiRES/data/hires/GSE223917_RAW/GSM7001457_GasfE703061.pairs.gz	E70	epiblast and PS
GasfE703062	/Volumes/SumSung500/CSU/0_HiRES/data/hires/GSE223917_RAW/GSM7001458_GasfE703062.pairs.gz	E70	endoderm
GasfE703063	/Volumes/SumSung500/CSU/0_HiRES/data/hires/GSE223917_RAW/GSM7001459_GasfE703063.pairs.gz	E70	early mesoderm
GasfE703064	/Volumes/SumSung500/CSU/0_HiRES/data/hires/GSE223917_RAW/GSM7001460_GasfE703064.pairs.gz	E70	blood
GasfE703065	/Volumes/SumSung500/CSU/0_HiRES/data/hires/GSE223917_RAW/GSM7001461_GasfE703065.pairs.gz	E70	ExE endoderm
GasfE703066	/Volumes/SumSung500/CSU/0_HiRES/data/hires/GSE223917_RAW/GSM7001462_GasfE703066.pairs.gz	E70	epiblast and PS
GasfE703067	/Volumes/SumSung500/CSU/0_HiRES/data/hires/GSE223917_RAW/GSM7001463_GasfE703067.pairs.gz	E70	mitosis
GasfE703068	/Volumes/SumSung500/CSU/0_HiRES/data/hires/GSE223917_RAW/GSM7001464_GasfE703068.pairs.gz	E70	ExE endoderm
GasfE703069	/Volumes/SumSung500/CSU/0_HiRES/data/hires/GSE223917_RAW/GSM7001465_GasfE703069.pairs.gz	E70	ExE endoderm
GasfE703070	/Volumes/SumSung500/CSU/0_HiRES/data/hires/GSE223917_RAW/GSM7001466_GasfE703070.pairs.gz	E70	epiblast and PS
GasfE703071	/Volumes/SumSung500/CSU/0_HiRES/data/hires/GSE223917_RAW/GSM7001467_GasfE703071.pairs.gz	E70	blood
GasfE703072	/Volumes/SumSung500/CSU/0_HiRES/data/hires/GSE223917_RAW/GSM7001468_GasfE703072.pairs.gz	E70	epiblast and PS
GasfE703073	/Volumes/SumSung500/CSU/0_HiRES/data/hires/GSE223917_RAW/GSM7001469_GasfE703073.pairs.gz	E70	epiblast and PS
GasfE703074	/Volumes/SumSung500/CSU/0_HiRES/data/hires/GSE223917_RAW/GSM7001470_GasfE703074.pairs.gz	E70	ExE ectoderm
GasfE703075	/Volumes/SumSung500/CSU/0_HiRES/data/hires/GSE223917_RAW/GSM7001471_GasfE703075.pairs.gz	E70	epiblast and PS
GasfE703076	/Volumes/SumSung500/CSU/0_HiRES/data/hires/GSE223917_RAW/GSM7001472_GasfE703076.pairs.gz	E70	ExE ectoderm
GasfE703077	/Volumes/SumSung500/CSU/0_HiRES/data/hires/GSE223917_RAW/GSM7001473_GasfE703077.pairs.gz	E70	ExE mesoderm
GasfE703078	/Volumes/SumSung500/CSU/0_HiRES/data/hires/GSE223917_RAW/GSM7001474_GasfE703078.pairs.gz	E70	ExE mesoderm
GasfE703079	/Volumes/SumSung500/CSU/0_HiRES/data/hires/GSE223917_RAW/GSM7001475_GasfE703079.pairs.gz	E70	epiblast and PS
GasfE703080	/Volumes/SumSung500/CSU/0_HiRES/data/hires/GSE223917_RAW/GSM7001476_GasfE703080.pairs.gz	E70	ExE endoderm
GasfE703081	/Volumes/SumSung500/CSU/0_HiRES/data/hires/GSE223917_RAW/GSM7001477_GasfE703081.pairs.gz	E70	ExE ectoderm
GasfE703082	/Volumes/SumSung500/CSU/0_HiRES/data/hires/GSE223917_RAW/GSM7001478_GasfE703082.pairs.gz	E70	epiblast and PS
GasfE703083	/Volumes/SumSung500/CSU/0_HiRES/data/hires/GSE223917_RAW/GSM7001479_GasfE703083.pairs.gz	E70	mitosis
GasfE703084	/Volumes/SumSung500/CSU/0_HiRES/data/hires/GSE223917_RAW/GSM7001480_GasfE703084.pairs.gz	E70	epiblast and PS
GasfE703085	/Volumes/SumSung500/CSU/0_HiRES/data/hires/GSE223917_RAW/GSM7001481_GasfE703085.pairs.gz	E70	ExE endoderm
GasfE703086	/Volumes/SumSung500/CSU/0_HiRES/data/hires/GSE223917_RAW/GSM7001482_GasfE703086.pairs.gz	E70	epiblast and PS
GasfE703087	/Volumes/SumSung500/CSU/0_HiRES/data/hires/GSE223917_RAW/GSM7001483_GasfE703087.pairs.gz	E70	ExE ectoderm
GasfE703089	/Volumes/SumSung500/CSU/0_HiRES/data/hires/GSE223917_RAW/GSM7001484_GasfE703089.pairs.gz	E70	mitosis
GasfE703090	/Volumes/SumSung500/CSU/0_HiRES/data/hires/GSE223917_RAW/GSM7001485_GasfE703090.pairs.gz	E70	ExE mesoderm
GasfE703091	/Volumes/SumSung500/CSU/0_HiRES/data/hires/GSE223917_RAW/GSM7001486_GasfE703091.pairs.gz	E70	epiblast and PS
GasfE703092	/Volumes/SumSung500/CSU/0_HiRES/data/hires/GSE223917_RAW/GSM7001487_GasfE703092.pairs.gz	E70	ExE endoderm
GasfE703094	/Volumes/SumSung500/CSU/0_HiRES/data/hires/GSE223917_RAW/GSM7001489_GasfE703094.pairs.gz	E70	epiblast and PS
GasfE703095	/Volumes/SumSung500/CSU/0_HiRES/data/hires/GSE223917_RAW/GSM7001490_GasfE703095.pairs.gz	E70	ExE endoderm
GasfE703096	/Volumes/SumSung500/CSU/0_HiRES/data/hires/GSE223917_RAW/GSM7001491_GasfE703096.pairs.gz	E70	ExE ectoderm
GasfE703097	/Volumes/SumSung500/CSU/0_HiRES/data/hires/GSE223917_RAW/GSM7001492_GasfE703097.pairs.gz	E70	ExE endoderm
GasfE703098	/Volumes/SumSung500/CSU/0_HiRES/data/hires/GSE223917_RAW/GSM7001493_GasfE703098.pairs.gz	E70	ExE endoderm
GasfE703099	/Volumes/SumSung500/CSU/0_HiRES/data/hires/GSE223917_RAW/GSM7001494_GasfE703099.pairs.gz	E70	mitosis
GasfE703100	/Volumes/SumSung500/CSU/0_HiRES/data/hires/GSE223917_RAW/GSM7001495_GasfE703100.pairs.gz	E70	mitosis
GasfE703101	/Volumes/SumSung500/CSU/0_HiRES/data/hires/GSE223917_RAW/GSM7001496_GasfE703101.pairs.gz	E70	early mesoderm
GasfE703102	/Volumes/SumSung500/CSU/0_HiRES/data/hires/GSE223917_RAW/GSM7001497_GasfE703102.pairs.gz	E70	epiblast and PS
GasfE703103	/Volumes/SumSung500/CSU/0_HiRES/data/hires/GSE223917_RAW/GSM7001498_GasfE703103.pairs.gz	E70	epiblast and PS
GasfE703104	/Volumes/SumSung500/CSU/0_HiRES/data/hires/GSE223917_RAW/GSM7001499_GasfE703104.pairs.gz	E70	epiblast and PS
GasfE703105	/Volumes/SumSung500/CSU/0_HiRES/data/hires/GSE223917_RAW/GSM7001500_GasfE703105.pairs.gz	E70	epiblast and PS
GasfE703106	/Volumes/SumSung500/CSU/0_HiRES/data/hires/GSE223917_RAW/GSM7001501_GasfE703106.pairs.gz	E70	early mesoderm
GasfE703107	/Volumes/SumSung500/CSU/0_HiRES/data/hires/GSE223917_RAW/GSM7001502_GasfE703107.pairs.gz	E70	epiblast and PS
GasfE703108	/Volumes/SumSung500/CSU/0_HiRES/data/hires/GSE223917_RAW/GSM7001503_GasfE703108.pairs.gz	E70	ExE endoderm
GasfE703110	/Volumes/SumSung500/CSU/0_HiRES/data/hires/GSE223917_RAW/GSM7001504_GasfE703110.pairs.gz	E70	epiblast and PS
GasfE703111	/Volumes/SumSung500/CSU/0_HiRES/data/hires/GSE223917_RAW/GSM7001505_GasfE703111.pairs.gz	E70	ExE endoderm
GasfE703112	/Volumes/SumSung500/CSU/0_HiRES/data/hires/GSE223917_RAW/GSM7001506_GasfE703112.pairs.gz	E70	epiblast and PS
GasfE703113	/Volumes/SumSung500/CSU/0_HiRES/data/hires/GSE223917_RAW/GSM7001507_GasfE703113.pairs.gz	E70	epiblast and PS
GasfE703114	/Volumes/SumSung500/CSU/0_HiRES/data/hires/GSE223917_RAW/GSM7001508_GasfE703114.pairs.gz	E70	epiblast and PS
GasfE703115	/Volumes/SumSung500/CSU/0_HiRES/data/hires/GSE223917_RAW/GSM7001509_GasfE703115.pairs.gz	E70	epiblast and PS
GasfE703116	/Volumes/SumSung500/CSU/0_HiRES/data/hires/GSE223917_RAW/GSM7001510_GasfE703116.pairs.gz	E70	early mesoderm
GasfE703117	/Volumes/SumSung500/CSU/0_HiRES/data/hires/GSE223917_RAW/GSM7001511_GasfE703117.pairs.gz	E70	epiblast and PS
GasfE703118	/Volumes/SumSung500/CSU/0_HiRES/data/hires/GSE223917_RAW/GSM7001512_GasfE703118.pairs.gz	E70	ExE endoderm
GasfE703119	/Volumes/SumSung500/CSU/0_HiRES/data/hires/GSE223917_RAW/GSM7001513_GasfE703119.pairs.gz	E70	ExE endoderm
GasfE703120	/Volumes/SumSung500/CSU/0_HiRES/data/hires/GSE223917_RAW/GSM7001514_GasfE703120.pairs.gz	E70	early mesoderm
GasfE703121	/Volumes/SumSung500/CSU/0_HiRES/data/hires/GSE223917_RAW/GSM7001515_GasfE703121.pairs.gz	E70	epiblast and PS
GasfE703123	/Volumes/SumSung500/CSU/0_HiRES/data/hires/GSE223917_RAW/GSM7001517_GasfE703123.pairs.gz	E70	ExE endoderm
GasfE703124	/Volumes/SumSung500/CSU/0_HiRES/data/hires/GSE223917_RAW/GSM7001518_GasfE703124.pairs.gz	E70	epiblast and PS
GasfE703125	/Volumes/SumSung500/CSU/0_HiRES/data/hires/GSE223917_RAW/GSM7001519_GasfE703125.pairs.gz	E70	ExE endoderm
GasfE703126	/Volumes/SumSung500/CSU/0_HiRES/data/hires/GSE223917_RAW/GSM7001520_GasfE703126.pairs.gz	E70	ExE endoderm
GasfE703128	/Volumes/SumSung500/CSU/0_HiRES/data/hires/GSE223917_RAW/GSM7001521_GasfE703128.pairs.gz	E70	ExE endoderm
GasfE703129	/Volumes/SumSung500/CSU/0_HiRES/data/hires/GSE223917_RAW/GSM7001522_GasfE703129.pairs.gz	E70	ExE endoderm
GasfE703131	/Volumes/SumSung500/CSU/0_HiRES/data/hires/GSE223917_RAW/GSM7001524_GasfE703131.pairs.gz	E70	blood
GasfE703132	/Volumes/SumSung500/CSU/0_HiRES/data/hires/GSE223917_RAW/GSM7001525_GasfE703132.pairs.gz	E70	epiblast and PS
GasfE703133	/Volumes/SumSung500/CSU/0_HiRES/data/hires/GSE223917_RAW/GSM7001526_GasfE703133.pairs.gz	E70	ExE endoderm
GasfE703134	/Volumes/SumSung500/CSU/0_HiRES/data/hires/GSE223917_RAW/GSM7001527_GasfE703134.pairs.gz	E70	epiblast and PS
GasfE703135	/Volumes/SumSung500/CSU/0_HiRES/data/hires/GSE223917_RAW/GSM7001528_GasfE703135.pairs.gz	E70	ExE endoderm
GasfE703136	/Volumes/SumSung500/CSU/0_HiRES/data/hires/GSE223917_RAW/GSM7001529_GasfE703136.pairs.gz	E70	endoderm
GasfE703137	/Volumes/SumSung500/CSU/0_HiRES/data/hires/GSE223917_RAW/GSM7001530_GasfE703137.pairs.gz	E70	early mesoderm
GasfE703138	/Volumes/SumSung500/CSU/0_HiRES/data/hires/GSE223917_RAW/GSM7001531_GasfE703138.pairs.gz	E70	ExE ectoderm
GasfE703139	/Volumes/SumSung500/CSU/0_HiRES/data/hires/GSE223917_RAW/GSM7001532_GasfE703139.pairs.gz	E70	epiblast and PS
GasfE703140	/Volumes/SumSung500/CSU/0_HiRES/data/hires/GSE223917_RAW/GSM7001533_GasfE703140.pairs.gz	E70	epiblast and PS
GasfE703141	/Volumes/SumSung500/CSU/0_HiRES/data/hires/GSE223917_RAW/GSM7001534_GasfE703141.pairs.gz	E70	epiblast and PS
GasfE703142	/Volumes/SumSung500/CSU/0_HiRES/data/hires/GSE223917_RAW/GSM7001535_GasfE703142.pairs.gz	E70	epiblast and PS
GasfE703143	/Volumes/SumSung500/CSU/0_HiRES/data/hires/GSE223917_RAW/GSM7001536_GasfE703143.pairs.gz	E70	blood
GasfE703144	/Volumes/SumSung500/CSU/0_HiRES/data/hires/GSE223917_RAW/GSM7001537_GasfE703144.pairs.gz	E70	ExE endoderm
GasfE703145	/Volumes/SumSung500/CSU/0_HiRES/data/hires/GSE223917_RAW/GSM7001538_GasfE703145.pairs.gz	E70	epiblast and PS
GasfE703146	/Volumes/SumSung500/CSU/0_HiRES/data/hires/GSE223917_RAW/GSM7001539_GasfE703146.pairs.gz	E70	epiblast and PS
GasfE703148	/Volumes/SumSung500/CSU/0_HiRES/data/hires/GSE223917_RAW/GSM7001540_GasfE703148.pairs.gz	E70	ExE endoderm
GasfE703149	/Volumes/SumSung500/CSU/0_HiRES/data/hires/GSE223917_RAW/GSM7001541_GasfE703149.pairs.gz	E70	ExE endoderm
GasfE703150	/Volumes/SumSung500/CSU/0_HiRES/data/hires/GSE223917_RAW/GSM7001542_GasfE703150.pairs.gz	E70	epiblast and PS
GasfE703151	/Volumes/SumSung500/CSU/0_HiRES/data/hires/GSE223917_RAW/GSM7001543_GasfE703151.pairs.gz	E70	ExE endoderm
GasfE703152	/Volumes/SumSung500/CSU/0_HiRES/data/hires/GSE223917_RAW/GSM7001544_GasfE703152.pairs.gz	E70	epiblast and PS
GasfE703153	/Volumes/SumSung500/CSU/0_HiRES/data/hires/GSE223917_RAW/GSM7001545_GasfE703153.pairs.gz	E70	ExE ectoderm
GasfE703155	/Volumes/SumSung500/CSU/0_HiRES/data/hires/GSE223917_RAW/GSM7001547_GasfE703155.pairs.gz	E70	epiblast and PS
GasfE703156	/Volumes/SumSung500/CSU/0_HiRES/data/hires/GSE223917_RAW/GSM7001548_GasfE703156.pairs.gz	E70	early mesoderm
GasfE703157	/Volumes/SumSung500/CSU/0_HiRES/data/hires/GSE223917_RAW/GSM7001549_GasfE703157.pairs.gz	E70	early mesoderm
GasfE703158	/Volumes/SumSung500/CSU/0_HiRES/data/hires/GSE223917_RAW/GSM7001550_GasfE703158.pairs.gz	E70	epiblast and PS
GasfE703159	/Volumes/SumSung500/CSU/0_HiRES/data/hires/GSE223917_RAW/GSM7001551_GasfE703159.pairs.gz	E70	epiblast and PS
GasfE703161	/Volumes/SumSung500/CSU/0_HiRES/data/hires/GSE223917_RAW/GSM7001553_GasfE703161.pairs.gz	E70	ExE endoderm
GasfE703162	/Volumes/SumSung500/CSU/0_HiRES/data/hires/GSE223917_RAW/GSM7001554_GasfE703162.pairs.gz	E70	ExE ectoderm
GasfE703164	/Volumes/SumSung500/CSU/0_HiRES/data/hires/GSE223917_RAW/GSM7001556_GasfE703164.pairs.gz	E70	epiblast and PS
GasfE703165	/Volumes/SumSung500/CSU/0_HiRES/data/hires/GSE223917_RAW/GSM7001557_GasfE703165.pairs.gz	E70	epiblast and PS
GasfE703166	/Volumes/SumSung500/CSU/0_HiRES/data/hires/GSE223917_RAW/GSM7001558_GasfE703166.pairs.gz	E70	ExE ectoderm
GasfE703168	/Volumes/SumSung500/CSU/0_HiRES/data/hires/GSE223917_RAW/GSM7001560_GasfE703168.pairs.gz	E70	early mesoderm
GasfE703169	/Volumes/SumSung500/CSU/0_HiRES/data/hires/GSE223917_RAW/GSM7001561_GasfE703169.pairs.gz	E70	epiblast and PS
GasfE703170	/Volumes/SumSung500/CSU/0_HiRES/data/hires/GSE223917_RAW/GSM7001562_GasfE703170.pairs.gz	E70	epiblast and PS
GasfE703171	/Volumes/SumSung500/CSU/0_HiRES/data/hires/GSE223917_RAW/GSM7001563_GasfE703171.pairs.gz	E70	epiblast and PS
GasfE703173	/Volumes/SumSung500/CSU/0_HiRES/data/hires/GSE223917_RAW/GSM7001565_GasfE703173.pairs.gz	E70	early mesoderm
GasfE703174	/Volumes/SumSung500/CSU/0_HiRES/data/hires/GSE223917_RAW/GSM7001566_GasfE703174.pairs.gz	E70	early mesoderm
GasfE703175	/Volumes/SumSung500/CSU/0_HiRES/data/hires/GSE223917_RAW/GSM7001567_GasfE703175.pairs.gz	E70	ExE endoderm
GasfE703176	/Volumes/SumSung500/CSU/0_HiRES/data/hires/GSE223917_RAW/GSM7001568_GasfE703176.pairs.gz	E70	ExE endoderm
GasfE703177	/Volumes/SumSung500/CSU/0_HiRES/data/hires/GSE223917_RAW/GSM7001569_GasfE703177.pairs.gz	E70	ExE ectoderm
GasfE703178	/Volumes/SumSung500/CSU/0_HiRES/data/hires/GSE223917_RAW/GSM7001570_GasfE703178.pairs.gz	E70	early mesoderm
GasfE703180	/Volumes/SumSung500/CSU/0_HiRES/data/hires/GSE223917_RAW/GSM7001571_GasfE703180.pairs.gz	E70	mitosis
GasfE703181	/Volumes/SumSung500/CSU/0_HiRES/data/hires/GSE223917_RAW/GSM7001572_GasfE703181.pairs.gz	E70	epithelial cells
GasfE703182	/Volumes/SumSung500/CSU/0_HiRES/data/hires/GSE223917_RAW/GSM7001573_GasfE703182.pairs.gz	E70	ExE endoderm
GasfE703184	/Volumes/SumSung500/CSU/0_HiRES/data/hires/GSE223917_RAW/GSM7001574_GasfE703184.pairs.gz	E70	epiblast and PS
GasfE703186	/Volumes/SumSung500/CSU/0_HiRES/data/hires/GSE223917_RAW/GSM7001576_GasfE703186.pairs.gz	E70	early mesoderm
GasfE703187	/Volumes/SumSung500/CSU/0_HiRES/data/hires/GSE223917_RAW/GSM7001577_GasfE703187.pairs.gz	E70	ExE endoderm
GasfE703188	/Volumes/SumSung500/CSU/0_HiRES/data/hires/GSE223917_RAW/GSM7001578_GasfE703188.pairs.gz	E70	mitosis
GasfE703189	/Volumes/SumSung500/CSU/0_HiRES/data/hires/GSE223917_RAW/GSM7001579_GasfE703189.pairs.gz	E70	early mesoderm
GasfE703190	/Volumes/SumSung500/CSU/0_HiRES/data/hires/GSE223917_RAW/GSM7001580_GasfE703190.pairs.gz	E70	endoderm
GasfE703191	/Volumes/SumSung500/CSU/0_HiRES/data/hires/GSE223917_RAW/GSM7001581_GasfE703191.pairs.gz	E70	epiblast and PS
GasfE703192	/Volumes/SumSung500/CSU/0_HiRES/data/hires/GSE223917_RAW/GSM7001582_GasfE703192.pairs.gz	E70	epiblast and PS
GasfE803001	/Volumes/SumSung500/CSU/0_HiRES/data/hires/GSE223917_RAW/GSM7001583_GasfE803001.pairs.gz	E80	early mesenchyme
GasfE803005	/Volumes/SumSung500/CSU/0_HiRES/data/hires/GSE223917_RAW/GSM7001587_GasfE803005.pairs.gz	E80	blood
GasfE803006	/Volumes/SumSung500/CSU/0_HiRES/data/hires/GSE223917_RAW/GSM7001588_GasfE803006.pairs.gz	E80	mitosis
GasfE803007	/Volumes/SumSung500/CSU/0_HiRES/data/hires/GSE223917_RAW/GSM7001589_GasfE803007.pairs.gz	E80	neural ectoderm
GasfE803008	/Volumes/SumSung500/CSU/0_HiRES/data/hires/GSE223917_RAW/GSM7001590_GasfE803008.pairs.gz	E80	NMP
GasfE803009	/Volumes/SumSung500/CSU/0_HiRES/data/hires/GSE223917_RAW/GSM7001591_GasfE803009.pairs.gz	E80	endoderm
GasfE803010	/Volumes/SumSung500/CSU/0_HiRES/data/hires/GSE223917_RAW/GSM7001592_GasfE803010.pairs.gz	E80	early mesenchyme
GasfE803011	/Volumes/SumSung500/CSU/0_HiRES/data/hires/GSE223917_RAW/GSM7001593_GasfE803011.pairs.gz	E80	ExE ectoderm
GasfE803012	/Volumes/SumSung500/CSU/0_HiRES/data/hires/GSE223917_RAW/GSM7001594_GasfE803012.pairs.gz	E80	ExE ectoderm
GasfE803013	/Volumes/SumSung500/CSU/0_HiRES/data/hires/GSE223917_RAW/GSM7001595_GasfE803013.pairs.gz	E80	ExE mesoderm
GasfE803016	/Volumes/SumSung500/CSU/0_HiRES/data/hires/GSE223917_RAW/GSM7001598_GasfE803016.pairs.gz	E80	early mesenchyme
GasfE803017	/Volumes/SumSung500/CSU/0_HiRES/data/hires/GSE223917_RAW/GSM7001599_GasfE803017.pairs.gz	E80	ExE mesoderm
GasfE803020	/Volumes/SumSung500/CSU/0_HiRES/data/hires/GSE223917_RAW/GSM7001602_GasfE803020.pairs.gz	E80	endoderm
GasfE803021	/Volumes/SumSung500/CSU/0_HiRES/data/hires/GSE223917_RAW/GSM7001603_GasfE803021.pairs.gz	E80	neural ectoderm
GasfE803025	/Volumes/SumSung500/CSU/0_HiRES/data/hires/GSE223917_RAW/GSM7001607_GasfE803025.pairs.gz	E80	ExE mesoderm
GasfE803026	/Volumes/SumSung500/CSU/0_HiRES/data/hires/GSE223917_RAW/GSM7001608_GasfE803026.pairs.gz	E80	ExE mesoderm
GasfE803028	/Volumes/SumSung500/CSU/0_HiRES/data/hires/GSE223917_RAW/GSM7001610_GasfE803028.pairs.gz	E80	early mesenchyme
GasfE803031	/Volumes/SumSung500/CSU/0_HiRES/data/hires/GSE223917_RAW/GSM7001613_GasfE803031.pairs.gz	E80	blood
GasfE803033	/Volumes/SumSung500/CSU/0_HiRES/data/hires/GSE223917_RAW/GSM7001615_GasfE803033.pairs.gz	E80	neural ectoderm
GasfE803034	/Volumes/SumSung500/CSU/0_HiRES/data/hires/GSE223917_RAW/GSM7001616_GasfE803034.pairs.gz	E80	ExE endoderm
GasfE803035	/Volumes/SumSung500/CSU/0_HiRES/data/hires/GSE223917_RAW/GSM7001617_GasfE803035.pairs.gz	E80	early mesenchyme
GasfE803036	/Volumes/SumSung500/CSU/0_HiRES/data/hires/GSE223917_RAW/GSM7001618_GasfE803036.pairs.gz	E80	mitosis
GasfE803037	/Volumes/SumSung500/CSU/0_HiRES/data/hires/GSE223917_RAW/GSM7001619_GasfE803037.pairs.gz	E80	ExE ectoderm
GasfE803038	/Volumes/SumSung500/CSU/0_HiRES/data/hires/GSE223917_RAW/GSM7001620_GasfE803038.pairs.gz	E80	early mesenchyme
GasfE803039	/Volumes/SumSung500/CSU/0_HiRES/data/hires/GSE223917_RAW/GSM7001621_GasfE803039.pairs.gz	E80	endoderm
GasfE803040	/Volumes/SumSung500/CSU/0_HiRES/data/hires/GSE223917_RAW/GSM7001622_GasfE803040.pairs.gz	E80	ExE endoderm
GasfE803041	/Volumes/SumSung500/CSU/0_HiRES/data/hires/GSE223917_RAW/GSM7001623_GasfE803041.pairs.gz	E80	neural tube
GasfE803042	/Volumes/SumSung500/CSU/0_HiRES/data/hires/GSE223917_RAW/GSM7001624_GasfE803042.pairs.gz	E80	ExE endoderm
GasfE803045	/Volumes/SumSung500/CSU/0_HiRES/data/hires/GSE223917_RAW/GSM7001627_GasfE803045.pairs.gz	E80	mitosis
GasfE803048	/Volumes/SumSung500/CSU/0_HiRES/data/hires/GSE223917_RAW/GSM7001630_GasfE803048.pairs.gz	E80	mitosis
GasfE803061	/Volumes/SumSung500/CSU/0_HiRES/data/hires/GSE223917_RAW/GSM7001642_GasfE803061.pairs.gz	E80	ExE endoderm
GasfE803062	/Volumes/SumSung500/CSU/0_HiRES/data/hires/GSE223917_RAW/GSM7001643_GasfE803062.pairs.gz	E80	NMP
GasfE803063	/Volumes/SumSung500/CSU/0_HiRES/data/hires/GSE223917_RAW/GSM7001644_GasfE803063.pairs.gz	E80	epithelial cells
GasfE803066	/Volumes/SumSung500/CSU/0_HiRES/data/hires/GSE223917_RAW/GSM7001646_GasfE803066.pairs.gz	E80	neural tube
GasfE803068	/Volumes/SumSung500/CSU/0_HiRES/data/hires/GSE223917_RAW/GSM7001647_GasfE803068.pairs.gz	E80	mitosis
GasfE803070	/Volumes/SumSung500/CSU/0_HiRES/data/hires/GSE223917_RAW/GSM7001649_GasfE803070.pairs.gz	E80	NMP
GasfE803071	/Volumes/SumSung500/CSU/0_HiRES/data/hires/GSE223917_RAW/GSM7001650_GasfE803071.pairs.gz	E80	early mesenchyme
GasfE803072	/Volumes/SumSung500/CSU/0_HiRES/data/hires/GSE223917_RAW/GSM7001651_GasfE803072.pairs.gz	E80	blood
GasfE803073	/Volumes/SumSung500/CSU/0_HiRES/data/hires/GSE223917_RAW/GSM7001652_GasfE803073.pairs.gz	E80	neural tube
GasfE803074	/Volumes/SumSung500/CSU/0_HiRES/data/hires/GSE223917_RAW/GSM7001653_GasfE803074.pairs.gz	E80	ExE endoderm
GasfE803076	/Volumes/SumSung500/CSU/0_HiRES/data/hires/GSE223917_RAW/GSM7001655_GasfE803076.pairs.gz	E80	mitosis
GasfE803077	/Volumes/SumSung500/CSU/0_HiRES/data/hires/GSE223917_RAW/GSM7001656_GasfE803077.pairs.gz	E80	ExE ectoderm
GasfE803079	/Volumes/SumSung500/CSU/0_HiRES/data/hires/GSE223917_RAW/GSM7001658_GasfE803079.pairs.gz	E80	endoderm
GasfE803081	/Volumes/SumSung500/CSU/0_HiRES/data/hires/GSE223917_RAW/GSM7001660_GasfE803081.pairs.gz	E80	ExE mesoderm
GasfE803082	/Volumes/SumSung500/CSU/0_HiRES/data/hires/GSE223917_RAW/GSM7001661_GasfE803082.pairs.gz	E80	neural ectoderm
GasfE803083	/Volumes/SumSung500/CSU/0_HiRES/data/hires/GSE223917_RAW/GSM7001662_GasfE803083.pairs.gz	E80	early mesenchyme
GasfE803085	/Volumes/SumSung500/CSU/0_HiRES/data/hires/GSE223917_RAW/GSM7001664_GasfE803085.pairs.gz	E80	ExE ectoderm
GasfE803088	/Volumes/SumSung500/CSU/0_HiRES/data/hires/GSE223917_RAW/GSM7001667_GasfE803088.pairs.gz	E80	blood
GasfE803092	/Volumes/SumSung500/CSU/0_HiRES/data/hires/GSE223917_RAW/GSM7001670_GasfE803092.pairs.gz	E80	NMP
GasfE803094	/Volumes/SumSung500/CSU/0_HiRES/data/hires/GSE223917_RAW/GSM7001671_GasfE803094.pairs.gz	E80	blood
GasfE803096	/Volumes/SumSung500/CSU/0_HiRES/data/hires/GSE223917_RAW/GSM7001673_GasfE803096.pairs.gz	E80	endoderm
OrgaE952002	/Volumes/SumSung500/CSU/0_HiRES/data/hires/GSE223917_RAW/GSM7001674_OrgaE952002.pairs.gz	E95	radial glias
OrgaE952003	/Volumes/SumSung500/CSU/0_HiRES/data/hires/GSE223917_RAW/GSM7001675_OrgaE952003.pairs.gz	E95	blood
OrgaE952005	/Volumes/SumSung500/CSU/0_HiRES/data/hires/GSE223917_RAW/GSM7001677_OrgaE952005.pairs.gz	E95	intermediate mesoderm
OrgaE952006	/Volumes/SumSung500/CSU/0_HiRES/data/hires/GSE223917_RAW/GSM7001678_OrgaE952006.pairs.gz	E95	radial glias
OrgaE952008	/Volumes/SumSung500/CSU/0_HiRES/data/hires/GSE223917_RAW/GSM7001680_OrgaE952008.pairs.gz	E95	mitosis
OrgaE952009	/Volumes/SumSung500/CSU/0_HiRES/data/hires/GSE223917_RAW/GSM7001681_OrgaE952009.pairs.gz	E95	radial glias
OrgaE952011	/Volumes/SumSung500/CSU/0_HiRES/data/hires/GSE223917_RAW/GSM7001683_OrgaE952011.pairs.gz	E95	early neurons
OrgaE952013	/Volumes/SumSung500/CSU/0_HiRES/data/hires/GSE223917_RAW/GSM7001684_OrgaE952013.pairs.gz	E95	schwann cell precursors
OrgaE952014	/Volumes/SumSung500/CSU/0_HiRES/data/hires/GSE223917_RAW/GSM7001685_OrgaE952014.pairs.gz	E95	intermediate mesoderm
OrgaE952019	/Volumes/SumSung500/CSU/0_HiRES/data/hires/GSE223917_RAW/GSM7001690_OrgaE952019.pairs.gz	E95	early neurons
OrgaE952020	/Volumes/SumSung500/CSU/0_HiRES/data/hires/GSE223917_RAW/GSM7001691_OrgaE952020.pairs.gz	E95	intermediate mesoderm
OrgaE952022	/Volumes/SumSung500/CSU/0_HiRES/data/hires/GSE223917_RAW/GSM7001693_OrgaE952022.pairs.gz	E95	radial glias
OrgaE952024	/Volumes/SumSung500/CSU/0_HiRES/data/hires/GSE223917_RAW/GSM7001695_OrgaE952024.pairs.gz	E95	mitosis
OrgaE952027	/Volumes/SumSung500/CSU/0_HiRES/data/hires/GSE223917_RAW/GSM7001698_OrgaE952027.pairs.gz	E95	radial glias
OrgaE952028	/Volumes/SumSung500/CSU/0_HiRES/data/hires/GSE223917_RAW/GSM7001699_OrgaE952028.pairs.gz	E95	oligodendrocytes and progenitors
OrgaE952029	/Volumes/SumSung500/CSU/0_HiRES/data/hires/GSE223917_RAW/GSM7001700_OrgaE952029.pairs.gz	E95	epithelial cells
OrgaE952031	/Volumes/SumSung500/CSU/0_HiRES/data/hires/GSE223917_RAW/GSM7001702_OrgaE952031.pairs.gz	E95	radial glias
OrgaE952032	/Volumes/SumSung500/CSU/0_HiRES/data/hires/GSE223917_RAW/GSM7001703_OrgaE952032.pairs.gz	E95	mix late mesenchyme
OrgaE952033	/Volumes/SumSung500/CSU/0_HiRES/data/hires/GSE223917_RAW/GSM7001704_OrgaE952033.pairs.gz	E95	notochord
OrgaE952034	/Volumes/SumSung500/CSU/0_HiRES/data/hires/GSE223917_RAW/GSM7001705_OrgaE952034.pairs.gz	E95	radial glias
OrgaE952042	/Volumes/SumSung500/CSU/0_HiRES/data/hires/GSE223917_RAW/GSM7001711_OrgaE952042.pairs.gz	E95	intermediate mesoderm
OrgaE952049	/Volumes/SumSung500/CSU/0_HiRES/data/hires/GSE223917_RAW/GSM7001717_OrgaE952049.pairs.gz	E95	mitosis
OrgaE952051	/Volumes/SumSung500/CSU/0_HiRES/data/hires/GSE223917_RAW/GSM7001719_OrgaE952051.pairs.gz	E95	notochord
OrgaE952053	/Volumes/SumSung500/CSU/0_HiRES/data/hires/GSE223917_RAW/GSM7001721_OrgaE952053.pairs.gz	E95	early neurons
OrgaE952054	/Volumes/SumSung500/CSU/0_HiRES/data/hires/GSE223917_RAW/GSM7001722_OrgaE952054.pairs.gz	E95	mix late mesenchyme
OrgaE952056	/Volumes/SumSung500/CSU/0_HiRES/data/hires/GSE223917_RAW/GSM7001724_OrgaE952056.pairs.gz	E95	early mesenchyme
OrgaE952059	/Volumes/SumSung500/CSU/0_HiRES/data/hires/GSE223917_RAW/GSM7001727_OrgaE952059.pairs.gz	E95	NMP
OrgaE952060	/Volumes/SumSung500/CSU/0_HiRES/data/hires/GSE223917_RAW/GSM7001728_OrgaE952060.pairs.gz	E95	mix late mesenchyme
OrgaE952064	/Volumes/SumSung500/CSU/0_HiRES/data/hires/GSE223917_RAW/GSM7001731_OrgaE952064.pairs.gz	E95	early mesenchyme
OrgaE952066	/Volumes/SumSung500/CSU/0_HiRES/data/hires/GSE223917_RAW/GSM7001733_OrgaE952066.pairs.gz	E95	mix late mesenchyme
OrgaE952068	/Volumes/SumSung500/CSU/0_HiRES/data/hires/GSE223917_RAW/GSM7001735_OrgaE952068.pairs.gz	E95	early neurons
OrgaE952069	/Volumes/SumSung500/CSU/0_HiRES/data/hires/GSE223917_RAW/GSM7001736_OrgaE952069.pairs.gz	E95	blood
OrgaE952070	/Volumes/SumSung500/CSU/0_HiRES/data/hires/GSE223917_RAW/GSM7001737_OrgaE952070.pairs.gz	E95	epithelial cells
OrgaE952072	/Volumes/SumSung500/CSU/0_HiRES/data/hires/GSE223917_RAW/GSM7001739_OrgaE952072.pairs.gz	E95	early neurons
OrgaE952075	/Volumes/SumSung500/CSU/0_HiRES/data/hires/GSE223917_RAW/GSM7001742_OrgaE952075.pairs.gz	E95	intermediate mesoderm
OrgaE952078	/Volumes/SumSung500/CSU/0_HiRES/data/hires/GSE223917_RAW/GSM7001745_OrgaE952078.pairs.gz	E95	schwann cell precursors
OrgaE952079	/Volumes/SumSung500/CSU/0_HiRES/data/hires/GSE223917_RAW/GSM7001746_OrgaE952079.pairs.gz	E95	early mesenchyme
OrgaE952080	/Volumes/SumSung500/CSU/0_HiRES/data/hires/GSE223917_RAW/GSM7001747_OrgaE952080.pairs.gz	E95	mix late mesenchyme
OrgaE952081	/Volumes/SumSung500/CSU/0_HiRES/data/hires/GSE223917_RAW/GSM7001748_OrgaE952081.pairs.gz	E95	mitosis
OrgaE952082	/Volumes/SumSung500/CSU/0_HiRES/data/hires/GSE223917_RAW/GSM7001749_OrgaE952082.pairs.gz	E95	early mesenchyme
OrgaE952083	/Volumes/SumSung500/CSU/0_HiRES/data/hires/GSE223917_RAW/GSM7001750_OrgaE952083.pairs.gz	E95	intermediate mesoderm
OrgaE952087	/Volumes/SumSung500/CSU/0_HiRES/data/hires/GSE223917_RAW/GSM7001754_OrgaE952087.pairs.gz	E95	radial glias
OrgaE952089	/Volumes/SumSung500/CSU/0_HiRES/data/hires/GSE223917_RAW/GSM7001756_OrgaE952089.pairs.gz	E95	notochord
OrgaE952090	/Volumes/SumSung500/CSU/0_HiRES/data/hires/GSE223917_RAW/GSM7001757_OrgaE952090.pairs.gz	E95	mix late mesenchyme
OrgaE952091	/Volumes/SumSung500/CSU/0_HiRES/data/hires/GSE223917_RAW/GSM7001758_OrgaE952091.pairs.gz	E95	epithelial cells
OrgaE952092	/Volumes/SumSung500/CSU/0_HiRES/data/hires/GSE223917_RAW/GSM7001759_OrgaE952092.pairs.gz	E95	NMP
OrgaE952093	/Volumes/SumSung500/CSU/0_HiRES/data/hires/GSE223917_RAW/GSM7001760_OrgaE952093.pairs.gz	E95	mix late mesenchyme
OrgaE952098	/Volumes/SumSung500/CSU/0_HiRES/data/hires/GSE223917_RAW/GSM7001764_OrgaE952098.pairs.gz	E95	notochord
OrgaE952100	/Volumes/SumSung500/CSU/0_HiRES/data/hires/GSE223917_RAW/GSM7001766_OrgaE952100.pairs.gz	E95	early mesenchyme
OrgaE952103	/Volumes/SumSung500/CSU/0_HiRES/data/hires/GSE223917_RAW/GSM7001769_OrgaE952103.pairs.gz	E95	mix late mesenchyme
OrgaE952108	/Volumes/SumSung500/CSU/0_HiRES/data/hires/GSE223917_RAW/GSM7001774_OrgaE952108.pairs.gz	E95	early mesenchyme
OrgaE952109	/Volumes/SumSung500/CSU/0_HiRES/data/hires/GSE223917_RAW/GSM7001775_OrgaE952109.pairs.gz	E95	mitosis
OrgaE952110	/Volumes/SumSung500/CSU/0_HiRES/data/hires/GSE223917_RAW/GSM7001776_OrgaE952110.pairs.gz	E95	mix late mesenchyme
OrgaE952112	/Volumes/SumSung500/CSU/0_HiRES/data/hires/GSE223917_RAW/GSM7001778_OrgaE952112.pairs.gz	E95	radial glias
OrgaE952113	/Volumes/SumSung500/CSU/0_HiRES/data/hires/GSE223917_RAW/GSM7001779_OrgaE952113.pairs.gz	E95	radial glias
OrgaE952116	/Volumes/SumSung500/CSU/0_HiRES/data/hires/GSE223917_RAW/GSM7001782_OrgaE952116.pairs.gz	E95	intermediate mesoderm
OrgaE952117	/Volumes/SumSung500/CSU/0_HiRES/data/hires/GSE223917_RAW/GSM7001783_OrgaE952117.pairs.gz	E95	epithelial cells
OrgaE952118	/Volumes/SumSung500/CSU/0_HiRES/data/hires/GSE223917_RAW/GSM7001784_OrgaE952118.pairs.gz	E95	mix late mesenchyme
OrgaE952119	/Volumes/SumSung500/CSU/0_HiRES/data/hires/GSE223917_RAW/GSM7001785_OrgaE952119.pairs.gz	E95	mix late mesenchyme
OrgaE952120	/Volumes/SumSung500/CSU/0_HiRES/data/hires/GSE223917_RAW/GSM7001786_OrgaE952120.pairs.gz	E95	oligodendrocytes and progenitors
OrgaE952121	/Volumes/SumSung500/CSU/0_HiRES/data/hires/GSE223917_RAW/GSM7001787_OrgaE952121.pairs.gz	E95	mix late mesenchyme
OrgaE952122	/Volumes/SumSung500/CSU/0_HiRES/data/hires/GSE223917_RAW/GSM7001788_OrgaE952122.pairs.gz	E95	mix late mesenchyme
OrgaE952125	/Volumes/SumSung500/CSU/0_HiRES/data/hires/GSE223917_RAW/GSM7001791_OrgaE952125.pairs.gz	E95	blood
OrgaE952126	/Volumes/SumSung500/CSU/0_HiRES/data/hires/GSE223917_RAW/GSM7001792_OrgaE952126.pairs.gz	E95	NMP
OrgaE952128	/Volumes/SumSung500/CSU/0_HiRES/data/hires/GSE223917_RAW/GSM7001794_OrgaE952128.pairs.gz	E95	mix late mesenchyme
OrgaE952130	/Volumes/SumSung500/CSU/0_HiRES/data/hires/GSE223917_RAW/GSM7001796_OrgaE952130.pairs.gz	E95	schwann cell precursors
OrgaE952131	/Volumes/SumSung500/CSU/0_HiRES/data/hires/GSE223917_RAW/GSM7001797_OrgaE952131.pairs.gz	E95	early mesenchyme
OrgaE952133	/Volumes/SumSung500/CSU/0_HiRES/data/hires/GSE223917_RAW/GSM7001799_OrgaE952133.pairs.gz	E95	mitosis
OrgaE952134	/Volumes/SumSung500/CSU/0_HiRES/data/hires/GSE223917_RAW/GSM7001800_OrgaE952134.pairs.gz	E95	radial glias
OrgaE952136	/Volumes/SumSung500/CSU/0_HiRES/data/hires/GSE223917_RAW/GSM7001802_OrgaE952136.pairs.gz	E95	radial glias
OrgaE952137	/Volumes/SumSung500/CSU/0_HiRES/data/hires/GSE223917_RAW/GSM7001803_OrgaE952137.pairs.gz	E95	radial glias
OrgaE952138	/Volumes/SumSung500/CSU/0_HiRES/data/hires/GSE223917_RAW/GSM7001804_OrgaE952138.pairs.gz	E95	notochord
OrgaE952140	/Volumes/SumSung500/CSU/0_HiRES/data/hires/GSE223917_RAW/GSM7001806_OrgaE952140.pairs.gz	E95	early mesenchyme
OrgaE952141	/Volumes/SumSung500/CSU/0_HiRES/data/hires/GSE223917_RAW/GSM7001807_OrgaE952141.pairs.gz	E95	early neurons
OrgaE952142	/Volumes/SumSung500/CSU/0_HiRES/data/hires/GSE223917_RAW/GSM7001808_OrgaE952142.pairs.gz	E95	early neurons
OrgaE952144	/Volumes/SumSung500/CSU/0_HiRES/data/hires/GSE223917_RAW/GSM7001810_OrgaE952144.pairs.gz	E95	mix late mesenchyme
OrgaE952145	/Volumes/SumSung500/CSU/0_HiRES/data/hires/GSE223917_RAW/GSM7001811_OrgaE952145.pairs.gz	E95	early neurons
OrgaE952146	/Volumes/SumSung500/CSU/0_HiRES/data/hires/GSE223917_RAW/GSM7001812_OrgaE952146.pairs.gz	E95	early mesenchyme
OrgaE952148	/Volumes/SumSung500/CSU/0_HiRES/data/hires/GSE223917_RAW/GSM7001814_OrgaE952148.pairs.gz	E95	myocytes
OrgaE952149	/Volumes/SumSung500/CSU/0_HiRES/data/hires/GSE223917_RAW/GSM7001815_OrgaE952149.pairs.gz	E95	mix late mesenchyme
OrgaE952150	/Volumes/SumSung500/CSU/0_HiRES/data/hires/GSE223917_RAW/GSM7001816_OrgaE952150.pairs.gz	E95	epithelial cells
OrgaE952171	/Volumes/SumSung500/CSU/0_HiRES/data/hires/GSE223917_RAW/GSM7001821_OrgaE952171.pairs.gz	E95	neural tube
OrgaE952174	/Volumes/SumSung500/CSU/0_HiRES/data/hires/GSE223917_RAW/GSM7001824_OrgaE952174.pairs.gz	E95	oligodendrocytes and progenitors
OrgaE952175	/Volumes/SumSung500/CSU/0_HiRES/data/hires/GSE223917_RAW/GSM7001825_OrgaE952175.pairs.gz	E95	radial glias
OrgaE952176	/Volumes/SumSung500/CSU/0_HiRES/data/hires/GSE223917_RAW/GSM7001826_OrgaE952176.pairs.gz	E95	early neurons
OrgaE952177	/Volumes/SumSung500/CSU/0_HiRES/data/hires/GSE223917_RAW/GSM7001827_OrgaE952177.pairs.gz	E95	neural tube
OrgaE952178	/Volumes/SumSung500/CSU/0_HiRES/data/hires/GSE223917_RAW/GSM7001828_OrgaE952178.pairs.gz	E95	early mesenchyme
OrgaE952180	/Volumes/SumSung500/CSU/0_HiRES/data/hires/GSE223917_RAW/GSM7001830_OrgaE952180.pairs.gz	E95	radial glias
OrgaE952181	/Volumes/SumSung500/CSU/0_HiRES/data/hires/GSE223917_RAW/GSM7001831_OrgaE952181.pairs.gz	E95	notochord
OrgaE952185	/Volumes/SumSung500/CSU/0_HiRES/data/hires/GSE223917_RAW/GSM7001835_OrgaE952185.pairs.gz	E95	notochord
OrgaE952188	/Volumes/SumSung500/CSU/0_HiRES/data/hires/GSE223917_RAW/GSM7001838_OrgaE952188.pairs.gz	E95	radial glias
OrgaE952189	/Volumes/SumSung500/CSU/0_HiRES/data/hires/GSE223917_RAW/GSM7001839_OrgaE952189.pairs.gz	E95	epithelial cells
OrgaE952193	/Volumes/SumSung500/CSU/0_HiRES/data/hires/GSE223917_RAW/GSM7001843_OrgaE952193.pairs.gz	E95	mix late mesenchyme
OrgaE952194	/Volumes/SumSung500/CSU/0_HiRES/data/hires/GSE223917_RAW/GSM7001844_OrgaE952194.pairs.gz	E95	mix late mesenchyme
OrgaE952195	/Volumes/SumSung500/CSU/0_HiRES/data/hires/GSE223917_RAW/GSM7001845_OrgaE952195.pairs.gz	E95	early mesenchyme
OrgaE952197	/Volumes/SumSung500/CSU/0_HiRES/data/hires/GSE223917_RAW/GSM7001847_OrgaE952197.pairs.gz	E95	radial glias
OrgaE952198	/Volumes/SumSung500/CSU/0_HiRES/data/hires/GSE223917_RAW/GSM7001848_OrgaE952198.pairs.gz	E95	radial glias
OrgaE952200	/Volumes/SumSung500/CSU/0_HiRES/data/hires/GSE223917_RAW/GSM7001850_OrgaE952200.pairs.gz	E95	mitosis
OrgaE952202	/Volumes/SumSung500/CSU/0_HiRES/data/hires/GSE223917_RAW/GSM7001852_OrgaE952202.pairs.gz	E95	mix late mesenchyme
OrgaE952213	/Volumes/SumSung500/CSU/0_HiRES/data/hires/GSE223917_RAW/GSM7001863_OrgaE952213.pairs.gz	E95	early mesenchyme
OrgaE952214	/Volumes/SumSung500/CSU/0_HiRES/data/hires/GSE223917_RAW/GSM7001864_OrgaE952214.pairs.gz	E95	oligodendrocytes and progenitors
OrgaE952215	/Volumes/SumSung500/CSU/0_HiRES/data/hires/GSE223917_RAW/GSM7001865_OrgaE952215.pairs.gz	E95	mix late mesenchyme
OrgaE952218	/Volumes/SumSung500/CSU/0_HiRES/data/hires/GSE223917_RAW/GSM7001868_OrgaE952218.pairs.gz	E95	radial glias
OrgaE952219	/Volumes/SumSung500/CSU/0_HiRES/data/hires/GSE223917_RAW/GSM7001869_OrgaE952219.pairs.gz	E95	radial glias
OrgaE952221	/Volumes/SumSung500/CSU/0_HiRES/data/hires/GSE223917_RAW/GSM7001871_OrgaE952221.pairs.gz	E95	notochord
OrgaE952223	/Volumes/SumSung500/CSU/0_HiRES/data/hires/GSE223917_RAW/GSM7001873_OrgaE952223.pairs.gz	E95	early mesenchyme
OrgaE952225	/Volumes/SumSung500/CSU/0_HiRES/data/hires/GSE223917_RAW/GSM7001875_OrgaE952225.pairs.gz	E95	mix late mesenchyme
OrgaE952227	/Volumes/SumSung500/CSU/0_HiRES/data/hires/GSE223917_RAW/GSM7001877_OrgaE952227.pairs.gz	E95	oligodendrocytes and progenitors
OrgaE952228	/Volumes/SumSung500/CSU/0_HiRES/data/hires/GSE223917_RAW/GSM7001878_OrgaE952228.pairs.gz	E95	early mesenchyme
OrgaE952229	/Volumes/SumSung500/CSU/0_HiRES/data/hires/GSE223917_RAW/GSM7001879_OrgaE952229.pairs.gz	E95	radial glias
OrgaE952234	/Volumes/SumSung500/CSU/0_HiRES/data/hires/GSE223917_RAW/GSM7001884_OrgaE952234.pairs.gz	E95	epithelial cells
OrgaE952236	/Volumes/SumSung500/CSU/0_HiRES/data/hires/GSE223917_RAW/GSM7001886_OrgaE952236.pairs.gz	E95	oligodendrocytes and progenitors
OrgaE952237	/Volumes/SumSung500/CSU/0_HiRES/data/hires/GSE223917_RAW/GSM7001887_OrgaE952237.pairs.gz	E95	intermediate mesoderm
OrgaE952240	/Volumes/SumSung500/CSU/0_HiRES/data/hires/GSE223917_RAW/GSM7001890_OrgaE952240.pairs.gz	E95	mix late mesenchyme
OrgaE952243	/Volumes/SumSung500/CSU/0_HiRES/data/hires/GSE223917_RAW/GSM7001892_OrgaE952243.pairs.gz	E95	mix late mesenchyme
OrgaE952245	/Volumes/SumSung500/CSU/0_HiRES/data/hires/GSE223917_RAW/GSM7001894_OrgaE952245.pairs.gz	E95	early neurons
OrgaE952246	/Volumes/SumSung500/CSU/0_HiRES/data/hires/GSE223917_RAW/GSM7001895_OrgaE952246.pairs.gz	E95	early neurons
OrgaE952247	/Volumes/SumSung500/CSU/0_HiRES/data/hires/GSE223917_RAW/GSM7001896_OrgaE952247.pairs.gz	E95	early mesenchyme
OrgaE952248	/Volumes/SumSung500/CSU/0_HiRES/data/hires/GSE223917_RAW/GSM7001897_OrgaE952248.pairs.gz	E95	schwann cell precursors
OrgaE952251	/Volumes/SumSung500/CSU/0_HiRES/data/hires/GSE223917_RAW/GSM7001900_OrgaE952251.pairs.gz	E95	radial glias
OrgaE952252	/Volumes/SumSung500/CSU/0_HiRES/data/hires/GSE223917_RAW/GSM7001901_OrgaE952252.pairs.gz	E95	neural tube
OrgaE952253	/Volumes/SumSung500/CSU/0_HiRES/data/hires/GSE223917_RAW/GSM7001902_OrgaE952253.pairs.gz	E95	mix late mesenchyme
OrgaE952258	/Volumes/SumSung500/CSU/0_HiRES/data/hires/GSE223917_RAW/GSM7001905_OrgaE952258.pairs.gz	E95	radial glias
OrgaE952259	/Volumes/SumSung500/CSU/0_HiRES/data/hires/GSE223917_RAW/GSM7001906_OrgaE952259.pairs.gz	E95	radial glias
OrgaE952261	/Volumes/SumSung500/CSU/0_HiRES/data/hires/GSE223917_RAW/GSM7001908_OrgaE952261.pairs.gz	E95	early mesenchyme
OrgaE952262	/Volumes/SumSung500/CSU/0_HiRES/data/hires/GSE223917_RAW/GSM7001909_OrgaE952262.pairs.gz	E95	notochord
OrgaE952263	/Volumes/SumSung500/CSU/0_HiRES/data/hires/GSE223917_RAW/GSM7001910_OrgaE952263.pairs.gz	E95	mix late mesenchyme
OrgaE952264	/Volumes/SumSung500/CSU/0_HiRES/data/hires/GSE223917_RAW/GSM7001911_OrgaE952264.pairs.gz	E95	mitosis
OrgaE952265	/Volumes/SumSung500/CSU/0_HiRES/data/hires/GSE223917_RAW/GSM7001912_OrgaE952265.pairs.gz	E95	epithelial cells
OrgaE952266	/Volumes/SumSung500/CSU/0_HiRES/data/hires/GSE223917_RAW/GSM7001913_OrgaE952266.pairs.gz	E95	intermediate mesoderm
OrgaE952267	/Volumes/SumSung500/CSU/0_HiRES/data/hires/GSE223917_RAW/GSM7001914_OrgaE952267.pairs.gz	E95	mitosis
OrgaE952268	/Volumes/SumSung500/CSU/0_HiRES/data/hires/GSE223917_RAW/GSM7001915_OrgaE952268.pairs.gz	E95	notochord
OrgaE952270	/Volumes/SumSung500/CSU/0_HiRES/data/hires/GSE223917_RAW/GSM7001917_OrgaE952270.pairs.gz	E95	neural tube
OrgaE952273	/Volumes/SumSung500/CSU/0_HiRES/data/hires/GSE223917_RAW/GSM7001920_OrgaE952273.pairs.gz	E95	mitosis
OrgaE952274	/Volumes/SumSung500/CSU/0_HiRES/data/hires/GSE223917_RAW/GSM7001921_OrgaE952274.pairs.gz	E95	intermediate mesoderm
OrgaE952275	/Volumes/SumSung500/CSU/0_HiRES/data/hires/GSE223917_RAW/GSM7001922_OrgaE952275.pairs.gz	E95	mitosis
OrgaE952277	/Volumes/SumSung500/CSU/0_HiRES/data/hires/GSE223917_RAW/GSM7001924_OrgaE952277.pairs.gz	E95	intermediate mesoderm
OrgaE952278	/Volumes/SumSung500/CSU/0_HiRES/data/hires/GSE223917_RAW/GSM7001925_OrgaE952278.pairs.gz	E95	mix late mesenchyme
OrgaE952282	/Volumes/SumSung500/CSU/0_HiRES/data/hires/GSE223917_RAW/GSM7001929_OrgaE952282.pairs.gz	E95	schwann cell precursors
OrgaE952283	/Volumes/SumSung500/CSU/0_HiRES/data/hires/GSE223917_RAW/GSM7001930_OrgaE952283.pairs.gz	E95	radial glias
OrgaE952284	/Volumes/SumSung500/CSU/0_HiRES/data/hires/GSE223917_RAW/GSM7001931_OrgaE952284.pairs.gz	E95	blood
OrgaE952285	/Volumes/SumSung500/CSU/0_HiRES/data/hires/GSE223917_RAW/GSM7001932_OrgaE952285.pairs.gz	E95	intermediate mesoderm
OrgaE952288	/Volumes/SumSung500/CSU/0_HiRES/data/hires/GSE223917_RAW/GSM7001934_OrgaE952288.pairs.gz	E95	mix late mesenchyme
OrgaE952289	/Volumes/SumSung500/CSU/0_HiRES/data/hires/GSE223917_RAW/GSM7001935_OrgaE952289.pairs.gz	E95	schwann cell precursors
OrgaE952291	/Volumes/SumSung500/CSU/0_HiRES/data/hires/GSE223917_RAW/GSM7001937_OrgaE952291.pairs.gz	E95	intermediate mesoderm
OrgaE952292	/Volumes/SumSung500/CSU/0_HiRES/data/hires/GSE223917_RAW/GSM7001938_OrgaE952292.pairs.gz	E95	radial glias
OrgaE952294	/Volumes/SumSung500/CSU/0_HiRES/data/hires/GSE223917_RAW/GSM7001940_OrgaE952294.pairs.gz	E95	mitosis
OrgaE952295	/Volumes/SumSung500/CSU/0_HiRES/data/hires/GSE223917_RAW/GSM7001941_OrgaE952295.pairs.gz	E95	early mesenchyme
OrgaE952296	/Volumes/SumSung500/CSU/0_HiRES/data/hires/GSE223917_RAW/GSM7001942_OrgaE952296.pairs.gz	E95	radial glias
OrgaE952298	/Volumes/SumSung500/CSU/0_HiRES/data/hires/GSE223917_RAW/GSM7001944_OrgaE952298.pairs.gz	E95	early mesenchyme
OrgaE952299	/Volumes/SumSung500/CSU/0_HiRES/data/hires/GSE223917_RAW/GSM7001945_OrgaE952299.pairs.gz	E95	epithelial cells
OrgaE952302	/Volumes/SumSung500/CSU/0_HiRES/data/hires/GSE223917_RAW/GSM7001948_OrgaE952302.pairs.gz	E95	radial glias
OrgaE952303	/Volumes/SumSung500/CSU/0_HiRES/data/hires/GSE223917_RAW/GSM7001949_OrgaE952303.pairs.gz	E95	notochord
OrgaE952304	/Volumes/SumSung500/CSU/0_HiRES/data/hires/GSE223917_RAW/GSM7001950_OrgaE952304.pairs.gz	E95	mitosis
OrgaE952305	/Volumes/SumSung500/CSU/0_HiRES/data/hires/GSE223917_RAW/GSM7001951_OrgaE952305.pairs.gz	E95	intermediate mesoderm
OrgaE952306	/Volumes/SumSung500/CSU/0_HiRES/data/hires/GSE223917_RAW/GSM7001952_OrgaE952306.pairs.gz	E95	schwann cell precursors
OrgaE952307	/Volumes/SumSung500/CSU/0_HiRES/data/hires/GSE223917_RAW/GSM7001953_OrgaE952307.pairs.gz	E95	notochord
OrgaE952308	/Volumes/SumSung500/CSU/0_HiRES/data/hires/GSE223917_RAW/GSM7001954_OrgaE952308.pairs.gz	E95	epithelial cells
OrgaE952311	/Volumes/SumSung500/CSU/0_HiRES/data/hires/GSE223917_RAW/GSM7001957_OrgaE952311.pairs.gz	E95	intermediate mesoderm
OrgaE952313	/Volumes/SumSung500/CSU/0_HiRES/data/hires/GSE223917_RAW/GSM7001959_OrgaE952313.pairs.gz	E95	intermediate mesoderm
OrgaE952315	/Volumes/SumSung500/CSU/0_HiRES/data/hires/GSE223917_RAW/GSM7001961_OrgaE952315.pairs.gz	E95	radial glias
OrgaE952316	/Volumes/SumSung500/CSU/0_HiRES/data/hires/GSE223917_RAW/GSM7001962_OrgaE952316.pairs.gz	E95	radial glias
OrgaE952317	/Volumes/SumSung500/CSU/0_HiRES/data/hires/GSE223917_RAW/GSM7001963_OrgaE952317.pairs.gz	E95	mix late mesenchyme
OrgaE952318	/Volumes/SumSung500/CSU/0_HiRES/data/hires/GSE223917_RAW/GSM7001964_OrgaE952318.pairs.gz	E95	oligodendrocytes and progenitors
OrgaE952319	/Volumes/SumSung500/CSU/0_HiRES/data/hires/GSE223917_RAW/GSM7001965_OrgaE952319.pairs.gz	E95	radial glias
OrgaE952325	/Volumes/SumSung500/CSU/0_HiRES/data/hires/GSE223917_RAW/GSM7001971_OrgaE952325.pairs.gz	E95	epithelial cells
OrgaE952326	/Volumes/SumSung500/CSU/0_HiRES/data/hires/GSE223917_RAW/GSM7001972_OrgaE952326.pairs.gz	E95	intermediate mesoderm
OrgaE952327	/Volumes/SumSung500/CSU/0_HiRES/data/hires/GSE223917_RAW/GSM7001973_OrgaE952327.pairs.gz	E95	early neurons
OrgaE952331	/Volumes/SumSung500/CSU/0_HiRES/data/hires/GSE223917_RAW/GSM7001977_OrgaE952331.pairs.gz	E95	early neurons
OrgaE952332	/Volumes/SumSung500/CSU/0_HiRES/data/hires/GSE223917_RAW/GSM7001978_OrgaE952332.pairs.gz	E95	mix late mesenchyme
OrgaE952333	/Volumes/SumSung500/CSU/0_HiRES/data/hires/GSE223917_RAW/GSM7001979_OrgaE952333.pairs.gz	E95	mix late mesenchyme
OrgaE952334	/Volumes/SumSung500/CSU/0_HiRES/data/hires/GSE223917_RAW/GSM7001980_OrgaE952334.pairs.gz	E95	radial glias
OrgaE952339	/Volumes/SumSung500/CSU/0_HiRES/data/hires/GSE223917_RAW/GSM7001985_OrgaE952339.pairs.gz	E95	blood
OrgaE952343	/Volumes/SumSung500/CSU/0_HiRES/data/hires/GSE223917_RAW/GSM7001989_OrgaE952343.pairs.gz	E95	radial glias
OrgaE952344	/Volumes/SumSung500/CSU/0_HiRES/data/hires/GSE223917_RAW/GSM7001990_OrgaE952344.pairs.gz	E95	mix late mesenchyme
OrgaE952345	/Volumes/SumSung500/CSU/0_HiRES/data/hires/GSE223917_RAW/GSM7001991_OrgaE952345.pairs.gz	E95	mitosis
OrgaE952346	/Volumes/SumSung500/CSU/0_HiRES/data/hires/GSE223917_RAW/GSM7001992_OrgaE952346.pairs.gz	E95	mix late mesenchyme
OrgaE952347	/Volumes/SumSung500/CSU/0_HiRES/data/hires/GSE223917_RAW/GSM7001993_OrgaE952347.pairs.gz	E95	radial glias
OrgaE952348	/Volumes/SumSung500/CSU/0_HiRES/data/hires/GSE223917_RAW/GSM7001994_OrgaE952348.pairs.gz	E95	notochord
OrgaE952351	/Volumes/SumSung500/CSU/0_HiRES/data/hires/GSE223917_RAW/GSM7001997_OrgaE952351.pairs.gz	E95	early mesenchyme
OrgaE952352	/Volumes/SumSung500/CSU/0_HiRES/data/hires/GSE223917_RAW/GSM7001998_OrgaE952352.pairs.gz	E95	radial glias
OrgaE952353	/Volumes/SumSung500/CSU/0_HiRES/data/hires/GSE223917_RAW/GSM7001999_OrgaE952353.pairs.gz	E95	radial glias
OrgaE952357	/Volumes/SumSung500/CSU/0_HiRES/data/hires/GSE223917_RAW/GSM7002003_OrgaE952357.pairs.gz	E95	radial glias
OrgaE952358	/Volumes/SumSung500/CSU/0_HiRES/data/hires/GSE223917_RAW/GSM7002004_OrgaE952358.pairs.gz	E95	mix late mesenchyme
OrgaE952360	/Volumes/SumSung500/CSU/0_HiRES/data/hires/GSE223917_RAW/GSM7002006_OrgaE952360.pairs.gz	E95	radial glias
OrgaE952361	/Volumes/SumSung500/CSU/0_HiRES/data/hires/GSE223917_RAW/GSM7002007_OrgaE952361.pairs.gz	E95	early neurons
OrgaE952362	/Volumes/SumSung500/CSU/0_HiRES/data/hires/GSE223917_RAW/GSM7002008_OrgaE952362.pairs.gz	E95	radial glias
OrgaE952363	/Volumes/SumSung500/CSU/0_HiRES/data/hires/GSE223917_RAW/GSM7002009_OrgaE952363.pairs.gz	E95	intermediate mesoderm
OrgaE952364	/Volumes/SumSung500/CSU/0_HiRES/data/hires/GSE223917_RAW/GSM7002010_OrgaE952364.pairs.gz	E95	radial glias
OrgaE952365	/Volumes/SumSung500/CSU/0_HiRES/data/hires/GSE223917_RAW/GSM7002011_OrgaE952365.pairs.gz	E95	mitosis
OrgaE952367	/Volumes/SumSung500/CSU/0_HiRES/data/hires/GSE223917_RAW/GSM7002013_OrgaE952367.pairs.gz	E95	early mesoderm
OrgaE952370	/Volumes/SumSung500/CSU/0_HiRES/data/hires/GSE223917_RAW/GSM7002016_OrgaE952370.pairs.gz	E95	early neurons
OrgaE952371	/Volumes/SumSung500/CSU/0_HiRES/data/hires/GSE223917_RAW/GSM7002017_OrgaE952371.pairs.gz	E95	notochord
OrgaE952372	/Volumes/SumSung500/CSU/0_HiRES/data/hires/GSE223917_RAW/GSM7002018_OrgaE952372.pairs.gz	E95	notochord
OrgaE952373	/Volumes/SumSung500/CSU/0_HiRES/data/hires/GSE223917_RAW/GSM7002019_OrgaE952373.pairs.gz	E95	mitosis
OrgaE952374	/Volumes/SumSung500/CSU/0_HiRES/data/hires/GSE223917_RAW/GSM7002020_OrgaE952374.pairs.gz	E95	early mesenchyme
OrgaE952375	/Volumes/SumSung500/CSU/0_HiRES/data/hires/GSE223917_RAW/GSM7002021_OrgaE952375.pairs.gz	E95	mitosis
OrgaE952376	/Volumes/SumSung500/CSU/0_HiRES/data/hires/GSE223917_RAW/GSM7002022_OrgaE952376.pairs.gz	E95	intermediate mesoderm
OrgaE952377	/Volumes/SumSung500/CSU/0_HiRES/data/hires/GSE223917_RAW/GSM7002023_OrgaE952377.pairs.gz	E95	NMP
OrgaE952378	/Volumes/SumSung500/CSU/0_HiRES/data/hires/GSE223917_RAW/GSM7002024_OrgaE952378.pairs.gz	E95	radial glias
OrgaE952380	/Volumes/SumSung500/CSU/0_HiRES/data/hires/GSE223917_RAW/GSM7002026_OrgaE952380.pairs.gz	E95	mix late mesenchyme
OrgaE952382	/Volumes/SumSung500/CSU/0_HiRES/data/hires/GSE223917_RAW/GSM7002028_OrgaE952382.pairs.gz	E95	intermediate mesoderm
OrgaE952383	/Volumes/SumSung500/CSU/0_HiRES/data/hires/GSE223917_RAW/GSM7002029_OrgaE952383.pairs.gz	E95	early mesenchyme
OrgaE952384	/Volumes/SumSung500/CSU/0_HiRES/data/hires/GSE223917_RAW/GSM7002030_OrgaE952384.pairs.gz	E95	early neurons
OrgbE851005	/Volumes/SumSung500/CSU/0_HiRES/data/hires/GSE223917_RAW/GSM7002530_OrgbE851005.pairs.gz	E85	blood
OrgbE851006	/Volumes/SumSung500/CSU/0_HiRES/data/hires/GSE223917_RAW/GSM7002531_OrgbE851006.pairs.gz	E85	early mesenchyme
OrgbE851012	/Volumes/SumSung500/CSU/0_HiRES/data/hires/GSE223917_RAW/GSM7002537_OrgbE851012.pairs.gz	E85	neural tube
OrgbE851020	/Volumes/SumSung500/CSU/0_HiRES/data/hires/GSE223917_RAW/GSM7002545_OrgbE851020.pairs.gz	E85	blood
OrgbE851021	/Volumes/SumSung500/CSU/0_HiRES/data/hires/GSE223917_RAW/GSM7002546_OrgbE851021.pairs.gz	E85	early mesoderm
OrgbE851022	/Volumes/SumSung500/CSU/0_HiRES/data/hires/GSE223917_RAW/GSM7002547_OrgbE851022.pairs.gz	E85	ExE endoderm
OrgbE851023	/Volumes/SumSung500/CSU/0_HiRES/data/hires/GSE223917_RAW/GSM7002548_OrgbE851023.pairs.gz	E85	epithelial cells
OrgbE851024	/Volumes/SumSung500/CSU/0_HiRES/data/hires/GSE223917_RAW/GSM7002549_OrgbE851024.pairs.gz	E85	intermediate mesoderm
OrgbE851025	/Volumes/SumSung500/CSU/0_HiRES/data/hires/GSE223917_RAW/GSM7002550_OrgbE851025.pairs.gz	E85	neural tube
OrgbE851026	/Volumes/SumSung500/CSU/0_HiRES/data/hires/GSE223917_RAW/GSM7002551_OrgbE851026.pairs.gz	E85	schwann cell precursors
OrgbE851032	/Volumes/SumSung500/CSU/0_HiRES/data/hires/GSE223917_RAW/GSM7002557_OrgbE851032.pairs.gz	E85	epithelial cells
OrgbE851035	/Volumes/SumSung500/CSU/0_HiRES/data/hires/GSE223917_RAW/GSM7002560_OrgbE851035.pairs.gz	E85	ExE mesoderm
OrgbE851039	/Volumes/SumSung500/CSU/0_HiRES/data/hires/GSE223917_RAW/GSM7002564_OrgbE851039.pairs.gz	E85	notochord
OrgbE851041	/Volumes/SumSung500/CSU/0_HiRES/data/hires/GSE223917_RAW/GSM7002566_OrgbE851041.pairs.gz	E85	blood
OrgbE851045	/Volumes/SumSung500/CSU/0_HiRES/data/hires/GSE223917_RAW/GSM7002570_OrgbE851045.pairs.gz	E85	schwann cell precursors
OrgbE851047	/Volumes/SumSung500/CSU/0_HiRES/data/hires/GSE223917_RAW/GSM7002572_OrgbE851047.pairs.gz	E85	blood
OrgbE851049	/Volumes/SumSung500/CSU/0_HiRES/data/hires/GSE223917_RAW/GSM7002574_OrgbE851049.pairs.gz	E85	schwann cell precursors
OrgbE851051	/Volumes/SumSung500/CSU/0_HiRES/data/hires/GSE223917_RAW/GSM7002576_OrgbE851051.pairs.gz	E85	neural tube
OrgbE851052	/Volumes/SumSung500/CSU/0_HiRES/data/hires/GSE223917_RAW/GSM7002577_OrgbE851052.pairs.gz	E85	mitosis
OrgbE851053	/Volumes/SumSung500/CSU/0_HiRES/data/hires/GSE223917_RAW/GSM7002578_OrgbE851053.pairs.gz	E85	ExE endoderm
OrgbE851057	/Volumes/SumSung500/CSU/0_HiRES/data/hires/GSE223917_RAW/GSM7002582_OrgbE851057.pairs.gz	E85	ExE endoderm
OrgbE851074	/Volumes/SumSung500/CSU/0_HiRES/data/hires/GSE223917_RAW/GSM7002599_OrgbE851074.pairs.gz	E85	ExE mesoderm
OrgbE851076	/Volumes/SumSung500/CSU/0_HiRES/data/hires/GSE223917_RAW/GSM7002601_OrgbE851076.pairs.gz	E85	NMP
OrgbE851077	/Volumes/SumSung500/CSU/0_HiRES/data/hires/GSE223917_RAW/GSM7002602_OrgbE851077.pairs.gz	E85	intermediate mesoderm
OrgbE851087	/Volumes/SumSung500/CSU/0_HiRES/data/hires/GSE223917_RAW/GSM7002612_OrgbE851087.pairs.gz	E85	blood
OrgbE851090	/Volumes/SumSung500/CSU/0_HiRES/data/hires/GSE223917_RAW/GSM7002615_OrgbE851090.pairs.gz	E85	NMP
OrgbE851092	/Volumes/SumSung500/CSU/0_HiRES/data/hires/GSE223917_RAW/GSM7002617_OrgbE851092.pairs.gz	E85	neural tube
OrgbE851093	/Volumes/SumSung500/CSU/0_HiRES/data/hires/GSE223917_RAW/GSM7002618_OrgbE851093.pairs.gz	E85	blood
OrgbE851103	/Volumes/SumSung500/CSU/0_HiRES/data/hires/GSE223917_RAW/GSM7002628_OrgbE851103.pairs.gz	E85	neural tube
OrgbE851104	/Volumes/SumSung500/CSU/0_HiRES/data/hires/GSE223917_RAW/GSM7002629_OrgbE851104.pairs.gz	E85	epithelial cells
OrgbE851109	/Volumes/SumSung500/CSU/0_HiRES/data/hires/GSE223917_RAW/GSM7002634_OrgbE851109.pairs.gz	E85	epithelial cells
OrgbE851110	/Volumes/SumSung500/CSU/0_HiRES/data/hires/GSE223917_RAW/GSM7002635_OrgbE851110.pairs.gz	E85	blood
OrgbE851112	/Volumes/SumSung500/CSU/0_HiRES/data/hires/GSE223917_RAW/GSM7002637_OrgbE851112.pairs.gz	E85	blood
OrgbE851116	/Volumes/SumSung500/CSU/0_HiRES/data/hires/GSE223917_RAW/GSM7002641_OrgbE851116.pairs.gz	E85	early mesoderm
OrgbE851122	/Volumes/SumSung500/CSU/0_HiRES/data/hires/GSE223917_RAW/GSM7002647_OrgbE851122.pairs.gz	E85	intermediate mesoderm
OrgbE851128	/Volumes/SumSung500/CSU/0_HiRES/data/hires/GSE223917_RAW/GSM7002653_OrgbE851128.pairs.gz	E85	NMP
OrgbE851133	/Volumes/SumSung500/CSU/0_HiRES/data/hires/GSE223917_RAW/GSM7002658_OrgbE851133.pairs.gz	E85	neural tube
OrgbE851137	/Volumes/SumSung500/CSU/0_HiRES/data/hires/GSE223917_RAW/GSM7002662_OrgbE851137.pairs.gz	E85	neural tube
OrgbE851139	/Volumes/SumSung500/CSU/0_HiRES/data/hires/GSE223917_RAW/GSM7002664_OrgbE851139.pairs.gz	E85	mitosis
OrgbE851142	/Volumes/SumSung500/CSU/0_HiRES/data/hires/GSE223917_RAW/GSM7002667_OrgbE851142.pairs.gz	E85	ExE mesoderm
OrgbE851146	/Volumes/SumSung500/CSU/0_HiRES/data/hires/GSE223917_RAW/GSM7002671_OrgbE851146.pairs.gz	E85	schwann cell precursors
OrgbE851147	/Volumes/SumSung500/CSU/0_HiRES/data/hires/GSE223917_RAW/GSM7002672_OrgbE851147.pairs.gz	E85	ExE endoderm
OrgbE851150	/Volumes/SumSung500/CSU/0_HiRES/data/hires/GSE223917_RAW/GSM7002675_OrgbE851150.pairs.gz	E85	neural tube
OrgbE851156	/Volumes/SumSung500/CSU/0_HiRES/data/hires/GSE223917_RAW/GSM7002681_OrgbE851156.pairs.gz	E85	neural tube
OrgbE851159	/Volumes/SumSung500/CSU/0_HiRES/data/hires/GSE223917_RAW/GSM7002684_OrgbE851159.pairs.gz	E85	neural tube
OrgbE851160	/Volumes/SumSung500/CSU/0_HiRES/data/hires/GSE223917_RAW/GSM7002685_OrgbE851160.pairs.gz	E85	blood
OrgbE851163	/Volumes/SumSung500/CSU/0_HiRES/data/hires/GSE223917_RAW/GSM7002688_OrgbE851163.pairs.gz	E85	ExE endoderm
OrgbE851164	/Volumes/SumSung500/CSU/0_HiRES/data/hires/GSE223917_RAW/GSM7002689_OrgbE851164.pairs.gz	E85	neural tube
OrgbE851165	/Volumes/SumSung500/CSU/0_HiRES/data/hires/GSE223917_RAW/GSM7002690_OrgbE851165.pairs.gz	E85	epithelial cells
OrgbE851166	/Volumes/SumSung500/CSU/0_HiRES/data/hires/GSE223917_RAW/GSM7002691_OrgbE851166.pairs.gz	E85	early mesenchyme
OrgbE851167	/Volumes/SumSung500/CSU/0_HiRES/data/hires/GSE223917_RAW/GSM7002692_OrgbE851167.pairs.gz	E85	neural tube
OrgbE851168	/Volumes/SumSung500/CSU/0_HiRES/data/hires/GSE223917_RAW/GSM7002693_OrgbE851168.pairs.gz	E85	blood
OrgbE851169	/Volumes/SumSung500/CSU/0_HiRES/data/hires/GSE223917_RAW/GSM7002694_OrgbE851169.pairs.gz	E85	epithelial cells
OrgbE851171	/Volumes/SumSung500/CSU/0_HiRES/data/hires/GSE223917_RAW/GSM7002695_OrgbE851171.pairs.gz	E85	NMP
OrgbE851172	/Volumes/SumSung500/CSU/0_HiRES/data/hires/GSE223917_RAW/GSM7002696_OrgbE851172.pairs.gz	E85	ExE endoderm
OrgbE851176	/Volumes/SumSung500/CSU/0_HiRES/data/hires/GSE223917_RAW/GSM7002700_OrgbE851176.pairs.gz	E85	epithelial cells
OrgbE851181	/Volumes/SumSung500/CSU/0_HiRES/data/hires/GSE223917_RAW/GSM7002705_OrgbE851181.pairs.gz	E85	NMP
OrgbE851182	/Volumes/SumSung500/CSU/0_HiRES/data/hires/GSE223917_RAW/GSM7002706_OrgbE851182.pairs.gz	E85	intermediate mesoderm
OrgbE851183	/Volumes/SumSung500/CSU/0_HiRES/data/hires/GSE223917_RAW/GSM7002707_OrgbE851183.pairs.gz	E85	neural tube
OrgbE851184	/Volumes/SumSung500/CSU/0_HiRES/data/hires/GSE223917_RAW/GSM7002708_OrgbE851184.pairs.gz	E85	blood
OrgbE851191	/Volumes/SumSung500/CSU/0_HiRES/data/hires/GSE223917_RAW/GSM7002715_OrgbE851191.pairs.gz	E85	neural tube
OrgbE851198	/Volumes/SumSung500/CSU/0_HiRES/data/hires/GSE223917_RAW/GSM7002722_OrgbE851198.pairs.gz	E85	neural tube
OrgbE851200	/Volumes/SumSung500/CSU/0_HiRES/data/hires/GSE223917_RAW/GSM7002724_OrgbE851200.pairs.gz	E85	neural tube
OrgbE851201	/Volumes/SumSung500/CSU/0_HiRES/data/hires/GSE223917_RAW/GSM7002725_OrgbE851201.pairs.gz	E85	neural tube
OrgbE851206	/Volumes/SumSung500/CSU/0_HiRES/data/hires/GSE223917_RAW/GSM7002730_OrgbE851206.pairs.gz	E85	early mesenchyme
OrgbE851207	/Volumes/SumSung500/CSU/0_HiRES/data/hires/GSE223917_RAW/GSM7002731_OrgbE851207.pairs.gz	E85	mitosis
OrgbE851209	/Volumes/SumSung500/CSU/0_HiRES/data/hires/GSE223917_RAW/GSM7002733_OrgbE851209.pairs.gz	E85	intermediate mesoderm
OrgbE851212	/Volumes/SumSung500/CSU/0_HiRES/data/hires/GSE223917_RAW/GSM7002736_OrgbE851212.pairs.gz	E85	ExE mesoderm
OrgbE851219	/Volumes/SumSung500/CSU/0_HiRES/data/hires/GSE223917_RAW/GSM7002743_OrgbE851219.pairs.gz	E85	ExE endoderm
OrgbE851220	/Volumes/SumSung500/CSU/0_HiRES/data/hires/GSE223917_RAW/GSM7002744_OrgbE851220.pairs.gz	E85	blood
OrgbE851223	/Volumes/SumSung500/CSU/0_HiRES/data/hires/GSE223917_RAW/GSM7002747_OrgbE851223.pairs.gz	E85	epithelial cells
OrgbE851225	/Volumes/SumSung500/CSU/0_HiRES/data/hires/GSE223917_RAW/GSM7002749_OrgbE851225.pairs.gz	E85	neural tube
OrgbE851226	/Volumes/SumSung500/CSU/0_HiRES/data/hires/GSE223917_RAW/GSM7002750_OrgbE851226.pairs.gz	E85	blood
OrgbE851228	/Volumes/SumSung500/CSU/0_HiRES/data/hires/GSE223917_RAW/GSM7002752_OrgbE851228.pairs.gz	E85	ExE mesoderm
OrgbE851229	/Volumes/SumSung500/CSU/0_HiRES/data/hires/GSE223917_RAW/GSM7002753_OrgbE851229.pairs.gz	E85	NMP
OrgbE851232	/Volumes/SumSung500/CSU/0_HiRES/data/hires/GSE223917_RAW/GSM7002756_OrgbE851232.pairs.gz	E85	ExE endoderm
OrgbE851240	/Volumes/SumSung500/CSU/0_HiRES/data/hires/GSE223917_RAW/GSM7002764_OrgbE851240.pairs.gz	E85	neural tube
OrgbE851243	/Volumes/SumSung500/CSU/0_HiRES/data/hires/GSE223917_RAW/GSM7002766_OrgbE851243.pairs.gz	E85	early mesenchyme
OrgbE851255	/Volumes/SumSung500/CSU/0_HiRES/data/hires/GSE223917_RAW/GSM7002778_OrgbE851255.pairs.gz	E85	mitosis
OrgbE851261	/Volumes/SumSung500/CSU/0_HiRES/data/hires/GSE223917_RAW/GSM7002783_OrgbE851261.pairs.gz	E85	early mesenchyme
OrgbE851263	/Volumes/SumSung500/CSU/0_HiRES/data/hires/GSE223917_RAW/GSM7002785_OrgbE851263.pairs.gz	E85	neural tube
OrgbE851264	/Volumes/SumSung500/CSU/0_HiRES/data/hires/GSE223917_RAW/GSM7002786_OrgbE851264.pairs.gz	E85	epithelial cells
OrgbE851265	/Volumes/SumSung500/CSU/0_HiRES/data/hires/GSE223917_RAW/GSM7002787_OrgbE851265.pairs.gz	E85	early mesoderm
OrgbE851266	/Volumes/SumSung500/CSU/0_HiRES/data/hires/GSE223917_RAW/GSM7002788_OrgbE851266.pairs.gz	E85	epithelial cells
OrgbE851269	/Volumes/SumSung500/CSU/0_HiRES/data/hires/GSE223917_RAW/GSM7002791_OrgbE851269.pairs.gz	E85	mitosis
OrgbE851271	/Volumes/SumSung500/CSU/0_HiRES/data/hires/GSE223917_RAW/GSM7002793_OrgbE851271.pairs.gz	E85	intermediate mesoderm
OrgbE851274	/Volumes/SumSung500/CSU/0_HiRES/data/hires/GSE223917_RAW/GSM7002796_OrgbE851274.pairs.gz	E85	early mesoderm
OrgbE851286	/Volumes/SumSung500/CSU/0_HiRES/data/hires/GSE223917_RAW/GSM7002807_OrgbE851286.pairs.gz	E85	blood
OrgbE851287	/Volumes/SumSung500/CSU/0_HiRES/data/hires/GSE223917_RAW/GSM7002808_OrgbE851287.pairs.gz	E85	neural tube
OrgbE851292	/Volumes/SumSung500/CSU/0_HiRES/data/hires/GSE223917_RAW/GSM7002813_OrgbE851292.pairs.gz	E85	neural tube
OrgbE851293	/Volumes/SumSung500/CSU/0_HiRES/data/hires/GSE223917_RAW/GSM7002814_OrgbE851293.pairs.gz	E85	blood
OrgbE851296	/Volumes/SumSung500/CSU/0_HiRES/data/hires/GSE223917_RAW/GSM7002817_OrgbE851296.pairs.gz	E85	mitosis
OrgbE851297	/Volumes/SumSung500/CSU/0_HiRES/data/hires/GSE223917_RAW/GSM7002818_OrgbE851297.pairs.gz	E85	NMP
OrgbE851301	/Volumes/SumSung500/CSU/0_HiRES/data/hires/GSE223917_RAW/GSM7002822_OrgbE851301.pairs.gz	E85	epithelial cells
OrgbE851302	/Volumes/SumSung500/CSU/0_HiRES/data/hires/GSE223917_RAW/GSM7002823_OrgbE851302.pairs.gz	E85	neural tube
OrgbE851313	/Volumes/SumSung500/CSU/0_HiRES/data/hires/GSE223917_RAW/GSM7002834_OrgbE851313.pairs.gz	E85	neural tube
OrgbE851315	/Volumes/SumSung500/CSU/0_HiRES/data/hires/GSE223917_RAW/GSM7002836_OrgbE851315.pairs.gz	E85	intermediate mesoderm
OrgbE851316	/Volumes/SumSung500/CSU/0_HiRES/data/hires/GSE223917_RAW/GSM7002837_OrgbE851316.pairs.gz	E85	early mesenchyme
OrgbE851317	/Volumes/SumSung500/CSU/0_HiRES/data/hires/GSE223917_RAW/GSM7002838_OrgbE851317.pairs.gz	E85	blood
OrgbE851322	/Volumes/SumSung500/CSU/0_HiRES/data/hires/GSE223917_RAW/GSM7002843_OrgbE851322.pairs.gz	E85	notochord
OrgbE851324	/Volumes/SumSung500/CSU/0_HiRES/data/hires/GSE223917_RAW/GSM7002845_OrgbE851324.pairs.gz	E85	early mesenchyme
OrgbE851327	/Volumes/SumSung500/CSU/0_HiRES/data/hires/GSE223917_RAW/GSM7002848_OrgbE851327.pairs.gz	E85	intermediate mesoderm
OrgbE851329	/Volumes/SumSung500/CSU/0_HiRES/data/hires/GSE223917_RAW/GSM7002850_OrgbE851329.pairs.gz	E85	epithelial cells
OrgbE851330	/Volumes/SumSung500/CSU/0_HiRES/data/hires/GSE223917_RAW/GSM7002851_OrgbE851330.pairs.gz	E85	blood
OrgbE851333	/Volumes/SumSung500/CSU/0_HiRES/data/hires/GSE223917_RAW/GSM7002854_OrgbE851333.pairs.gz	E85	epithelial cells
OrgbE851335	/Volumes/SumSung500/CSU/0_HiRES/data/hires/GSE223917_RAW/GSM7002856_OrgbE851335.pairs.gz	E85	NMP
OrgbE851339	/Volumes/SumSung500/CSU/0_HiRES/data/hires/GSE223917_RAW/GSM7002860_OrgbE851339.pairs.gz	E85	ExE endoderm
OrgbE851340	/Volumes/SumSung500/CSU/0_HiRES/data/hires/GSE223917_RAW/GSM7002861_OrgbE851340.pairs.gz	E85	ExE mesoderm
OrgbE851342	/Volumes/SumSung500/CSU/0_HiRES/data/hires/GSE223917_RAW/GSM7002863_OrgbE851342.pairs.gz	E85	neural tube
OrgbE851347	/Volumes/SumSung500/CSU/0_HiRES/data/hires/GSE223917_RAW/GSM7002868_OrgbE851347.pairs.gz	E85	epithelial cells
OrgbE851348	/Volumes/SumSung500/CSU/0_HiRES/data/hires/GSE223917_RAW/GSM7002869_OrgbE851348.pairs.gz	E85	neural tube
OrgbE851350	/Volumes/SumSung500/CSU/0_HiRES/data/hires/GSE223917_RAW/GSM7002871_OrgbE851350.pairs.gz	E85	neural tube
OrgbE851351	/Volumes/SumSung500/CSU/0_HiRES/data/hires/GSE223917_RAW/GSM7002872_OrgbE851351.pairs.gz	E85	blood
OrgbE851355	/Volumes/SumSung500/CSU/0_HiRES/data/hires/GSE223917_RAW/GSM7002876_OrgbE851355.pairs.gz	E85	mitosis
OrgbE851360	/Volumes/SumSung500/CSU/0_HiRES/data/hires/GSE223917_RAW/GSM7002881_OrgbE851360.pairs.gz	E85	mitosis
OrgbE851361	/Volumes/SumSung500/CSU/0_HiRES/data/hires/GSE223917_RAW/GSM7002882_OrgbE851361.pairs.gz	E85	mitosis
OrgbE851362	/Volumes/SumSung500/CSU/0_HiRES/data/hires/GSE223917_RAW/GSM7002883_OrgbE851362.pairs.gz	E85	early mesoderm
OrgbE851366	/Volumes/SumSung500/CSU/0_HiRES/data/hires/GSE223917_RAW/GSM7002887_OrgbE851366.pairs.gz	E85	intermediate mesoderm
OrgbE851369	/Volumes/SumSung500/CSU/0_HiRES/data/hires/GSE223917_RAW/GSM7002890_OrgbE851369.pairs.gz	E85	neural tube
OrgbE851372	/Volumes/SumSung500/CSU/0_HiRES/data/hires/GSE223917_RAW/GSM7002893_OrgbE851372.pairs.gz	E85	schwann cell precursors
OrgbE851374	/Volumes/SumSung500/CSU/0_HiRES/data/hires/GSE223917_RAW/GSM7002895_OrgbE851374.pairs.gz	E85	epithelial cells
OrgbE851375	/Volumes/SumSung500/CSU/0_HiRES/data/hires/GSE223917_RAW/GSM7002896_OrgbE851375.pairs.gz	E85	blood
OrgbE851376	/Volumes/SumSung500/CSU/0_HiRES/data/hires/GSE223917_RAW/GSM7002897_OrgbE851376.pairs.gz	E85	neural tube
OrgbE851381	/Volumes/SumSung500/CSU/0_HiRES/data/hires/GSE223917_RAW/GSM7002902_OrgbE851381.pairs.gz	E85	NMP
OrgbEX152001	/Volumes/SumSung500/CSU/0_HiRES/data/hires/GSE223917_RAW/GSM7002906_OrgbEX152001.pairs.gz	EX15	blood
OrgbEX152002	/Volumes/SumSung500/CSU/0_HiRES/data/hires/GSE223917_RAW/GSM7002907_OrgbEX152002.pairs.gz	EX15	mix late mesenchyme
OrgbEX152003	/Volumes/SumSung500/CSU/0_HiRES/data/hires/GSE223917_RAW/GSM7002908_OrgbEX152003.pairs.gz	EX15	early neurons
OrgbEX152004	/Volumes/SumSung500/CSU/0_HiRES/data/hires/GSE223917_RAW/GSM7002909_OrgbEX152004.pairs.gz	EX15	oligodendrocytes and progenitors
OrgbEX152005	/Volumes/SumSung500/CSU/0_HiRES/data/hires/GSE223917_RAW/GSM7002910_OrgbEX152005.pairs.gz	EX15	mix late mesenchyme
OrgbEX152006	/Volumes/SumSung500/CSU/0_HiRES/data/hires/GSE223917_RAW/GSM7002911_OrgbEX152006.pairs.gz	EX15	mix late mesenchyme
OrgbEX152007	/Volumes/SumSung500/CSU/0_HiRES/data/hires/GSE223917_RAW/GSM7002912_OrgbEX152007.pairs.gz	EX15	mix late mesenchyme
OrgbEX152008	/Volumes/SumSung500/CSU/0_HiRES/data/hires/GSE223917_RAW/GSM7002913_OrgbEX152008.pairs.gz	EX15	mix late mesenchyme
OrgbEX152009	/Volumes/SumSung500/CSU/0_HiRES/data/hires/GSE223917_RAW/GSM7002914_OrgbEX152009.pairs.gz	EX15	radial glias
OrgbEX152010	/Volumes/SumSung500/CSU/0_HiRES/data/hires/GSE223917_RAW/GSM7002915_OrgbEX152010.pairs.gz	EX15	early neurons
OrgbEX152011	/Volumes/SumSung500/CSU/0_HiRES/data/hires/GSE223917_RAW/GSM7002916_OrgbEX152011.pairs.gz	EX15	mix late mesenchyme
OrgbEX152012	/Volumes/SumSung500/CSU/0_HiRES/data/hires/GSE223917_RAW/GSM7002917_OrgbEX152012.pairs.gz	EX15	radial glias
OrgbEX152013	/Volumes/SumSung500/CSU/0_HiRES/data/hires/GSE223917_RAW/GSM7002918_OrgbEX152013.pairs.gz	EX15	radial glias
OrgbEX152014	/Volumes/SumSung500/CSU/0_HiRES/data/hires/GSE223917_RAW/GSM7002919_OrgbEX152014.pairs.gz	EX15	mitosis
OrgbEX152015	/Volumes/SumSung500/CSU/0_HiRES/data/hires/GSE223917_RAW/GSM7002920_OrgbEX152015.pairs.gz	EX15	early neurons
OrgbEX152016	/Volumes/SumSung500/CSU/0_HiRES/data/hires/GSE223917_RAW/GSM7002921_OrgbEX152016.pairs.gz	EX15	blood
OrgbEX152017	/Volumes/SumSung500/CSU/0_HiRES/data/hires/GSE223917_RAW/GSM7002922_OrgbEX152017.pairs.gz	EX15	mix late mesenchyme
OrgbEX152018	/Volumes/SumSung500/CSU/0_HiRES/data/hires/GSE223917_RAW/GSM7002923_OrgbEX152018.pairs.gz	EX15	radial glias
OrgbEX152019	/Volumes/SumSung500/CSU/0_HiRES/data/hires/GSE223917_RAW/GSM7002924_OrgbEX152019.pairs.gz	EX15	blood
OrgbEX152020	/Volumes/SumSung500/CSU/0_HiRES/data/hires/GSE223917_RAW/GSM7002925_OrgbEX152020.pairs.gz	EX15	radial glias
OrgbEX152021	/Volumes/SumSung500/CSU/0_HiRES/data/hires/GSE223917_RAW/GSM7002926_OrgbEX152021.pairs.gz	EX15	oligodendrocytes and progenitors
OrgbEX152022	/Volumes/SumSung500/CSU/0_HiRES/data/hires/GSE223917_RAW/GSM7002927_OrgbEX152022.pairs.gz	EX15	blood
OrgbEX152023	/Volumes/SumSung500/CSU/0_HiRES/data/hires/GSE223917_RAW/GSM7002928_OrgbEX152023.pairs.gz	EX15	early neurons
OrgbEX152024	/Volumes/SumSung500/CSU/0_HiRES/data/hires/GSE223917_RAW/GSM7002929_OrgbEX152024.pairs.gz	EX15	early neurons
OrgbEX152025	/Volumes/SumSung500/CSU/0_HiRES/data/hires/GSE223917_RAW/GSM7002930_OrgbEX152025.pairs.gz	EX15	mix late mesenchyme
OrgbEX152026	/Volumes/SumSung500/CSU/0_HiRES/data/hires/GSE223917_RAW/GSM7002931_OrgbEX152026.pairs.gz	EX15	blood
OrgbEX152027	/Volumes/SumSung500/CSU/0_HiRES/data/hires/GSE223917_RAW/GSM7002932_OrgbEX152027.pairs.gz	EX15	blood
OrgbEX152028	/Volumes/SumSung500/CSU/0_HiRES/data/hires/GSE223917_RAW/GSM7002933_OrgbEX152028.pairs.gz	EX15	mix late mesenchyme
OrgbEX152029	/Volumes/SumSung500/CSU/0_HiRES/data/hires/GSE223917_RAW/GSM7002934_OrgbEX152029.pairs.gz	EX15	early neurons
OrgbEX152030	/Volumes/SumSung500/CSU/0_HiRES/data/hires/GSE223917_RAW/GSM7002935_OrgbEX152030.pairs.gz	EX15	blood
OrgbEX152031	/Volumes/SumSung500/CSU/0_HiRES/data/hires/GSE223917_RAW/GSM7002936_OrgbEX152031.pairs.gz	EX15	mix late mesenchyme
OrgbEX152032	/Volumes/SumSung500/CSU/0_HiRES/data/hires/GSE223917_RAW/GSM7002937_OrgbEX152032.pairs.gz	EX15	oligodendrocytes and progenitors
OrgbEX152033	/Volumes/SumSung500/CSU/0_HiRES/data/hires/GSE223917_RAW/GSM7002938_OrgbEX152033.pairs.gz	EX15	mix late mesenchyme
OrgbEX152034	/Volumes/SumSung500/CSU/0_HiRES/data/hires/GSE223917_RAW/GSM7002939_OrgbEX152034.pairs.gz	EX15	myocytes
OrgbEX152035	/Volumes/SumSung500/CSU/0_HiRES/data/hires/GSE223917_RAW/GSM7002940_OrgbEX152035.pairs.gz	EX15	blood
OrgbEX152037	/Volumes/SumSung500/CSU/0_HiRES/data/hires/GSE223917_RAW/GSM7002941_OrgbEX152037.pairs.gz	EX15	mix late mesenchyme
OrgbEX152038	/Volumes/SumSung500/CSU/0_HiRES/data/hires/GSE223917_RAW/GSM7002942_OrgbEX152038.pairs.gz	EX15	mix late mesenchyme
OrgbEX152039	/Volumes/SumSung500/CSU/0_HiRES/data/hires/GSE223917_RAW/GSM7002943_OrgbEX152039.pairs.gz	EX15	mix late mesenchyme
OrgbEX152040	/Volumes/SumSung500/CSU/0_HiRES/data/hires/GSE223917_RAW/GSM7002944_OrgbEX152040.pairs.gz	EX15	mix late mesenchyme
OrgbEX152041	/Volumes/SumSung500/CSU/0_HiRES/data/hires/GSE223917_RAW/GSM7002945_OrgbEX152041.pairs.gz	EX15	mix late mesenchyme
OrgbEX152042	/Volumes/SumSung500/CSU/0_HiRES/data/hires/GSE223917_RAW/GSM7002946_OrgbEX152042.pairs.gz	EX15	mix late mesenchyme
OrgbEX152043	/Volumes/SumSung500/CSU/0_HiRES/data/hires/GSE223917_RAW/GSM7002947_OrgbEX152043.pairs.gz	EX15	early neurons
OrgbEX152044	/Volumes/SumSung500/CSU/0_HiRES/data/hires/GSE223917_RAW/GSM7002948_OrgbEX152044.pairs.gz	EX15	epithelial cells
OrgbEX152045	/Volumes/SumSung500/CSU/0_HiRES/data/hires/GSE223917_RAW/GSM7002949_OrgbEX152045.pairs.gz	EX15	mix late mesenchyme
OrgbEX152046	/Volumes/SumSung500/CSU/0_HiRES/data/hires/GSE223917_RAW/GSM7002950_OrgbEX152046.pairs.gz	EX15	blood
OrgbEX152047	/Volumes/SumSung500/CSU/0_HiRES/data/hires/GSE223917_RAW/GSM7002951_OrgbEX152047.pairs.gz	EX15	mix late mesenchyme
OrgbEX152048	/Volumes/SumSung500/CSU/0_HiRES/data/hires/GSE223917_RAW/GSM7002952_OrgbEX152048.pairs.gz	EX15	mitosis
OrgbEX152049	/Volumes/SumSung500/CSU/0_HiRES/data/hires/GSE223917_RAW/GSM7002953_OrgbEX152049.pairs.gz	EX15	mix late mesenchyme
OrgbEX152050	/Volumes/SumSung500/CSU/0_HiRES/data/hires/GSE223917_RAW/GSM7002954_OrgbEX152050.pairs.gz	EX15	early neurons
OrgbEX152051	/Volumes/SumSung500/CSU/0_HiRES/data/hires/GSE223917_RAW/GSM7002955_OrgbEX152051.pairs.gz	EX15	oligodendrocytes and progenitors
OrgbEX152052	/Volumes/SumSung500/CSU/0_HiRES/data/hires/GSE223917_RAW/GSM7002956_OrgbEX152052.pairs.gz	EX15	oligodendrocytes and progenitors
OrgbEX152053	/Volumes/SumSung500/CSU/0_HiRES/data/hires/GSE223917_RAW/GSM7002957_OrgbEX152053.pairs.gz	EX15	mix late mesenchyme
OrgbEX152054	/Volumes/SumSung500/CSU/0_HiRES/data/hires/GSE223917_RAW/GSM7002958_OrgbEX152054.pairs.gz	EX15	mix late mesenchyme
OrgbEX152055	/Volumes/SumSung500/CSU/0_HiRES/data/hires/GSE223917_RAW/GSM7002959_OrgbEX152055.pairs.gz	EX15	mix late mesenchyme
OrgbEX152056	/Volumes/SumSung500/CSU/0_HiRES/data/hires/GSE223917_RAW/GSM7002960_OrgbEX152056.pairs.gz	EX15	mix late mesenchyme
OrgbEX152057	/Volumes/SumSung500/CSU/0_HiRES/data/hires/GSE223917_RAW/GSM7002961_OrgbEX152057.pairs.gz	EX15	oligodendrocytes and progenitors
OrgbEX152058	/Volumes/SumSung500/CSU/0_HiRES/data/hires/GSE223917_RAW/GSM7002962_OrgbEX152058.pairs.gz	EX15	mitosis
OrgbEX152059	/Volumes/SumSung500/CSU/0_HiRES/data/hires/GSE223917_RAW/GSM7002963_OrgbEX152059.pairs.gz	EX15	radial glias
OrgbEX152060	/Volumes/SumSung500/CSU/0_HiRES/data/hires/GSE223917_RAW/GSM7002964_OrgbEX152060.pairs.gz	EX15	myocytes
OrgbEX152061	/Volumes/SumSung500/CSU/0_HiRES/data/hires/GSE223917_RAW/GSM7002965_OrgbEX152061.pairs.gz	EX15	blood
OrgbEX152062	/Volumes/SumSung500/CSU/0_HiRES/data/hires/GSE223917_RAW/GSM7002966_OrgbEX152062.pairs.gz	EX15	mix late mesenchyme
OrgbEX152063	/Volumes/SumSung500/CSU/0_HiRES/data/hires/GSE223917_RAW/GSM7002967_OrgbEX152063.pairs.gz	EX15	oligodendrocytes and progenitors
OrgbEX152064	/Volumes/SumSung500/CSU/0_HiRES/data/hires/GSE223917_RAW/GSM7002968_OrgbEX152064.pairs.gz	EX15	early neurons
OrgbEX152065	/Volumes/SumSung500/CSU/0_HiRES/data/hires/GSE223917_RAW/GSM7002969_OrgbEX152065.pairs.gz	EX15	early neurons
OrgbEX152066	/Volumes/SumSung500/CSU/0_HiRES/data/hires/GSE223917_RAW/GSM7002970_OrgbEX152066.pairs.gz	EX15	mix late mesenchyme
OrgbEX152067	/Volumes/SumSung500/CSU/0_HiRES/data/hires/GSE223917_RAW/GSM7002971_OrgbEX152067.pairs.gz	EX15	myocytes
OrgbEX152068	/Volumes/SumSung500/CSU/0_HiRES/data/hires/GSE223917_RAW/GSM7002972_OrgbEX152068.pairs.gz	EX15	blood
OrgbEX152069	/Volumes/SumSung500/CSU/0_HiRES/data/hires/GSE223917_RAW/GSM7002973_OrgbEX152069.pairs.gz	EX15	early neurons
OrgbEX152070	/Volumes/SumSung500/CSU/0_HiRES/data/hires/GSE223917_RAW/GSM7002974_OrgbEX152070.pairs.gz	EX15	intermediate mesoderm
OrgbEX152071	/Volumes/SumSung500/CSU/0_HiRES/data/hires/GSE223917_RAW/GSM7002975_OrgbEX152071.pairs.gz	EX15	mix late mesenchyme
OrgbEX152072	/Volumes/SumSung500/CSU/0_HiRES/data/hires/GSE223917_RAW/GSM7002976_OrgbEX152072.pairs.gz	EX15	early neurons
OrgbEX152074	/Volumes/SumSung500/CSU/0_HiRES/data/hires/GSE223917_RAW/GSM7002978_OrgbEX152074.pairs.gz	EX15	mix late mesenchyme
OrgbEX152075	/Volumes/SumSung500/CSU/0_HiRES/data/hires/GSE223917_RAW/GSM7002979_OrgbEX152075.pairs.gz	EX15	early neurons
OrgbEX152076	/Volumes/SumSung500/CSU/0_HiRES/data/hires/GSE223917_RAW/GSM7002980_OrgbEX152076.pairs.gz	EX15	mix late mesenchyme
OrgbEX152077	/Volumes/SumSung500/CSU/0_HiRES/data/hires/GSE223917_RAW/GSM7002981_OrgbEX152077.pairs.gz	EX15	mix late mesenchyme
OrgbEX152078	/Volumes/SumSung500/CSU/0_HiRES/data/hires/GSE223917_RAW/GSM7002982_OrgbEX152078.pairs.gz	EX15	blood
OrgbEX152079	/Volumes/SumSung500/CSU/0_HiRES/data/hires/GSE223917_RAW/GSM7002983_OrgbEX152079.pairs.gz	EX15	blood
OrgbEX152080	/Volumes/SumSung500/CSU/0_HiRES/data/hires/GSE223917_RAW/GSM7002984_OrgbEX152080.pairs.gz	EX15	blood
OrgbEX152081	/Volumes/SumSung500/CSU/0_HiRES/data/hires/GSE223917_RAW/GSM7002985_OrgbEX152081.pairs.gz	EX15	radial glias
OrgbEX152082	/Volumes/SumSung500/CSU/0_HiRES/data/hires/GSE223917_RAW/GSM7002986_OrgbEX152082.pairs.gz	EX15	mix late mesenchyme
OrgbEX152083	/Volumes/SumSung500/CSU/0_HiRES/data/hires/GSE223917_RAW/GSM7002987_OrgbEX152083.pairs.gz	EX15	mix late mesenchyme
OrgbEX152084	/Volumes/SumSung500/CSU/0_HiRES/data/hires/GSE223917_RAW/GSM7002988_OrgbEX152084.pairs.gz	EX15	schwann cell precursors
OrgbEX152085	/Volumes/SumSung500/CSU/0_HiRES/data/hires/GSE223917_RAW/GSM7002989_OrgbEX152085.pairs.gz	EX15	radial glias
OrgbEX152086	/Volumes/SumSung500/CSU/0_HiRES/data/hires/GSE223917_RAW/GSM7002990_OrgbEX152086.pairs.gz	EX15	mitosis
OrgbEX152087	/Volumes/SumSung500/CSU/0_HiRES/data/hires/GSE223917_RAW/GSM7002991_OrgbEX152087.pairs.gz	EX15	mitosis
OrgbEX152089	/Volumes/SumSung500/CSU/0_HiRES/data/hires/GSE223917_RAW/GSM7002993_OrgbEX152089.pairs.gz	EX15	early neurons
OrgbEX152090	/Volumes/SumSung500/CSU/0_HiRES/data/hires/GSE223917_RAW/GSM7002994_OrgbEX152090.pairs.gz	EX15	mix late mesenchyme
OrgbEX152091	/Volumes/SumSung500/CSU/0_HiRES/data/hires/GSE223917_RAW/GSM7002995_OrgbEX152091.pairs.gz	EX15	early neurons
OrgbEX152092	/Volumes/SumSung500/CSU/0_HiRES/data/hires/GSE223917_RAW/GSM7002996_OrgbEX152092.pairs.gz	EX15	radial glias
OrgbEX152094	/Volumes/SumSung500/CSU/0_HiRES/data/hires/GSE223917_RAW/GSM7002998_OrgbEX152094.pairs.gz	EX15	mix late mesenchyme
OrgbEX152095	/Volumes/SumSung500/CSU/0_HiRES/data/hires/GSE223917_RAW/GSM7002999_OrgbEX152095.pairs.gz	EX15	mix late mesenchyme
OrgbEX152096	/Volumes/SumSung500/CSU/0_HiRES/data/hires/GSE223917_RAW/GSM7003000_OrgbEX152096.pairs.gz	EX15	mix late mesenchyme
OrgbEX152097	/Volumes/SumSung500/CSU/0_HiRES/data/hires/GSE223917_RAW/GSM7003001_OrgbEX152097.pairs.gz	EX15	mix late mesenchyme
OrgbEX152098	/Volumes/SumSung500/CSU/0_HiRES/data/hires/GSE223917_RAW/GSM7003002_OrgbEX152098.pairs.gz	EX15	mix late mesenchyme
OrgbEX152099	/Volumes/SumSung500/CSU/0_HiRES/data/hires/GSE223917_RAW/GSM7003003_OrgbEX152099.pairs.gz	EX15	radial glias
OrgbEX152100	/Volumes/SumSung500/CSU/0_HiRES/data/hires/GSE223917_RAW/GSM7003004_OrgbEX152100.pairs.gz	EX15	early neurons
OrgbEX152102	/Volumes/SumSung500/CSU/0_HiRES/data/hires/GSE223917_RAW/GSM7003006_OrgbEX152102.pairs.gz	EX15	mitosis
OrgbEX152103	/Volumes/SumSung500/CSU/0_HiRES/data/hires/GSE223917_RAW/GSM7003007_OrgbEX152103.pairs.gz	EX15	mix late mesenchyme
OrgbEX152104	/Volumes/SumSung500/CSU/0_HiRES/data/hires/GSE223917_RAW/GSM7003008_OrgbEX152104.pairs.gz	EX15	mix late mesenchyme
OrgbEX152105	/Volumes/SumSung500/CSU/0_HiRES/data/hires/GSE223917_RAW/GSM7003009_OrgbEX152105.pairs.gz	EX15	oligodendrocytes and progenitors
OrgbEX152106	/Volumes/SumSung500/CSU/0_HiRES/data/hires/GSE223917_RAW/GSM7003010_OrgbEX152106.pairs.gz	EX15	mix late mesenchyme
OrgbEX152107	/Volumes/SumSung500/CSU/0_HiRES/data/hires/GSE223917_RAW/GSM7003011_OrgbEX152107.pairs.gz	EX15	schwann cell precursors
OrgbEX152108	/Volumes/SumSung500/CSU/0_HiRES/data/hires/GSE223917_RAW/GSM7003012_OrgbEX152108.pairs.gz	EX15	early neurons
OrgbEX152110	/Volumes/SumSung500/CSU/0_HiRES/data/hires/GSE223917_RAW/GSM7003014_OrgbEX152110.pairs.gz	EX15	mix late mesenchyme
OrgbEX152111	/Volumes/SumSung500/CSU/0_HiRES/data/hires/GSE223917_RAW/GSM7003015_OrgbEX152111.pairs.gz	EX15	mix late mesenchyme
OrgbEX152112	/Volumes/SumSung500/CSU/0_HiRES/data/hires/GSE223917_RAW/GSM7003016_OrgbEX152112.pairs.gz	EX15	mix late mesenchyme
OrgbEX152113	/Volumes/SumSung500/CSU/0_HiRES/data/hires/GSE223917_RAW/GSM7003017_OrgbEX152113.pairs.gz	EX15	blood
OrgbEX152114	/Volumes/SumSung500/CSU/0_HiRES/data/hires/GSE223917_RAW/GSM7003018_OrgbEX152114.pairs.gz	EX15	mix late mesenchyme
OrgbEX152115	/Volumes/SumSung500/CSU/0_HiRES/data/hires/GSE223917_RAW/GSM7003019_OrgbEX152115.pairs.gz	EX15	mix late mesenchyme
OrgbEX152116	/Volumes/SumSung500/CSU/0_HiRES/data/hires/GSE223917_RAW/GSM7003020_OrgbEX152116.pairs.gz	EX15	mix late mesenchyme
OrgbEX152117	/Volumes/SumSung500/CSU/0_HiRES/data/hires/GSE223917_RAW/GSM7003021_OrgbEX152117.pairs.gz	EX15	oligodendrocytes and progenitors
OrgbEX152118	/Volumes/SumSung500/CSU/0_HiRES/data/hires/GSE223917_RAW/GSM7003022_OrgbEX152118.pairs.gz	EX15	mix late mesenchyme
OrgbEX152119	/Volumes/SumSung500/CSU/0_HiRES/data/hires/GSE223917_RAW/GSM7003023_OrgbEX152119.pairs.gz	EX15	mix late mesenchyme
OrgbEX152120	/Volumes/SumSung500/CSU/0_HiRES/data/hires/GSE223917_RAW/GSM7003024_OrgbEX152120.pairs.gz	EX15	intermediate mesoderm
OrgbEX152121	/Volumes/SumSung500/CSU/0_HiRES/data/hires/GSE223917_RAW/GSM7003025_OrgbEX152121.pairs.gz	EX15	early neurons
OrgbEX152122	/Volumes/SumSung500/CSU/0_HiRES/data/hires/GSE223917_RAW/GSM7003026_OrgbEX152122.pairs.gz	EX15	early neurons
OrgbEX152123	/Volumes/SumSung500/CSU/0_HiRES/data/hires/GSE223917_RAW/GSM7003027_OrgbEX152123.pairs.gz	EX15	oligodendrocytes and progenitors
OrgbEX152124	/Volumes/SumSung500/CSU/0_HiRES/data/hires/GSE223917_RAW/GSM7003028_OrgbEX152124.pairs.gz	EX15	oligodendrocytes and progenitors
OrgbEX152125	/Volumes/SumSung500/CSU/0_HiRES/data/hires/GSE223917_RAW/GSM7003029_OrgbEX152125.pairs.gz	EX15	oligodendrocytes and progenitors
OrgbEX152126	/Volumes/SumSung500/CSU/0_HiRES/data/hires/GSE223917_RAW/GSM7003030_OrgbEX152126.pairs.gz	EX15	early neurons
OrgbEX152127	/Volumes/SumSung500/CSU/0_HiRES/data/hires/GSE223917_RAW/GSM7003031_OrgbEX152127.pairs.gz	EX15	early neurons
OrgbEX152128	/Volumes/SumSung500/CSU/0_HiRES/data/hires/GSE223917_RAW/GSM7003032_OrgbEX152128.pairs.gz	EX15	mix late mesenchyme
OrgbEX152130	/Volumes/SumSung500/CSU/0_HiRES/data/hires/GSE223917_RAW/GSM7003034_OrgbEX152130.pairs.gz	EX15	mitosis
OrgbEX152131	/Volumes/SumSung500/CSU/0_HiRES/data/hires/GSE223917_RAW/GSM7003035_OrgbEX152131.pairs.gz	EX15	mix late mesenchyme
OrgbEX152132	/Volumes/SumSung500/CSU/0_HiRES/data/hires/GSE223917_RAW/GSM7003036_OrgbEX152132.pairs.gz	EX15	mix late mesenchyme
OrgbEX152133	/Volumes/SumSung500/CSU/0_HiRES/data/hires/GSE223917_RAW/GSM7003037_OrgbEX152133.pairs.gz	EX15	mix late mesenchyme
OrgbEX152134	/Volumes/SumSung500/CSU/0_HiRES/data/hires/GSE223917_RAW/GSM7003038_OrgbEX152134.pairs.gz	EX15	early neurons
OrgbEX152135	/Volumes/SumSung500/CSU/0_HiRES/data/hires/GSE223917_RAW/GSM7003039_OrgbEX152135.pairs.gz	EX15	mix late mesenchyme
OrgbEX152136	/Volumes/SumSung500/CSU/0_HiRES/data/hires/GSE223917_RAW/GSM7003040_OrgbEX152136.pairs.gz	EX15	mix late mesenchyme
OrgbEX152137	/Volumes/SumSung500/CSU/0_HiRES/data/hires/GSE223917_RAW/GSM7003041_OrgbEX152137.pairs.gz	EX15	early neurons
OrgbEX152138	/Volumes/SumSung500/CSU/0_HiRES/data/hires/GSE223917_RAW/GSM7003042_OrgbEX152138.pairs.gz	EX15	mix late mesenchyme
OrgbEX152139	/Volumes/SumSung500/CSU/0_HiRES/data/hires/GSE223917_RAW/GSM7003043_OrgbEX152139.pairs.gz	EX15	oligodendrocytes and progenitors
OrgbEX152140	/Volumes/SumSung500/CSU/0_HiRES/data/hires/GSE223917_RAW/GSM7003044_OrgbEX152140.pairs.gz	EX15	blood
OrgbEX152141	/Volumes/SumSung500/CSU/0_HiRES/data/hires/GSE223917_RAW/GSM7003045_OrgbEX152141.pairs.gz	EX15	mix late mesenchyme
OrgbEX152142	/Volumes/SumSung500/CSU/0_HiRES/data/hires/GSE223917_RAW/GSM7003046_OrgbEX152142.pairs.gz	EX15	blood
OrgbEX152143	/Volumes/SumSung500/CSU/0_HiRES/data/hires/GSE223917_RAW/GSM7003047_OrgbEX152143.pairs.gz	EX15	mix late mesenchyme
OrgbEX152144	/Volumes/SumSung500/CSU/0_HiRES/data/hires/GSE223917_RAW/GSM7003048_OrgbEX152144.pairs.gz	EX15	mix late mesenchyme
OrgbEX152145	/Volumes/SumSung500/CSU/0_HiRES/data/hires/GSE223917_RAW/GSM7003049_OrgbEX152145.pairs.gz	EX15	early neurons
OrgbEX152146	/Volumes/SumSung500/CSU/0_HiRES/data/hires/GSE223917_RAW/GSM7003050_OrgbEX152146.pairs.gz	EX15	endoderm
OrgbEX152147	/Volumes/SumSung500/CSU/0_HiRES/data/hires/GSE223917_RAW/GSM7003051_OrgbEX152147.pairs.gz	EX15	mix late mesenchyme
OrgbEX152148	/Volumes/SumSung500/CSU/0_HiRES/data/hires/GSE223917_RAW/GSM7003052_OrgbEX152148.pairs.gz	EX15	mix late mesenchyme
OrgbEX152149	/Volumes/SumSung500/CSU/0_HiRES/data/hires/GSE223917_RAW/GSM7003053_OrgbEX152149.pairs.gz	EX15	mix late mesenchyme
OrgbEX152150	/Volumes/SumSung500/CSU/0_HiRES/data/hires/GSE223917_RAW/GSM7003054_OrgbEX152150.pairs.gz	EX15	blood
OrgbEX152151	/Volumes/SumSung500/CSU/0_HiRES/data/hires/GSE223917_RAW/GSM7003055_OrgbEX152151.pairs.gz	EX15	intermediate mesoderm
OrgbEX152152	/Volumes/SumSung500/CSU/0_HiRES/data/hires/GSE223917_RAW/GSM7003056_OrgbEX152152.pairs.gz	EX15	early neurons
OrgbEX152153	/Volumes/SumSung500/CSU/0_HiRES/data/hires/GSE223917_RAW/GSM7003057_OrgbEX152153.pairs.gz	EX15	blood
OrgbEX152154	/Volumes/SumSung500/CSU/0_HiRES/data/hires/GSE223917_RAW/GSM7003058_OrgbEX152154.pairs.gz	EX15	early neurons
OrgbEX152155	/Volumes/SumSung500/CSU/0_HiRES/data/hires/GSE223917_RAW/GSM7003059_OrgbEX152155.pairs.gz	EX15	mix late mesenchyme
OrgbEX152156	/Volumes/SumSung500/CSU/0_HiRES/data/hires/GSE223917_RAW/GSM7003060_OrgbEX152156.pairs.gz	EX15	early neurons
OrgbEX152157	/Volumes/SumSung500/CSU/0_HiRES/data/hires/GSE223917_RAW/GSM7003061_OrgbEX152157.pairs.gz	EX15	early neurons
OrgbEX152158	/Volumes/SumSung500/CSU/0_HiRES/data/hires/GSE223917_RAW/GSM7003062_OrgbEX152158.pairs.gz	EX15	mix late mesenchyme
OrgbEX152159	/Volumes/SumSung500/CSU/0_HiRES/data/hires/GSE223917_RAW/GSM7003063_OrgbEX152159.pairs.gz	EX15	early neurons
OrgbEX152160	/Volumes/SumSung500/CSU/0_HiRES/data/hires/GSE223917_RAW/GSM7003064_OrgbEX152160.pairs.gz	EX15	radial glias
OrgbEX152161	/Volumes/SumSung500/CSU/0_HiRES/data/hires/GSE223917_RAW/GSM7003065_OrgbEX152161.pairs.gz	EX15	mix late mesenchyme
OrgbEX152162	/Volumes/SumSung500/CSU/0_HiRES/data/hires/GSE223917_RAW/GSM7003066_OrgbEX152162.pairs.gz	EX15	mitosis
OrgbEX152163	/Volumes/SumSung500/CSU/0_HiRES/data/hires/GSE223917_RAW/GSM7003067_OrgbEX152163.pairs.gz	EX15	mitosis
OrgbEX152165	/Volumes/SumSung500/CSU/0_HiRES/data/hires/GSE223917_RAW/GSM7003069_OrgbEX152165.pairs.gz	EX15	oligodendrocytes and progenitors
OrgbEX152166	/Volumes/SumSung500/CSU/0_HiRES/data/hires/GSE223917_RAW/GSM7003070_OrgbEX152166.pairs.gz	EX15	early neurons
OrgbEX152167	/Volumes/SumSung500/CSU/0_HiRES/data/hires/GSE223917_RAW/GSM7003071_OrgbEX152167.pairs.gz	EX15	mix late mesenchyme
OrgbEX152168	/Volumes/SumSung500/CSU/0_HiRES/data/hires/GSE223917_RAW/GSM7003072_OrgbEX152168.pairs.gz	EX15	mix late mesenchyme
OrgbEX152169	/Volumes/SumSung500/CSU/0_HiRES/data/hires/GSE223917_RAW/GSM7003073_OrgbEX152169.pairs.gz	EX15	mix late mesenchyme
OrgbEX152170	/Volumes/SumSung500/CSU/0_HiRES/data/hires/GSE223917_RAW/GSM7003074_OrgbEX152170.pairs.gz	EX15	mix late mesenchyme
OrgbEX152171	/Volumes/SumSung500/CSU/0_HiRES/data/hires/GSE223917_RAW/GSM7003075_OrgbEX152171.pairs.gz	EX15	early neurons
OrgbEX152172	/Volumes/SumSung500/CSU/0_HiRES/data/hires/GSE223917_RAW/GSM7003076_OrgbEX152172.pairs.gz	EX15	mix late mesenchyme
OrgbEX152173	/Volumes/SumSung500/CSU/0_HiRES/data/hires/GSE223917_RAW/GSM7003077_OrgbEX152173.pairs.gz	EX15	early neurons
OrgbEX152174	/Volumes/SumSung500/CSU/0_HiRES/data/hires/GSE223917_RAW/GSM7003078_OrgbEX152174.pairs.gz	EX15	radial glias
OrgbEX152175	/Volumes/SumSung500/CSU/0_HiRES/data/hires/GSE223917_RAW/GSM7003079_OrgbEX152175.pairs.gz	EX15	blood
OrgbEX152176	/Volumes/SumSung500/CSU/0_HiRES/data/hires/GSE223917_RAW/GSM7003080_OrgbEX152176.pairs.gz	EX15	mix late mesenchyme
OrgbEX152177	/Volumes/SumSung500/CSU/0_HiRES/data/hires/GSE223917_RAW/GSM7003081_OrgbEX152177.pairs.gz	EX15	mitosis
OrgbEX152178	/Volumes/SumSung500/CSU/0_HiRES/data/hires/GSE223917_RAW/GSM7003082_OrgbEX152178.pairs.gz	EX15	myocytes
OrgbEX152179	/Volumes/SumSung500/CSU/0_HiRES/data/hires/GSE223917_RAW/GSM7003083_OrgbEX152179.pairs.gz	EX15	mix late mesenchyme
OrgbEX152180	/Volumes/SumSung500/CSU/0_HiRES/data/hires/GSE223917_RAW/GSM7003084_OrgbEX152180.pairs.gz	EX15	blood
OrgbEX152181	/Volumes/SumSung500/CSU/0_HiRES/data/hires/GSE223917_RAW/GSM7003085_OrgbEX152181.pairs.gz	EX15	early neurons
OrgbEX152182	/Volumes/SumSung500/CSU/0_HiRES/data/hires/GSE223917_RAW/GSM7003086_OrgbEX152182.pairs.gz	EX15	early neurons
OrgbEX152183	/Volumes/SumSung500/CSU/0_HiRES/data/hires/GSE223917_RAW/GSM7003087_OrgbEX152183.pairs.gz	EX15	mix late mesenchyme
OrgbEX152184	/Volumes/SumSung500/CSU/0_HiRES/data/hires/GSE223917_RAW/GSM7003088_OrgbEX152184.pairs.gz	EX15	early neurons
OrgbEX152185	/Volumes/SumSung500/CSU/0_HiRES/data/hires/GSE223917_RAW/GSM7003089_OrgbEX152185.pairs.gz	EX15	early neurons
OrgbEX152186	/Volumes/SumSung500/CSU/0_HiRES/data/hires/GSE223917_RAW/GSM7003090_OrgbEX152186.pairs.gz	EX15	mix late mesenchyme
OrgbEX152187	/Volumes/SumSung500/CSU/0_HiRES/data/hires/GSE223917_RAW/GSM7003091_OrgbEX152187.pairs.gz	EX15	radial glias
OrgbEX152188	/Volumes/SumSung500/CSU/0_HiRES/data/hires/GSE223917_RAW/GSM7003092_OrgbEX152188.pairs.gz	EX15	myocytes
OrgbEX152189	/Volumes/SumSung500/CSU/0_HiRES/data/hires/GSE223917_RAW/GSM7003093_OrgbEX152189.pairs.gz	EX15	early neurons
OrgbEX152190	/Volumes/SumSung500/CSU/0_HiRES/data/hires/GSE223917_RAW/GSM7003094_OrgbEX152190.pairs.gz	EX15	early neurons
OrgbEX152191	/Volumes/SumSung500/CSU/0_HiRES/data/hires/GSE223917_RAW/GSM7003095_OrgbEX152191.pairs.gz	EX15	mix late mesenchyme
OrgbEX152192	/Volumes/SumSung500/CSU/0_HiRES/data/hires/GSE223917_RAW/GSM7003096_OrgbEX152192.pairs.gz	EX15	mix late mesenchyme
OrgbEX152193	/Volumes/SumSung500/CSU/0_HiRES/data/hires/GSE223917_RAW/GSM7003097_OrgbEX152193.pairs.gz	EX15	intermediate mesoderm
OrgbEX152194	/Volumes/SumSung500/CSU/0_HiRES/data/hires/GSE223917_RAW/GSM7003098_OrgbEX152194.pairs.gz	EX15	mix late mesenchyme
OrgbEX152195	/Volumes/SumSung500/CSU/0_HiRES/data/hires/GSE223917_RAW/GSM7003099_OrgbEX152195.pairs.gz	EX15	mix late mesenchyme
OrgbEX152196	/Volumes/SumSung500/CSU/0_HiRES/data/hires/GSE223917_RAW/GSM7003100_OrgbEX152196.pairs.gz	EX15	oligodendrocytes and progenitors
OrgbEX152197	/Volumes/SumSung500/CSU/0_HiRES/data/hires/GSE223917_RAW/GSM7003101_OrgbEX152197.pairs.gz	EX15	early neurons
OrgbEX152198	/Volumes/SumSung500/CSU/0_HiRES/data/hires/GSE223917_RAW/GSM7003102_OrgbEX152198.pairs.gz	EX15	early neurons
OrgbEX152199	/Volumes/SumSung500/CSU/0_HiRES/data/hires/GSE223917_RAW/GSM7003103_OrgbEX152199.pairs.gz	EX15	blood
OrgbEX152202	/Volumes/SumSung500/CSU/0_HiRES/data/hires/GSE223917_RAW/GSM7003106_OrgbEX152202.pairs.gz	EX15	early neurons
OrgbEX152203	/Volumes/SumSung500/CSU/0_HiRES/data/hires/GSE223917_RAW/GSM7003107_OrgbEX152203.pairs.gz	EX15	early mesenchyme
OrgbEX152204	/Volumes/SumSung500/CSU/0_HiRES/data/hires/GSE223917_RAW/GSM7003108_OrgbEX152204.pairs.gz	EX15	radial glias
OrgbEX152205	/Volumes/SumSung500/CSU/0_HiRES/data/hires/GSE223917_RAW/GSM7003109_OrgbEX152205.pairs.gz	EX15	mitosis
OrgbEX152206	/Volumes/SumSung500/CSU/0_HiRES/data/hires/GSE223917_RAW/GSM7003110_OrgbEX152206.pairs.gz	EX15	radial glias
OrgbEX152207	/Volumes/SumSung500/CSU/0_HiRES/data/hires/GSE223917_RAW/GSM7003111_OrgbEX152207.pairs.gz	EX15	early neurons
OrgbEX152208	/Volumes/SumSung500/CSU/0_HiRES/data/hires/GSE223917_RAW/GSM7003112_OrgbEX152208.pairs.gz	EX15	mix late mesenchyme
OrgbEX152209	/Volumes/SumSung500/CSU/0_HiRES/data/hires/GSE223917_RAW/GSM7003113_OrgbEX152209.pairs.gz	EX15	early neurons
OrgbEX152210	/Volumes/SumSung500/CSU/0_HiRES/data/hires/GSE223917_RAW/GSM7003114_OrgbEX152210.pairs.gz	EX15	mitosis
OrgbEX152211	/Volumes/SumSung500/CSU/0_HiRES/data/hires/GSE223917_RAW/GSM7003115_OrgbEX152211.pairs.gz	EX15	epithelial cells
OrgbEX152212	/Volumes/SumSung500/CSU/0_HiRES/data/hires/GSE223917_RAW/GSM7003116_OrgbEX152212.pairs.gz	EX15	mix late mesenchyme
OrgbEX152213	/Volumes/SumSung500/CSU/0_HiRES/data/hires/GSE223917_RAW/GSM7003117_OrgbEX152213.pairs.gz	EX15	mitosis
OrgbEX152214	/Volumes/SumSung500/CSU/0_HiRES/data/hires/GSE223917_RAW/GSM7003118_OrgbEX152214.pairs.gz	EX15	mix late mesenchyme
OrgbEX152215	/Volumes/SumSung500/CSU/0_HiRES/data/hires/GSE223917_RAW/GSM7003119_OrgbEX152215.pairs.gz	EX15	intermediate mesoderm
OrgbEX152216	/Volumes/SumSung500/CSU/0_HiRES/data/hires/GSE223917_RAW/GSM7003120_OrgbEX152216.pairs.gz	EX15	radial glias
OrgbEX152217	/Volumes/SumSung500/CSU/0_HiRES/data/hires/GSE223917_RAW/GSM7003121_OrgbEX152217.pairs.gz	EX15	mix late mesenchyme
OrgbEX152218	/Volumes/SumSung500/CSU/0_HiRES/data/hires/GSE223917_RAW/GSM7003122_OrgbEX152218.pairs.gz	EX15	early neurons
OrgbEX152219	/Volumes/SumSung500/CSU/0_HiRES/data/hires/GSE223917_RAW/GSM7003123_OrgbEX152219.pairs.gz	EX15	blood
OrgbEX152220	/Volumes/SumSung500/CSU/0_HiRES/data/hires/GSE223917_RAW/GSM7003124_OrgbEX152220.pairs.gz	EX15	early neurons
OrgbEX152221	/Volumes/SumSung500/CSU/0_HiRES/data/hires/GSE223917_RAW/GSM7003125_OrgbEX152221.pairs.gz	EX15	myocytes
OrgbEX152222	/Volumes/SumSung500/CSU/0_HiRES/data/hires/GSE223917_RAW/GSM7003126_OrgbEX152222.pairs.gz	EX15	myocytes
OrgbEX152223	/Volumes/SumSung500/CSU/0_HiRES/data/hires/GSE223917_RAW/GSM7003127_OrgbEX152223.pairs.gz	EX15	mix late mesenchyme
OrgbEX152225	/Volumes/SumSung500/CSU/0_HiRES/data/hires/GSE223917_RAW/GSM7003129_OrgbEX152225.pairs.gz	EX15	mix late mesenchyme
OrgbEX152226	/Volumes/SumSung500/CSU/0_HiRES/data/hires/GSE223917_RAW/GSM7003130_OrgbEX152226.pairs.gz	EX15	blood
OrgbEX152227	/Volumes/SumSung500/CSU/0_HiRES/data/hires/GSE223917_RAW/GSM7003131_OrgbEX152227.pairs.gz	EX15	myocytes
OrgbEX152228	/Volumes/SumSung500/CSU/0_HiRES/data/hires/GSE223917_RAW/GSM7003132_OrgbEX152228.pairs.gz	EX15	mix late mesenchyme
OrgbEX152230	/Volumes/SumSung500/CSU/0_HiRES/data/hires/GSE223917_RAW/GSM7003134_OrgbEX152230.pairs.gz	EX15	mix late mesenchyme
OrgbEX152231	/Volumes/SumSung500/CSU/0_HiRES/data/hires/GSE223917_RAW/GSM7003135_OrgbEX152231.pairs.gz	EX15	endoderm
OrgbEX152232	/Volumes/SumSung500/CSU/0_HiRES/data/hires/GSE223917_RAW/GSM7003136_OrgbEX152232.pairs.gz	EX15	intermediate mesoderm
OrgbEX152233	/Volumes/SumSung500/CSU/0_HiRES/data/hires/GSE223917_RAW/GSM7003137_OrgbEX152233.pairs.gz	EX15	blood
OrgbEX152234	/Volumes/SumSung500/CSU/0_HiRES/data/hires/GSE223917_RAW/GSM7003138_OrgbEX152234.pairs.gz	EX15	mix late mesenchyme
OrgbEX152235	/Volumes/SumSung500/CSU/0_HiRES/data/hires/GSE223917_RAW/GSM7003139_OrgbEX152235.pairs.gz	EX15	mix late mesenchyme
OrgbEX152236	/Volumes/SumSung500/CSU/0_HiRES/data/hires/GSE223917_RAW/GSM7003140_OrgbEX152236.pairs.gz	EX15	mix late mesenchyme
OrgbEX152237	/Volumes/SumSung500/CSU/0_HiRES/data/hires/GSE223917_RAW/GSM7003141_OrgbEX152237.pairs.gz	EX15	early neurons
OrgbEX152238	/Volumes/SumSung500/CSU/0_HiRES/data/hires/GSE223917_RAW/GSM7003142_OrgbEX152238.pairs.gz	EX15	early neurons
OrgbEX152240	/Volumes/SumSung500/CSU/0_HiRES/data/hires/GSE223917_RAW/GSM7003144_OrgbEX152240.pairs.gz	EX15	radial glias
OrgbEX152242	/Volumes/SumSung500/CSU/0_HiRES/data/hires/GSE223917_RAW/GSM7003145_OrgbEX152242.pairs.gz	EX15	blood
OrgbEX152243	/Volumes/SumSung500/CSU/0_HiRES/data/hires/GSE223917_RAW/GSM7003146_OrgbEX152243.pairs.gz	EX15	early neurons
OrgbEX152244	/Volumes/SumSung500/CSU/0_HiRES/data/hires/GSE223917_RAW/GSM7003147_OrgbEX152244.pairs.gz	EX15	oligodendrocytes and progenitors
OrgbEX152245	/Volumes/SumSung500/CSU/0_HiRES/data/hires/GSE223917_RAW/GSM7003148_OrgbEX152245.pairs.gz	EX15	oligodendrocytes and progenitors
OrgbEX152246	/Volumes/SumSung500/CSU/0_HiRES/data/hires/GSE223917_RAW/GSM7003149_OrgbEX152246.pairs.gz	EX15	mix late mesenchyme
OrgbEX152247	/Volumes/SumSung500/CSU/0_HiRES/data/hires/GSE223917_RAW/GSM7003150_OrgbEX152247.pairs.gz	EX15	mix late mesenchyme
OrgbEX152249	/Volumes/SumSung500/CSU/0_HiRES/data/hires/GSE223917_RAW/GSM7003152_OrgbEX152249.pairs.gz	EX15	early neurons
OrgbEX152251	/Volumes/SumSung500/CSU/0_HiRES/data/hires/GSE223917_RAW/GSM7003154_OrgbEX152251.pairs.gz	EX15	mix late mesenchyme
OrgbEX152252	/Volumes/SumSung500/CSU/0_HiRES/data/hires/GSE223917_RAW/GSM7003155_OrgbEX152252.pairs.gz	EX15	blood
OrgbEX152253	/Volumes/SumSung500/CSU/0_HiRES/data/hires/GSE223917_RAW/GSM7003156_OrgbEX152253.pairs.gz	EX15	blood
OrgbEX152254	/Volumes/SumSung500/CSU/0_HiRES/data/hires/GSE223917_RAW/GSM7003157_OrgbEX152254.pairs.gz	EX15	radial glias
OrgbEX152255	/Volumes/SumSung500/CSU/0_HiRES/data/hires/GSE223917_RAW/GSM7003158_OrgbEX152255.pairs.gz	EX15	myocytes
OrgbEX152256	/Volumes/SumSung500/CSU/0_HiRES/data/hires/GSE223917_RAW/GSM7003159_OrgbEX152256.pairs.gz	EX15	blood
OrgbEX152258	/Volumes/SumSung500/CSU/0_HiRES/data/hires/GSE223917_RAW/GSM7003160_OrgbEX152258.pairs.gz	EX15	epithelial cells
OrgbEX152259	/Volumes/SumSung500/CSU/0_HiRES/data/hires/GSE223917_RAW/GSM7003161_OrgbEX152259.pairs.gz	EX15	mitosis
OrgbEX152260	/Volumes/SumSung500/CSU/0_HiRES/data/hires/GSE223917_RAW/GSM7003162_OrgbEX152260.pairs.gz	EX15	blood
OrgbEX152261	/Volumes/SumSung500/CSU/0_HiRES/data/hires/GSE223917_RAW/GSM7003163_OrgbEX152261.pairs.gz	EX15	intermediate mesoderm
OrgbEX152263	/Volumes/SumSung500/CSU/0_HiRES/data/hires/GSE223917_RAW/GSM7003165_OrgbEX152263.pairs.gz	EX15	early neurons
OrgbEX152264	/Volumes/SumSung500/CSU/0_HiRES/data/hires/GSE223917_RAW/GSM7003166_OrgbEX152264.pairs.gz	EX15	radial glias
OrgbEX152265	/Volumes/SumSung500/CSU/0_HiRES/data/hires/GSE223917_RAW/GSM7003167_OrgbEX152265.pairs.gz	EX15	mitosis
OrgbEX152266	/Volumes/SumSung500/CSU/0_HiRES/data/hires/GSE223917_RAW/GSM7003168_OrgbEX152266.pairs.gz	EX15	oligodendrocytes and progenitors
OrgbEX152267	/Volumes/SumSung500/CSU/0_HiRES/data/hires/GSE223917_RAW/GSM7003169_OrgbEX152267.pairs.gz	EX15	blood
OrgbEX152268	/Volumes/SumSung500/CSU/0_HiRES/data/hires/GSE223917_RAW/GSM7003170_OrgbEX152268.pairs.gz	EX15	early neurons
OrgbEX152269	/Volumes/SumSung500/CSU/0_HiRES/data/hires/GSE223917_RAW/GSM7003171_OrgbEX152269.pairs.gz	EX15	mix late mesenchyme
OrgbEX152270	/Volumes/SumSung500/CSU/0_HiRES/data/hires/GSE223917_RAW/GSM7003172_OrgbEX152270.pairs.gz	EX15	mix late mesenchyme
OrgbEX152271	/Volumes/SumSung500/CSU/0_HiRES/data/hires/GSE223917_RAW/GSM7003173_OrgbEX152271.pairs.gz	EX15	mix late mesenchyme
OrgbEX152272	/Volumes/SumSung500/CSU/0_HiRES/data/hires/GSE223917_RAW/GSM7003174_OrgbEX152272.pairs.gz	EX15	mix late mesenchyme
OrgbEX152273	/Volumes/SumSung500/CSU/0_HiRES/data/hires/GSE223917_RAW/GSM7003175_OrgbEX152273.pairs.gz	EX15	early neurons
OrgbEX152274	/Volumes/SumSung500/CSU/0_HiRES/data/hires/GSE223917_RAW/GSM7003176_OrgbEX152274.pairs.gz	EX15	early neurons
OrgbEX152275	/Volumes/SumSung500/CSU/0_HiRES/data/hires/GSE223917_RAW/GSM7003177_OrgbEX152275.pairs.gz	EX15	early neurons
OrgbEX152276	/Volumes/SumSung500/CSU/0_HiRES/data/hires/GSE223917_RAW/GSM7003178_OrgbEX152276.pairs.gz	EX15	mix late mesenchyme
OrgbEX152277	/Volumes/SumSung500/CSU/0_HiRES/data/hires/GSE223917_RAW/GSM7003179_OrgbEX152277.pairs.gz	EX15	mix late mesenchyme
OrgbEX152279	/Volumes/SumSung500/CSU/0_HiRES/data/hires/GSE223917_RAW/GSM7003181_OrgbEX152279.pairs.gz	EX15	mix late mesenchyme
OrgbEX152280	/Volumes/SumSung500/CSU/0_HiRES/data/hires/GSE223917_RAW/GSM7003182_OrgbEX152280.pairs.gz	EX15	early neurons
OrgbEX152281	/Volumes/SumSung500/CSU/0_HiRES/data/hires/GSE223917_RAW/GSM7003183_OrgbEX152281.pairs.gz	EX15	early neurons
OrgbEX152282	/Volumes/SumSung500/CSU/0_HiRES/data/hires/GSE223917_RAW/GSM7003184_OrgbEX152282.pairs.gz	EX15	early neurons
OrgbEX152283	/Volumes/SumSung500/CSU/0_HiRES/data/hires/GSE223917_RAW/GSM7003185_OrgbEX152283.pairs.gz	EX15	mix late mesenchyme
OrgbEX152284	/Volumes/SumSung500/CSU/0_HiRES/data/hires/GSE223917_RAW/GSM7003186_OrgbEX152284.pairs.gz	EX15	mix late mesenchyme
OrgbEX152285	/Volumes/SumSung500/CSU/0_HiRES/data/hires/GSE223917_RAW/GSM7003187_OrgbEX152285.pairs.gz	EX15	mitosis
OrgbEX152286	/Volumes/SumSung500/CSU/0_HiRES/data/hires/GSE223917_RAW/GSM7003188_OrgbEX152286.pairs.gz	EX15	early neurons
OrgbEX152287	/Volumes/SumSung500/CSU/0_HiRES/data/hires/GSE223917_RAW/GSM7003189_OrgbEX152287.pairs.gz	EX15	early neurons
OrgbEX152288	/Volumes/SumSung500/CSU/0_HiRES/data/hires/GSE223917_RAW/GSM7003190_OrgbEX152288.pairs.gz	EX15	mix late mesenchyme
OrgbEX152289	/Volumes/SumSung500/CSU/0_HiRES/data/hires/GSE223917_RAW/GSM7003191_OrgbEX152289.pairs.gz	EX15	radial glias
OrgbEX152291	/Volumes/SumSung500/CSU/0_HiRES/data/hires/GSE223917_RAW/GSM7003193_OrgbEX152291.pairs.gz	EX15	radial glias
OrgbEX152292	/Volumes/SumSung500/CSU/0_HiRES/data/hires/GSE223917_RAW/GSM7003194_OrgbEX152292.pairs.gz	EX15	blood
OrgbEX152293	/Volumes/SumSung500/CSU/0_HiRES/data/hires/GSE223917_RAW/GSM7003195_OrgbEX152293.pairs.gz	EX15	mix late mesenchyme
OrgbEX152294	/Volumes/SumSung500/CSU/0_HiRES/data/hires/GSE223917_RAW/GSM7003196_OrgbEX152294.pairs.gz	EX15	early neurons
OrgbEX152295	/Volumes/SumSung500/CSU/0_HiRES/data/hires/GSE223917_RAW/GSM7003197_OrgbEX152295.pairs.gz	EX15	early neurons
OrgbEX152296	/Volumes/SumSung500/CSU/0_HiRES/data/hires/GSE223917_RAW/GSM7003198_OrgbEX152296.pairs.gz	EX15	blood
OrgbEX152298	/Volumes/SumSung500/CSU/0_HiRES/data/hires/GSE223917_RAW/GSM7003200_OrgbEX152298.pairs.gz	EX15	oligodendrocytes and progenitors
OrgbEX152299	/Volumes/SumSung500/CSU/0_HiRES/data/hires/GSE223917_RAW/GSM7003201_OrgbEX152299.pairs.gz	EX15	mix late mesenchyme
OrgbEX152300	/Volumes/SumSung500/CSU/0_HiRES/data/hires/GSE223917_RAW/GSM7003202_OrgbEX152300.pairs.gz	EX15	blood
OrgbEX152301	/Volumes/SumSung500/CSU/0_HiRES/data/hires/GSE223917_RAW/GSM7003203_OrgbEX152301.pairs.gz	EX15	early neurons
OrgbEX152302	/Volumes/SumSung500/CSU/0_HiRES/data/hires/GSE223917_RAW/GSM7003204_OrgbEX152302.pairs.gz	EX15	mix late mesenchyme
OrgbEX152303	/Volumes/SumSung500/CSU/0_HiRES/data/hires/GSE223917_RAW/GSM7003205_OrgbEX152303.pairs.gz	EX15	mix late mesenchyme
OrgbEX152304	/Volumes/SumSung500/CSU/0_HiRES/data/hires/GSE223917_RAW/GSM7003206_OrgbEX152304.pairs.gz	EX15	mix late mesenchyme
OrgbEX152305	/Volumes/SumSung500/CSU/0_HiRES/data/hires/GSE223917_RAW/GSM7003207_OrgbEX152305.pairs.gz	EX15	early neurons
OrgbEX152306	/Volumes/SumSung500/CSU/0_HiRES/data/hires/GSE223917_RAW/GSM7003208_OrgbEX152306.pairs.gz	EX15	mix late mesenchyme
OrgbEX152307	/Volumes/SumSung500/CSU/0_HiRES/data/hires/GSE223917_RAW/GSM7003209_OrgbEX152307.pairs.gz	EX15	early neurons
OrgbEX152308	/Volumes/SumSung500/CSU/0_HiRES/data/hires/GSE223917_RAW/GSM7003210_OrgbEX152308.pairs.gz	EX15	radial glias
OrgbEX152309	/Volumes/SumSung500/CSU/0_HiRES/data/hires/GSE223917_RAW/GSM7003211_OrgbEX152309.pairs.gz	EX15	oligodendrocytes and progenitors
OrgbEX152310	/Volumes/SumSung500/CSU/0_HiRES/data/hires/GSE223917_RAW/GSM7003212_OrgbEX152310.pairs.gz	EX15	mix late mesenchyme
OrgbEX152311	/Volumes/SumSung500/CSU/0_HiRES/data/hires/GSE223917_RAW/GSM7003213_OrgbEX152311.pairs.gz	EX15	oligodendrocytes and progenitors
OrgbEX152312	/Volumes/SumSung500/CSU/0_HiRES/data/hires/GSE223917_RAW/GSM7003214_OrgbEX152312.pairs.gz	EX15	early neurons
OrgbEX152313	/Volumes/SumSung500/CSU/0_HiRES/data/hires/GSE223917_RAW/GSM7003215_OrgbEX152313.pairs.gz	EX15	mix late mesenchyme
OrgbEX152314	/Volumes/SumSung500/CSU/0_HiRES/data/hires/GSE223917_RAW/GSM7003216_OrgbEX152314.pairs.gz	EX15	oligodendrocytes and progenitors
OrgbEX152315	/Volumes/SumSung500/CSU/0_HiRES/data/hires/GSE223917_RAW/GSM7003217_OrgbEX152315.pairs.gz	EX15	radial glias
OrgbEX152316	/Volumes/SumSung500/CSU/0_HiRES/data/hires/GSE223917_RAW/GSM7003218_OrgbEX152316.pairs.gz	EX15	mitosis
OrgbEX152317	/Volumes/SumSung500/CSU/0_HiRES/data/hires/GSE223917_RAW/GSM7003219_OrgbEX152317.pairs.gz	EX15	early neurons
OrgbEX152318	/Volumes/SumSung500/CSU/0_HiRES/data/hires/GSE223917_RAW/GSM7003220_OrgbEX152318.pairs.gz	EX15	blood
OrgbEX152319	/Volumes/SumSung500/CSU/0_HiRES/data/hires/GSE223917_RAW/GSM7003221_OrgbEX152319.pairs.gz	EX15	early neurons
OrgbEX152320	/Volumes/SumSung500/CSU/0_HiRES/data/hires/GSE223917_RAW/GSM7003222_OrgbEX152320.pairs.gz	EX15	mix late mesenchyme
OrgbEX152321	/Volumes/SumSung500/CSU/0_HiRES/data/hires/GSE223917_RAW/GSM7003223_OrgbEX152321.pairs.gz	EX15	mix late mesenchyme
OrgbEX152322	/Volumes/SumSung500/CSU/0_HiRES/data/hires/GSE223917_RAW/GSM7003224_OrgbEX152322.pairs.gz	EX15	mix late mesenchyme
OrgbEX152323	/Volumes/SumSung500/CSU/0_HiRES/data/hires/GSE223917_RAW/GSM7003225_OrgbEX152323.pairs.gz	EX15	mix late mesenchyme
OrgbEX152324	/Volumes/SumSung500/CSU/0_HiRES/data/hires/GSE223917_RAW/GSM7003226_OrgbEX152324.pairs.gz	EX15	mix late mesenchyme
OrgbEX152325	/Volumes/SumSung500/CSU/0_HiRES/data/hires/GSE223917_RAW/GSM7003227_OrgbEX152325.pairs.gz	EX15	endoderm
OrgbEX152326	/Volumes/SumSung500/CSU/0_HiRES/data/hires/GSE223917_RAW/GSM7003228_OrgbEX152326.pairs.gz	EX15	mitosis
OrgbEX152327	/Volumes/SumSung500/CSU/0_HiRES/data/hires/GSE223917_RAW/GSM7003229_OrgbEX152327.pairs.gz	EX15	mix late mesenchyme
OrgbEX152328	/Volumes/SumSung500/CSU/0_HiRES/data/hires/GSE223917_RAW/GSM7003230_OrgbEX152328.pairs.gz	EX15	oligodendrocytes and progenitors
OrgbEX152329	/Volumes/SumSung500/CSU/0_HiRES/data/hires/GSE223917_RAW/GSM7003231_OrgbEX152329.pairs.gz	EX15	mix late mesenchyme
OrgbEX152330	/Volumes/SumSung500/CSU/0_HiRES/data/hires/GSE223917_RAW/GSM7003232_OrgbEX152330.pairs.gz	EX15	mix late mesenchyme
OrgbEX152331	/Volumes/SumSung500/CSU/0_HiRES/data/hires/GSE223917_RAW/GSM7003233_OrgbEX152331.pairs.gz	EX15	oligodendrocytes and progenitors
OrgbEX152332	/Volumes/SumSung500/CSU/0_HiRES/data/hires/GSE223917_RAW/GSM7003234_OrgbEX152332.pairs.gz	EX15	myocytes
OrgbEX152333	/Volumes/SumSung500/CSU/0_HiRES/data/hires/GSE223917_RAW/GSM7003235_OrgbEX152333.pairs.gz	EX15	mix late mesenchyme
OrgbEX152334	/Volumes/SumSung500/CSU/0_HiRES/data/hires/GSE223917_RAW/GSM7003236_OrgbEX152334.pairs.gz	EX15	radial glias
OrgbEX152335	/Volumes/SumSung500/CSU/0_HiRES/data/hires/GSE223917_RAW/GSM7003237_OrgbEX152335.pairs.gz	EX15	blood
OrgbEX152336	/Volumes/SumSung500/CSU/0_HiRES/data/hires/GSE223917_RAW/GSM7003238_OrgbEX152336.pairs.gz	EX15	mix late mesenchyme
OrgbEX152337	/Volumes/SumSung500/CSU/0_HiRES/data/hires/GSE223917_RAW/GSM7003239_OrgbEX152337.pairs.gz	EX15	endoderm
OrgbEX152339	/Volumes/SumSung500/CSU/0_HiRES/data/hires/GSE223917_RAW/GSM7003241_OrgbEX152339.pairs.gz	EX15	blood
OrgbEX152340	/Volumes/SumSung500/CSU/0_HiRES/data/hires/GSE223917_RAW/GSM7003242_OrgbEX152340.pairs.gz	EX15	early neurons
OrgbEX152341	/Volumes/SumSung500/CSU/0_HiRES/data/hires/GSE223917_RAW/GSM7003243_OrgbEX152341.pairs.gz	EX15	oligodendrocytes and progenitors
OrgbEX152342	/Volumes/SumSung500/CSU/0_HiRES/data/hires/GSE223917_RAW/GSM7003244_OrgbEX152342.pairs.gz	EX15	blood
OrgbEX152343	/Volumes/SumSung500/CSU/0_HiRES/data/hires/GSE223917_RAW/GSM7003245_OrgbEX152343.pairs.gz	EX15	intermediate mesoderm
OrgbEX152344	/Volumes/SumSung500/CSU/0_HiRES/data/hires/GSE223917_RAW/GSM7003246_OrgbEX152344.pairs.gz	EX15	radial glias
OrgbEX152345	/Volumes/SumSung500/CSU/0_HiRES/data/hires/GSE223917_RAW/GSM7003247_OrgbEX152345.pairs.gz	EX15	mix late mesenchyme
OrgbEX152346	/Volumes/SumSung500/CSU/0_HiRES/data/hires/GSE223917_RAW/GSM7003248_OrgbEX152346.pairs.gz	EX15	mix late mesenchyme
OrgbEX152348	/Volumes/SumSung500/CSU/0_HiRES/data/hires/GSE223917_RAW/GSM7003250_OrgbEX152348.pairs.gz	EX15	endoderm
OrgbEX152349	/Volumes/SumSung500/CSU/0_HiRES/data/hires/GSE223917_RAW/GSM7003251_OrgbEX152349.pairs.gz	EX15	intermediate mesoderm
OrgbEX152350	/Volumes/SumSung500/CSU/0_HiRES/data/hires/GSE223917_RAW/GSM7003252_OrgbEX152350.pairs.gz	EX15	oligodendrocytes and progenitors
OrgbEX152351	/Volumes/SumSung500/CSU/0_HiRES/data/hires/GSE223917_RAW/GSM7003253_OrgbEX152351.pairs.gz	EX15	mix late mesenchyme
OrgbEX152353	/Volumes/SumSung500/CSU/0_HiRES/data/hires/GSE223917_RAW/GSM7003255_OrgbEX152353.pairs.gz	EX15	mix late mesenchyme
OrgbEX152354	/Volumes/SumSung500/CSU/0_HiRES/data/hires/GSE223917_RAW/GSM7003256_OrgbEX152354.pairs.gz	EX15	mix late mesenchyme
OrgbEX152355	/Volumes/SumSung500/CSU/0_HiRES/data/hires/GSE223917_RAW/GSM7003257_OrgbEX152355.pairs.gz	EX15	blood
OrgbEX152356	/Volumes/SumSung500/CSU/0_HiRES/data/hires/GSE223917_RAW/GSM7003258_OrgbEX152356.pairs.gz	EX15	myocytes
OrgbEX152357	/Volumes/SumSung500/CSU/0_HiRES/data/hires/GSE223917_RAW/GSM7003259_OrgbEX152357.pairs.gz	EX15	mix late mesenchyme
OrgbEX152358	/Volumes/SumSung500/CSU/0_HiRES/data/hires/GSE223917_RAW/GSM7003260_OrgbEX152358.pairs.gz	EX15	mitosis
OrgbEX152359	/Volumes/SumSung500/CSU/0_HiRES/data/hires/GSE223917_RAW/GSM7003261_OrgbEX152359.pairs.gz	EX15	early neurons
OrgbEX152360	/Volumes/SumSung500/CSU/0_HiRES/data/hires/GSE223917_RAW/GSM7003262_OrgbEX152360.pairs.gz	EX15	mix late mesenchyme
OrgbEX152361	/Volumes/SumSung500/CSU/0_HiRES/data/hires/GSE223917_RAW/GSM7003263_OrgbEX152361.pairs.gz	EX15	early neurons
OrgbEX152362	/Volumes/SumSung500/CSU/0_HiRES/data/hires/GSE223917_RAW/GSM7003264_OrgbEX152362.pairs.gz	EX15	early neurons
OrgbEX152363	/Volumes/SumSung500/CSU/0_HiRES/data/hires/GSE223917_RAW/GSM7003265_OrgbEX152363.pairs.gz	EX15	mix late mesenchyme
OrgbEX152364	/Volumes/SumSung500/CSU/0_HiRES/data/hires/GSE223917_RAW/GSM7003266_OrgbEX152364.pairs.gz	EX15	mix late mesenchyme
OrgbEX152367	/Volumes/SumSung500/CSU/0_HiRES/data/hires/GSE223917_RAW/GSM7003269_OrgbEX152367.pairs.gz	EX15	blood
OrgbEX152368	/Volumes/SumSung500/CSU/0_HiRES/data/hires/GSE223917_RAW/GSM7003270_OrgbEX152368.pairs.gz	EX15	early neurons
OrgbEX152369	/Volumes/SumSung500/CSU/0_HiRES/data/hires/GSE223917_RAW/GSM7003271_OrgbEX152369.pairs.gz	EX15	mix late mesenchyme
OrgbEX152370	/Volumes/SumSung500/CSU/0_HiRES/data/hires/GSE223917_RAW/GSM7003272_OrgbEX152370.pairs.gz	EX15	mix late mesenchyme
OrgbEX152371	/Volumes/SumSung500/CSU/0_HiRES/data/hires/GSE223917_RAW/GSM7003273_OrgbEX152371.pairs.gz	EX15	radial glias
OrgbEX152372	/Volumes/SumSung500/CSU/0_HiRES/data/hires/GSE223917_RAW/GSM7003274_OrgbEX152372.pairs.gz	EX15	mix late mesenchyme
OrgbEX152373	/Volumes/SumSung500/CSU/0_HiRES/data/hires/GSE223917_RAW/GSM7003275_OrgbEX152373.pairs.gz	EX15	mitosis
OrgbEX152374	/Volumes/SumSung500/CSU/0_HiRES/data/hires/GSE223917_RAW/GSM7003276_OrgbEX152374.pairs.gz	EX15	intermediate mesoderm
OrgbEX152375	/Volumes/SumSung500/CSU/0_HiRES/data/hires/GSE223917_RAW/GSM7003277_OrgbEX152375.pairs.gz	EX15	mitosis
OrgbEX152376	/Volumes/SumSung500/CSU/0_HiRES/data/hires/GSE223917_RAW/GSM7003278_OrgbEX152376.pairs.gz	EX15	oligodendrocytes and progenitors
OrgbEX152377	/Volumes/SumSung500/CSU/0_HiRES/data/hires/GSE223917_RAW/GSM7003279_OrgbEX152377.pairs.gz	EX15	blood
OrgbEX152378	/Volumes/SumSung500/CSU/0_HiRES/data/hires/GSE223917_RAW/GSM7003280_OrgbEX152378.pairs.gz	EX15	myocytes
OrgbEX152379	/Volumes/SumSung500/CSU/0_HiRES/data/hires/GSE223917_RAW/GSM7003281_OrgbEX152379.pairs.gz	EX15	mix late mesenchyme
OrgbEX152380	/Volumes/SumSung500/CSU/0_HiRES/data/hires/GSE223917_RAW/GSM7003282_OrgbEX152380.pairs.gz	EX15	mix late mesenchyme
OrgbEX152381	/Volumes/SumSung500/CSU/0_HiRES/data/hires/GSE223917_RAW/GSM7003283_OrgbEX152381.pairs.gz	EX15	mix late mesenchyme
OrgbEX152382	/Volumes/SumSung500/CSU/0_HiRES/data/hires/GSE223917_RAW/GSM7003284_OrgbEX152382.pairs.gz	EX15	early neurons
OrgbEX152383	/Volumes/SumSung500/CSU/0_HiRES/data/hires/GSE223917_RAW/GSM7003285_OrgbEX152383.pairs.gz	EX15	early neurons
OrgbEX152384	/Volumes/SumSung500/CSU/0_HiRES/data/hires/GSE223917_RAW/GSM7003286_OrgbEX152384.pairs.gz	EX15	blood
OrgcE851001	/Volumes/SumSung500/CSU/0_HiRES/data/hires/GSE223917_RAW/GSM7003287_OrgcE851001.pairs.gz	E85	mitosis
OrgcE851003	/Volumes/SumSung500/CSU/0_HiRES/data/hires/GSE223917_RAW/GSM7003289_OrgcE851003.pairs.gz	E85	neural tube
OrgcE851004	/Volumes/SumSung500/CSU/0_HiRES/data/hires/GSE223917_RAW/GSM7003290_OrgcE851004.pairs.gz	E85	blood
OrgcE851007	/Volumes/SumSung500/CSU/0_HiRES/data/hires/GSE223917_RAW/GSM7003292_OrgcE851007.pairs.gz	E85	blood
OrgcE851018	/Volumes/SumSung500/CSU/0_HiRES/data/hires/GSE223917_RAW/GSM7003302_OrgcE851018.pairs.gz	E85	blood
OrgcE851019	/Volumes/SumSung500/CSU/0_HiRES/data/hires/GSE223917_RAW/GSM7003303_OrgcE851019.pairs.gz	E85	early mesenchyme
OrgcE851020	/Volumes/SumSung500/CSU/0_HiRES/data/hires/GSE223917_RAW/GSM7003304_OrgcE851020.pairs.gz	E85	NMP
OrgcE851023	/Volumes/SumSung500/CSU/0_HiRES/data/hires/GSE223917_RAW/GSM7003306_OrgcE851023.pairs.gz	E85	ExE mesoderm
OrgcE851028	/Volumes/SumSung500/CSU/0_HiRES/data/hires/GSE223917_RAW/GSM7003311_OrgcE851028.pairs.gz	E85	blood
OrgcE851029	/Volumes/SumSung500/CSU/0_HiRES/data/hires/GSE223917_RAW/GSM7003312_OrgcE851029.pairs.gz	E85	ExE endoderm
OrgcE851031	/Volumes/SumSung500/CSU/0_HiRES/data/hires/GSE223917_RAW/GSM7003314_OrgcE851031.pairs.gz	E85	ExE mesoderm
OrgcE851034	/Volumes/SumSung500/CSU/0_HiRES/data/hires/GSE223917_RAW/GSM7003317_OrgcE851034.pairs.gz	E85	NMP
OrgcE851035	/Volumes/SumSung500/CSU/0_HiRES/data/hires/GSE223917_RAW/GSM7003318_OrgcE851035.pairs.gz	E85	intermediate mesoderm
OrgcE851037	/Volumes/SumSung500/CSU/0_HiRES/data/hires/GSE223917_RAW/GSM7003320_OrgcE851037.pairs.gz	E85	ExE endoderm
OrgcE851039	/Volumes/SumSung500/CSU/0_HiRES/data/hires/GSE223917_RAW/GSM7003322_OrgcE851039.pairs.gz	E85	intermediate mesoderm
OrgcE851040	/Volumes/SumSung500/CSU/0_HiRES/data/hires/GSE223917_RAW/GSM7003323_OrgcE851040.pairs.gz	E85	schwann cell precursors
OrgcE851042	/Volumes/SumSung500/CSU/0_HiRES/data/hires/GSE223917_RAW/GSM7003325_OrgcE851042.pairs.gz	E85	ExE ectoderm
OrgcE851050	/Volumes/SumSung500/CSU/0_HiRES/data/hires/GSE223917_RAW/GSM7003333_OrgcE851050.pairs.gz	E85	NMP
OrgcE851055	/Volumes/SumSung500/CSU/0_HiRES/data/hires/GSE223917_RAW/GSM7003338_OrgcE851055.pairs.gz	E85	ExE endoderm
OrgcE851059	/Volumes/SumSung500/CSU/0_HiRES/data/hires/GSE223917_RAW/GSM7003342_OrgcE851059.pairs.gz	E85	neural tube
OrgcE851062	/Volumes/SumSung500/CSU/0_HiRES/data/hires/GSE223917_RAW/GSM7003345_OrgcE851062.pairs.gz	E85	neural tube
OrgcE851063	/Volumes/SumSung500/CSU/0_HiRES/data/hires/GSE223917_RAW/GSM7003346_OrgcE851063.pairs.gz	E85	early mesoderm
OrgcE851064	/Volumes/SumSung500/CSU/0_HiRES/data/hires/GSE223917_RAW/GSM7003347_OrgcE851064.pairs.gz	E85	NMP
OrgcE851065	/Volumes/SumSung500/CSU/0_HiRES/data/hires/GSE223917_RAW/GSM7003348_OrgcE851065.pairs.gz	E85	endoderm
OrgcE851069	/Volumes/SumSung500/CSU/0_HiRES/data/hires/GSE223917_RAW/GSM7003352_OrgcE851069.pairs.gz	E85	blood
OrgcE851070	/Volumes/SumSung500/CSU/0_HiRES/data/hires/GSE223917_RAW/GSM7003353_OrgcE851070.pairs.gz	E85	ExE endoderm
OrgcE851081	/Volumes/SumSung500/CSU/0_HiRES/data/hires/GSE223917_RAW/GSM7003363_OrgcE851081.pairs.gz	E85	early mesoderm
OrgcE851082	/Volumes/SumSung500/CSU/0_HiRES/data/hires/GSE223917_RAW/GSM7003364_OrgcE851082.pairs.gz	E85	early mesoderm
OrgcE851084	/Volumes/SumSung500/CSU/0_HiRES/data/hires/GSE223917_RAW/GSM7003366_OrgcE851084.pairs.gz	E85	ExE mesoderm
OrgcE851091	/Volumes/SumSung500/CSU/0_HiRES/data/hires/GSE223917_RAW/GSM7003372_OrgcE851091.pairs.gz	E85	epithelial cells
OrgcE851093	/Volumes/SumSung500/CSU/0_HiRES/data/hires/GSE223917_RAW/GSM7003374_OrgcE851093.pairs.gz	E85	ExE ectoderm
OrgcE851094	/Volumes/SumSung500/CSU/0_HiRES/data/hires/GSE223917_RAW/GSM7003375_OrgcE851094.pairs.gz	E85	blood
OrgcE851095	/Volumes/SumSung500/CSU/0_HiRES/data/hires/GSE223917_RAW/GSM7003376_OrgcE851095.pairs.gz	E85	mitosis
OrgcE851097	/Volumes/SumSung500/CSU/0_HiRES/data/hires/GSE223917_RAW/GSM7003378_OrgcE851097.pairs.gz	E85	intermediate mesoderm
OrgcE851098	/Volumes/SumSung500/CSU/0_HiRES/data/hires/GSE223917_RAW/GSM7003379_OrgcE851098.pairs.gz	E85	ExE mesoderm
OrgcE851099	/Volumes/SumSung500/CSU/0_HiRES/data/hires/GSE223917_RAW/GSM7003380_OrgcE851099.pairs.gz	E85	intermediate mesoderm
OrgcE851100	/Volumes/SumSung500/CSU/0_HiRES/data/hires/GSE223917_RAW/GSM7003381_OrgcE851100.pairs.gz	E85	neural ectoderm
OrgcE851103	/Volumes/SumSung500/CSU/0_HiRES/data/hires/GSE223917_RAW/GSM7003384_OrgcE851103.pairs.gz	E85	ExE mesoderm
OrgcE851105	/Volumes/SumSung500/CSU/0_HiRES/data/hires/GSE223917_RAW/GSM7003386_OrgcE851105.pairs.gz	E85	early mesenchyme
OrgcE851106	/Volumes/SumSung500/CSU/0_HiRES/data/hires/GSE223917_RAW/GSM7003387_OrgcE851106.pairs.gz	E85	neural tube
OrgcE851107	/Volumes/SumSung500/CSU/0_HiRES/data/hires/GSE223917_RAW/GSM7003388_OrgcE851107.pairs.gz	E85	blood
OrgcE851111	/Volumes/SumSung500/CSU/0_HiRES/data/hires/GSE223917_RAW/GSM7003392_OrgcE851111.pairs.gz	E85	neural tube
OrgcE851113	/Volumes/SumSung500/CSU/0_HiRES/data/hires/GSE223917_RAW/GSM7003394_OrgcE851113.pairs.gz	E85	early mesoderm
OrgcE851120	/Volumes/SumSung500/CSU/0_HiRES/data/hires/GSE223917_RAW/GSM7003401_OrgcE851120.pairs.gz	E85	early mesenchyme
OrgcE851124	/Volumes/SumSung500/CSU/0_HiRES/data/hires/GSE223917_RAW/GSM7003405_OrgcE851124.pairs.gz	E85	early mesenchyme
OrgcE851129	/Volumes/SumSung500/CSU/0_HiRES/data/hires/GSE223917_RAW/GSM7003410_OrgcE851129.pairs.gz	E85	blood
OrgcE851132	/Volumes/SumSung500/CSU/0_HiRES/data/hires/GSE223917_RAW/GSM7003412_OrgcE851132.pairs.gz	E85	neural tube
OrgcE851136	/Volumes/SumSung500/CSU/0_HiRES/data/hires/GSE223917_RAW/GSM7003416_OrgcE851136.pairs.gz	E85	blood
OrgcE851139	/Volumes/SumSung500/CSU/0_HiRES/data/hires/GSE223917_RAW/GSM7003419_OrgcE851139.pairs.gz	E85	neural ectoderm
OrgcE851143	/Volumes/SumSung500/CSU/0_HiRES/data/hires/GSE223917_RAW/GSM7003423_OrgcE851143.pairs.gz	E85	early mesenchyme
OrgcE851147	/Volumes/SumSung500/CSU/0_HiRES/data/hires/GSE223917_RAW/GSM7003426_OrgcE851147.pairs.gz	E85	ExE endoderm
OrgcE851148	/Volumes/SumSung500/CSU/0_HiRES/data/hires/GSE223917_RAW/GSM7003427_OrgcE851148.pairs.gz	E85	neural tube
OrgcE851149	/Volumes/SumSung500/CSU/0_HiRES/data/hires/GSE223917_RAW/GSM7003428_OrgcE851149.pairs.gz	E85	early mesenchyme
OrgcE851154	/Volumes/SumSung500/CSU/0_HiRES/data/hires/GSE223917_RAW/GSM7003433_OrgcE851154.pairs.gz	E85	early mesenchyme
OrgcE851155	/Volumes/SumSung500/CSU/0_HiRES/data/hires/GSE223917_RAW/GSM7003434_OrgcE851155.pairs.gz	E85	notochord
OrgcE851158	/Volumes/SumSung500/CSU/0_HiRES/data/hires/GSE223917_RAW/GSM7003436_OrgcE851158.pairs.gz	E85	ExE endoderm
OrgcE851161	/Volumes/SumSung500/CSU/0_HiRES/data/hires/GSE223917_RAW/GSM7003438_OrgcE851161.pairs.gz	E85	early mesenchyme
OrgcE851163	/Volumes/SumSung500/CSU/0_HiRES/data/hires/GSE223917_RAW/GSM7003440_OrgcE851163.pairs.gz	E85	NMP
OrgcE851164	/Volumes/SumSung500/CSU/0_HiRES/data/hires/GSE223917_RAW/GSM7003441_OrgcE851164.pairs.gz	E85	early mesenchyme
OrgcE851166	/Volumes/SumSung500/CSU/0_HiRES/data/hires/GSE223917_RAW/GSM7003443_OrgcE851166.pairs.gz	E85	NMP
OrgcE851170	/Volumes/SumSung500/CSU/0_HiRES/data/hires/GSE223917_RAW/GSM7003447_OrgcE851170.pairs.gz	E85	epithelial cells
OrgcE851171	/Volumes/SumSung500/CSU/0_HiRES/data/hires/GSE223917_RAW/GSM7003448_OrgcE851171.pairs.gz	E85	ExE endoderm
OrgcE851176	/Volumes/SumSung500/CSU/0_HiRES/data/hires/GSE223917_RAW/GSM7003453_OrgcE851176.pairs.gz	E85	NMP
OrgcE851178	/Volumes/SumSung500/CSU/0_HiRES/data/hires/GSE223917_RAW/GSM7003455_OrgcE851178.pairs.gz	E85	blood
OrgcE851180	/Volumes/SumSung500/CSU/0_HiRES/data/hires/GSE223917_RAW/GSM7003457_OrgcE851180.pairs.gz	E85	ExE mesoderm
OrgcE851182	/Volumes/SumSung500/CSU/0_HiRES/data/hires/GSE223917_RAW/GSM7003459_OrgcE851182.pairs.gz	E85	early mesoderm
OrgcE851184	/Volumes/SumSung500/CSU/0_HiRES/data/hires/GSE223917_RAW/GSM7003461_OrgcE851184.pairs.gz	E85	early mesenchyme
OrgcE851186	/Volumes/SumSung500/CSU/0_HiRES/data/hires/GSE223917_RAW/GSM7003463_OrgcE851186.pairs.gz	E85	ExE endoderm
OrgcE851188	/Volumes/SumSung500/CSU/0_HiRES/data/hires/GSE223917_RAW/GSM7003465_OrgcE851188.pairs.gz	E85	mitosis
OrgcE851194	/Volumes/SumSung500/CSU/0_HiRES/data/hires/GSE223917_RAW/GSM7003471_OrgcE851194.pairs.gz	E85	blood
OrgcE851197	/Volumes/SumSung500/CSU/0_HiRES/data/hires/GSE223917_RAW/GSM7003474_OrgcE851197.pairs.gz	E85	blood
OrgcE851199	/Volumes/SumSung500/CSU/0_HiRES/data/hires/GSE223917_RAW/GSM7003476_OrgcE851199.pairs.gz	E85	early mesenchyme
OrgcE851200	/Volumes/SumSung500/CSU/0_HiRES/data/hires/GSE223917_RAW/GSM7003477_OrgcE851200.pairs.gz	E85	ExE mesoderm
OrgcE851202	/Volumes/SumSung500/CSU/0_HiRES/data/hires/GSE223917_RAW/GSM7003479_OrgcE851202.pairs.gz	E85	mitosis
OrgcE851203	/Volumes/SumSung500/CSU/0_HiRES/data/hires/GSE223917_RAW/GSM7003480_OrgcE851203.pairs.gz	E85	intermediate mesoderm
OrgcE851207	/Volumes/SumSung500/CSU/0_HiRES/data/hires/GSE223917_RAW/GSM7003484_OrgcE851207.pairs.gz	E85	neural tube
OrgcE851210	/Volumes/SumSung500/CSU/0_HiRES/data/hires/GSE223917_RAW/GSM7003487_OrgcE851210.pairs.gz	E85	epithelial cells
OrgcE851211	/Volumes/SumSung500/CSU/0_HiRES/data/hires/GSE223917_RAW/GSM7003488_OrgcE851211.pairs.gz	E85	ExE mesoderm
OrgcE851212	/Volumes/SumSung500/CSU/0_HiRES/data/hires/GSE223917_RAW/GSM7003489_OrgcE851212.pairs.gz	E85	blood
OrgcE851214	/Volumes/SumSung500/CSU/0_HiRES/data/hires/GSE223917_RAW/GSM7003491_OrgcE851214.pairs.gz	E85	mitosis
OrgcE851215	/Volumes/SumSung500/CSU/0_HiRES/data/hires/GSE223917_RAW/GSM7003492_OrgcE851215.pairs.gz	E85	neural tube
OrgcE851217	/Volumes/SumSung500/CSU/0_HiRES/data/hires/GSE223917_RAW/GSM7003494_OrgcE851217.pairs.gz	E85	epithelial cells
OrgcE851220	/Volumes/SumSung500/CSU/0_HiRES/data/hires/GSE223917_RAW/GSM7003497_OrgcE851220.pairs.gz	E85	early mesoderm
OrgcE851221	/Volumes/SumSung500/CSU/0_HiRES/data/hires/GSE223917_RAW/GSM7003498_OrgcE851221.pairs.gz	E85	blood
OrgcE851222	/Volumes/SumSung500/CSU/0_HiRES/data/hires/GSE223917_RAW/GSM7003499_OrgcE851222.pairs.gz	E85	epithelial cells
OrgcE851223	/Volumes/SumSung500/CSU/0_HiRES/data/hires/GSE223917_RAW/GSM7003500_OrgcE851223.pairs.gz	E85	blood
OrgcE851226	/Volumes/SumSung500/CSU/0_HiRES/data/hires/GSE223917_RAW/GSM7003503_OrgcE851226.pairs.gz	E85	ExE endoderm
OrgcE851230	/Volumes/SumSung500/CSU/0_HiRES/data/hires/GSE223917_RAW/GSM7003507_OrgcE851230.pairs.gz	E85	mitosis
OrgcE851231	/Volumes/SumSung500/CSU/0_HiRES/data/hires/GSE223917_RAW/GSM7003508_OrgcE851231.pairs.gz	E85	neural ectoderm
OrgcE851232	/Volumes/SumSung500/CSU/0_HiRES/data/hires/GSE223917_RAW/GSM7003509_OrgcE851232.pairs.gz	E85	early mesoderm
OrgcE851234	/Volumes/SumSung500/CSU/0_HiRES/data/hires/GSE223917_RAW/GSM7003511_OrgcE851234.pairs.gz	E85	early mesoderm
OrgcE851239	/Volumes/SumSung500/CSU/0_HiRES/data/hires/GSE223917_RAW/GSM7003515_OrgcE851239.pairs.gz	E85	epithelial cells
OrgcE851240	/Volumes/SumSung500/CSU/0_HiRES/data/hires/GSE223917_RAW/GSM7003516_OrgcE851240.pairs.gz	E85	intermediate mesoderm
OrgcE851248	/Volumes/SumSung500/CSU/0_HiRES/data/hires/GSE223917_RAW/GSM7003523_OrgcE851248.pairs.gz	E85	early mesoderm
OrgcE851249	/Volumes/SumSung500/CSU/0_HiRES/data/hires/GSE223917_RAW/GSM7003524_OrgcE851249.pairs.gz	E85	early mesoderm
OrgcE851250	/Volumes/SumSung500/CSU/0_HiRES/data/hires/GSE223917_RAW/GSM7003525_OrgcE851250.pairs.gz	E85	NMP
OrgcE851256	/Volumes/SumSung500/CSU/0_HiRES/data/hires/GSE223917_RAW/GSM7003531_OrgcE851256.pairs.gz	E85	neural tube
OrgcE851258	/Volumes/SumSung500/CSU/0_HiRES/data/hires/GSE223917_RAW/GSM7003532_OrgcE851258.pairs.gz	E85	NMP
OrgcE851260	/Volumes/SumSung500/CSU/0_HiRES/data/hires/GSE223917_RAW/GSM7003534_OrgcE851260.pairs.gz	E85	epithelial cells
OrgcE851263	/Volumes/SumSung500/CSU/0_HiRES/data/hires/GSE223917_RAW/GSM7003537_OrgcE851263.pairs.gz	E85	early mesoderm
OrgcE851265	/Volumes/SumSung500/CSU/0_HiRES/data/hires/GSE223917_RAW/GSM7003539_OrgcE851265.pairs.gz	E85	blood
OrgcE851272	/Volumes/SumSung500/CSU/0_HiRES/data/hires/GSE223917_RAW/GSM7003546_OrgcE851272.pairs.gz	E85	ExE endoderm
OrgcE851276	/Volumes/SumSung500/CSU/0_HiRES/data/hires/GSE223917_RAW/GSM7003550_OrgcE851276.pairs.gz	E85	blood
OrgcE851290	/Volumes/SumSung500/CSU/0_HiRES/data/hires/GSE223917_RAW/GSM7003563_OrgcE851290.pairs.gz	E85	early mesoderm
OrgcE851294	/Volumes/SumSung500/CSU/0_HiRES/data/hires/GSE223917_RAW/GSM7003567_OrgcE851294.pairs.gz	E85	neural tube
OrgcE851295	/Volumes/SumSung500/CSU/0_HiRES/data/hires/GSE223917_RAW/GSM7003568_OrgcE851295.pairs.gz	E85	ExE endoderm
OrgcE851302	/Volumes/SumSung500/CSU/0_HiRES/data/hires/GSE223917_RAW/GSM7003575_OrgcE851302.pairs.gz	E85	epithelial cells
OrgcE851305	/Volumes/SumSung500/CSU/0_HiRES/data/hires/GSE223917_RAW/GSM7003578_OrgcE851305.pairs.gz	E85	blood
OrgcE851306	/Volumes/SumSung500/CSU/0_HiRES/data/hires/GSE223917_RAW/GSM7003579_OrgcE851306.pairs.gz	E85	blood
OrgcE851307	/Volumes/SumSung500/CSU/0_HiRES/data/hires/GSE223917_RAW/GSM7003580_OrgcE851307.pairs.gz	E85	early mesoderm
OrgcE851311	/Volumes/SumSung500/CSU/0_HiRES/data/hires/GSE223917_RAW/GSM7003584_OrgcE851311.pairs.gz	E85	early mesenchyme
OrgcE851312	/Volumes/SumSung500/CSU/0_HiRES/data/hires/GSE223917_RAW/GSM7003585_OrgcE851312.pairs.gz	E85	early mesenchyme
OrgcE851316	/Volumes/SumSung500/CSU/0_HiRES/data/hires/GSE223917_RAW/GSM7003589_OrgcE851316.pairs.gz	E85	blood
OrgcE851319	/Volumes/SumSung500/CSU/0_HiRES/data/hires/GSE223917_RAW/GSM7003592_OrgcE851319.pairs.gz	E85	notochord
OrgcE851321	/Volumes/SumSung500/CSU/0_HiRES/data/hires/GSE223917_RAW/GSM7003594_OrgcE851321.pairs.gz	E85	neural tube
OrgcE851323	/Volumes/SumSung500/CSU/0_HiRES/data/hires/GSE223917_RAW/GSM7003595_OrgcE851323.pairs.gz	E85	early mesoderm
OrgcE851326	/Volumes/SumSung500/CSU/0_HiRES/data/hires/GSE223917_RAW/GSM7003598_OrgcE851326.pairs.gz	E85	intermediate mesoderm
OrgcE851327	/Volumes/SumSung500/CSU/0_HiRES/data/hires/GSE223917_RAW/GSM7003599_OrgcE851327.pairs.gz	E85	early mesenchyme
OrgcE851328	/Volumes/SumSung500/CSU/0_HiRES/data/hires/GSE223917_RAW/GSM7003600_OrgcE851328.pairs.gz	E85	blood
OrgcE851329	/Volumes/SumSung500/CSU/0_HiRES/data/hires/GSE223917_RAW/GSM7003601_OrgcE851329.pairs.gz	E85	neural tube
OrgcE851330	/Volumes/SumSung500/CSU/0_HiRES/data/hires/GSE223917_RAW/GSM7003602_OrgcE851330.pairs.gz	E85	ExE mesoderm
OrgcE851333	/Volumes/SumSung500/CSU/0_HiRES/data/hires/GSE223917_RAW/GSM7003605_OrgcE851333.pairs.gz	E85	blood
OrgcE851339	/Volumes/SumSung500/CSU/0_HiRES/data/hires/GSE223917_RAW/GSM7003610_OrgcE851339.pairs.gz	E85	ExE mesoderm
OrgcE851346	/Volumes/SumSung500/CSU/0_HiRES/data/hires/GSE223917_RAW/GSM7003617_OrgcE851346.pairs.gz	E85	neural tube
OrgcE851350	/Volumes/SumSung500/CSU/0_HiRES/data/hires/GSE223917_RAW/GSM7003621_OrgcE851350.pairs.gz	E85	early mesoderm
OrgcE851353	/Volumes/SumSung500/CSU/0_HiRES/data/hires/GSE223917_RAW/GSM7003624_OrgcE851353.pairs.gz	E85	blood
OrgcE851358	/Volumes/SumSung500/CSU/0_HiRES/data/hires/GSE223917_RAW/GSM7003629_OrgcE851358.pairs.gz	E85	blood
OrgcE851360	/Volumes/SumSung500/CSU/0_HiRES/data/hires/GSE223917_RAW/GSM7003631_OrgcE851360.pairs.gz	E85	intermediate mesoderm
OrgcE851364	/Volumes/SumSung500/CSU/0_HiRES/data/hires/GSE223917_RAW/GSM7003634_OrgcE851364.pairs.gz	E85	endoderm
OrgcE851365	/Volumes/SumSung500/CSU/0_HiRES/data/hires/GSE223917_RAW/GSM7003635_OrgcE851365.pairs.gz	E85	ExE endoderm
OrgcE851367	/Volumes/SumSung500/CSU/0_HiRES/data/hires/GSE223917_RAW/GSM7003637_OrgcE851367.pairs.gz	E85	neural ectoderm
OrgcE851369	/Volumes/SumSung500/CSU/0_HiRES/data/hires/GSE223917_RAW/GSM7003639_OrgcE851369.pairs.gz	E85	neural ectoderm
OrgcE851370	/Volumes/SumSung500/CSU/0_HiRES/data/hires/GSE223917_RAW/GSM7003640_OrgcE851370.pairs.gz	E85	endoderm
OrgcE851376	/Volumes/SumSung500/CSU/0_HiRES/data/hires/GSE223917_RAW/GSM7003645_OrgcE851376.pairs.gz	E85	ExE mesoderm
OrgcE851377	/Volumes/SumSung500/CSU/0_HiRES/data/hires/GSE223917_RAW/GSM7003646_OrgcE851377.pairs.gz	E85	early mesenchyme
OrgcE851378	/Volumes/SumSung500/CSU/0_HiRES/data/hires/GSE223917_RAW/GSM7003647_OrgcE851378.pairs.gz	E85	epithelial cells
OrgcE851380	/Volumes/SumSung500/CSU/0_HiRES/data/hires/GSE223917_RAW/GSM7003649_OrgcE851380.pairs.gz	E85	mitosis
OrgcE952001	/Volumes/SumSung500/CSU/0_HiRES/data/hires/GSE223917_RAW/GSM7003654_OrgcE952001.pairs.gz	E95	epithelial cells
OrgcE952003	/Volumes/SumSung500/CSU/0_HiRES/data/hires/GSE223917_RAW/GSM7003656_OrgcE952003.pairs.gz	E95	early mesenchyme
OrgcE952004	/Volumes/SumSung500/CSU/0_HiRES/data/hires/GSE223917_RAW/GSM7003657_OrgcE952004.pairs.gz	E95	radial glias
OrgcE952005	/Volumes/SumSung500/CSU/0_HiRES/data/hires/GSE223917_RAW/GSM7003658_OrgcE952005.pairs.gz	E95	intermediate mesoderm
OrgcE952008	/Volumes/SumSung500/CSU/0_HiRES/data/hires/GSE223917_RAW/GSM7003660_OrgcE952008.pairs.gz	E95	mix late mesenchyme
OrgcE952009	/Volumes/SumSung500/CSU/0_HiRES/data/hires/GSE223917_RAW/GSM7003661_OrgcE952009.pairs.gz	E95	intermediate mesoderm
OrgcE952011	/Volumes/SumSung500/CSU/0_HiRES/data/hires/GSE223917_RAW/GSM7003663_OrgcE952011.pairs.gz	E95	mitosis
OrgcE952014	/Volumes/SumSung500/CSU/0_HiRES/data/hires/GSE223917_RAW/GSM7003666_OrgcE952014.pairs.gz	E95	notochord
OrgcE952015	/Volumes/SumSung500/CSU/0_HiRES/data/hires/GSE223917_RAW/GSM7003667_OrgcE952015.pairs.gz	E95	mitosis
OrgcE952016	/Volumes/SumSung500/CSU/0_HiRES/data/hires/GSE223917_RAW/GSM7003668_OrgcE952016.pairs.gz	E95	intermediate mesoderm
OrgcE952018	/Volumes/SumSung500/CSU/0_HiRES/data/hires/GSE223917_RAW/GSM7003670_OrgcE952018.pairs.gz	E95	early mesenchyme
OrgcE952020	/Volumes/SumSung500/CSU/0_HiRES/data/hires/GSE223917_RAW/GSM7003672_OrgcE952020.pairs.gz	E95	epithelial cells
OrgcE952021	/Volumes/SumSung500/CSU/0_HiRES/data/hires/GSE223917_RAW/GSM7003673_OrgcE952021.pairs.gz	E95	notochord
OrgcE952023	/Volumes/SumSung500/CSU/0_HiRES/data/hires/GSE223917_RAW/GSM7003675_OrgcE952023.pairs.gz	E95	blood
OrgcE952024	/Volumes/SumSung500/CSU/0_HiRES/data/hires/GSE223917_RAW/GSM7003676_OrgcE952024.pairs.gz	E95	early neurons
OrgcE952028	/Volumes/SumSung500/CSU/0_HiRES/data/hires/GSE223917_RAW/GSM7003679_OrgcE952028.pairs.gz	E95	mitosis
OrgcE952030	/Volumes/SumSung500/CSU/0_HiRES/data/hires/GSE223917_RAW/GSM7003681_OrgcE952030.pairs.gz	E95	radial glias
OrgcE952031	/Volumes/SumSung500/CSU/0_HiRES/data/hires/GSE223917_RAW/GSM7003682_OrgcE952031.pairs.gz	E95	radial glias
OrgcE952032	/Volumes/SumSung500/CSU/0_HiRES/data/hires/GSE223917_RAW/GSM7003683_OrgcE952032.pairs.gz	E95	intermediate mesoderm
OrgcE952033	/Volumes/SumSung500/CSU/0_HiRES/data/hires/GSE223917_RAW/GSM7003684_OrgcE952033.pairs.gz	E95	epithelial cells
OrgcE952034	/Volumes/SumSung500/CSU/0_HiRES/data/hires/GSE223917_RAW/GSM7003685_OrgcE952034.pairs.gz	E95	radial glias
OrgcE952036	/Volumes/SumSung500/CSU/0_HiRES/data/hires/GSE223917_RAW/GSM7003687_OrgcE952036.pairs.gz	E95	NMP
OrgcE952038	/Volumes/SumSung500/CSU/0_HiRES/data/hires/GSE223917_RAW/GSM7003689_OrgcE952038.pairs.gz	E95	early mesenchyme
OrgcE952040	/Volumes/SumSung500/CSU/0_HiRES/data/hires/GSE223917_RAW/GSM7003691_OrgcE952040.pairs.gz	E95	intermediate mesoderm
OrgcE952041	/Volumes/SumSung500/CSU/0_HiRES/data/hires/GSE223917_RAW/GSM7003692_OrgcE952041.pairs.gz	E95	radial glias
OrgcE952042	/Volumes/SumSung500/CSU/0_HiRES/data/hires/GSE223917_RAW/GSM7003693_OrgcE952042.pairs.gz	E95	mitosis
OrgcE952043	/Volumes/SumSung500/CSU/0_HiRES/data/hires/GSE223917_RAW/GSM7003694_OrgcE952043.pairs.gz	E95	early mesoderm
OrgcE952044	/Volumes/SumSung500/CSU/0_HiRES/data/hires/GSE223917_RAW/GSM7003695_OrgcE952044.pairs.gz	E95	epithelial cells
OrgcE952046	/Volumes/SumSung500/CSU/0_HiRES/data/hires/GSE223917_RAW/GSM7003697_OrgcE952046.pairs.gz	E95	NMP
OrgcE952047	/Volumes/SumSung500/CSU/0_HiRES/data/hires/GSE223917_RAW/GSM7003698_OrgcE952047.pairs.gz	E95	NMP
OrgcE952048	/Volumes/SumSung500/CSU/0_HiRES/data/hires/GSE223917_RAW/GSM7003699_OrgcE952048.pairs.gz	E95	intermediate mesoderm
OrgcE952049	/Volumes/SumSung500/CSU/0_HiRES/data/hires/GSE223917_RAW/GSM7003700_OrgcE952049.pairs.gz	E95	notochord
OrgcE952056	/Volumes/SumSung500/CSU/0_HiRES/data/hires/GSE223917_RAW/GSM7003707_OrgcE952056.pairs.gz	E95	intermediate mesoderm
OrgcE952057	/Volumes/SumSung500/CSU/0_HiRES/data/hires/GSE223917_RAW/GSM7003708_OrgcE952057.pairs.gz	E95	early mesenchyme
OrgcE952060	/Volumes/SumSung500/CSU/0_HiRES/data/hires/GSE223917_RAW/GSM7003711_OrgcE952060.pairs.gz	E95	intermediate mesoderm
OrgcE952062	/Volumes/SumSung500/CSU/0_HiRES/data/hires/GSE223917_RAW/GSM7003713_OrgcE952062.pairs.gz	E95	mitosis
OrgcE952063	/Volumes/SumSung500/CSU/0_HiRES/data/hires/GSE223917_RAW/GSM7003714_OrgcE952063.pairs.gz	E95	early mesoderm
OrgcE952064	/Volumes/SumSung500/CSU/0_HiRES/data/hires/GSE223917_RAW/GSM7003715_OrgcE952064.pairs.gz	E95	early mesenchyme
OrgcE952065	/Volumes/SumSung500/CSU/0_HiRES/data/hires/GSE223917_RAW/GSM7003716_OrgcE952065.pairs.gz	E95	mitosis
OrgcE952066	/Volumes/SumSung500/CSU/0_HiRES/data/hires/GSE223917_RAW/GSM7003717_OrgcE952066.pairs.gz	E95	NMP
OrgcE952067	/Volumes/SumSung500/CSU/0_HiRES/data/hires/GSE223917_RAW/GSM7003718_OrgcE952067.pairs.gz	E95	mitosis
OrgcE952068	/Volumes/SumSung500/CSU/0_HiRES/data/hires/GSE223917_RAW/GSM7003719_OrgcE952068.pairs.gz	E95	notochord
OrgcE952069	/Volumes/SumSung500/CSU/0_HiRES/data/hires/GSE223917_RAW/GSM7003720_OrgcE952069.pairs.gz	E95	NMP
OrgcE952070	/Volumes/SumSung500/CSU/0_HiRES/data/hires/GSE223917_RAW/GSM7003721_OrgcE952070.pairs.gz	E95	radial glias
OrgcE952073	/Volumes/SumSung500/CSU/0_HiRES/data/hires/GSE223917_RAW/GSM7003724_OrgcE952073.pairs.gz	E95	blood
OrgcE952074	/Volumes/SumSung500/CSU/0_HiRES/data/hires/GSE223917_RAW/GSM7003725_OrgcE952074.pairs.gz	E95	blood
OrgcE952077	/Volumes/SumSung500/CSU/0_HiRES/data/hires/GSE223917_RAW/GSM7003728_OrgcE952077.pairs.gz	E95	early mesenchyme
OrgcE952078	/Volumes/SumSung500/CSU/0_HiRES/data/hires/GSE223917_RAW/GSM7003729_OrgcE952078.pairs.gz	E95	mitosis
OrgcE952079	/Volumes/SumSung500/CSU/0_HiRES/data/hires/GSE223917_RAW/GSM7003730_OrgcE952079.pairs.gz	E95	mitosis
OrgcE952080	/Volumes/SumSung500/CSU/0_HiRES/data/hires/GSE223917_RAW/GSM7003731_OrgcE952080.pairs.gz	E95	schwann cell precursors
OrgcE952083	/Volumes/SumSung500/CSU/0_HiRES/data/hires/GSE223917_RAW/GSM7003734_OrgcE952083.pairs.gz	E95	early mesoderm
OrgcE952086	/Volumes/SumSung500/CSU/0_HiRES/data/hires/GSE223917_RAW/GSM7003737_OrgcE952086.pairs.gz	E95	intermediate mesoderm
OrgcE952087	/Volumes/SumSung500/CSU/0_HiRES/data/hires/GSE223917_RAW/GSM7003738_OrgcE952087.pairs.gz	E95	early mesoderm
OrgcE952089	/Volumes/SumSung500/CSU/0_HiRES/data/hires/GSE223917_RAW/GSM7003740_OrgcE952089.pairs.gz	E95	notochord
OrgcE952094	/Volumes/SumSung500/CSU/0_HiRES/data/hires/GSE223917_RAW/GSM7003745_OrgcE952094.pairs.gz	E95	intermediate mesoderm
OrgcE952095	/Volumes/SumSung500/CSU/0_HiRES/data/hires/GSE223917_RAW/GSM7003746_OrgcE952095.pairs.gz	E95	NMP
OrgcE952096	/Volumes/SumSung500/CSU/0_HiRES/data/hires/GSE223917_RAW/GSM7003747_OrgcE952096.pairs.gz	E95	NMP
OrgcE952097	/Volumes/SumSung500/CSU/0_HiRES/data/hires/GSE223917_RAW/GSM7003748_OrgcE952097.pairs.gz	E95	epithelial cells
OrgcE952098	/Volumes/SumSung500/CSU/0_HiRES/data/hires/GSE223917_RAW/GSM7003749_OrgcE952098.pairs.gz	E95	early mesoderm
OrgcE952099	/Volumes/SumSung500/CSU/0_HiRES/data/hires/GSE223917_RAW/GSM7003750_OrgcE952099.pairs.gz	E95	intermediate mesoderm
OrgcE952100	/Volumes/SumSung500/CSU/0_HiRES/data/hires/GSE223917_RAW/GSM7003751_OrgcE952100.pairs.gz	E95	mix late mesenchyme
OrgcE952101	/Volumes/SumSung500/CSU/0_HiRES/data/hires/GSE223917_RAW/GSM7003752_OrgcE952101.pairs.gz	E95	epithelial cells
OrgcE952102	/Volumes/SumSung500/CSU/0_HiRES/data/hires/GSE223917_RAW/GSM7003753_OrgcE952102.pairs.gz	E95	mitosis
OrgcE952103	/Volumes/SumSung500/CSU/0_HiRES/data/hires/GSE223917_RAW/GSM7003754_OrgcE952103.pairs.gz	E95	early mesoderm
OrgcE952105	/Volumes/SumSung500/CSU/0_HiRES/data/hires/GSE223917_RAW/GSM7003756_OrgcE952105.pairs.gz	E95	notochord
OrgcE952106	/Volumes/SumSung500/CSU/0_HiRES/data/hires/GSE223917_RAW/GSM7003757_OrgcE952106.pairs.gz	E95	intermediate mesoderm
OrgcE952108	/Volumes/SumSung500/CSU/0_HiRES/data/hires/GSE223917_RAW/GSM7003759_OrgcE952108.pairs.gz	E95	epithelial cells
OrgcE952110	/Volumes/SumSung500/CSU/0_HiRES/data/hires/GSE223917_RAW/GSM7003760_OrgcE952110.pairs.gz	E95	early mesenchyme
OrgcE952111	/Volumes/SumSung500/CSU/0_HiRES/data/hires/GSE223917_RAW/GSM7003761_OrgcE952111.pairs.gz	E95	early mesoderm
OrgcE952115	/Volumes/SumSung500/CSU/0_HiRES/data/hires/GSE223917_RAW/GSM7003765_OrgcE952115.pairs.gz	E95	notochord
OrgcE952116	/Volumes/SumSung500/CSU/0_HiRES/data/hires/GSE223917_RAW/GSM7003766_OrgcE952116.pairs.gz	E95	mix late mesenchyme
OrgcE952117	/Volumes/SumSung500/CSU/0_HiRES/data/hires/GSE223917_RAW/GSM7003767_OrgcE952117.pairs.gz	E95	notochord
OrgcE952119	/Volumes/SumSung500/CSU/0_HiRES/data/hires/GSE223917_RAW/GSM7003769_OrgcE952119.pairs.gz	E95	notochord
OrgcE952121	/Volumes/SumSung500/CSU/0_HiRES/data/hires/GSE223917_RAW/GSM7003771_OrgcE952121.pairs.gz	E95	early mesenchyme
OrgcE952123	/Volumes/SumSung500/CSU/0_HiRES/data/hires/GSE223917_RAW/GSM7003773_OrgcE952123.pairs.gz	E95	epithelial cells
OrgcE952124	/Volumes/SumSung500/CSU/0_HiRES/data/hires/GSE223917_RAW/GSM7003774_OrgcE952124.pairs.gz	E95	intermediate mesoderm
OrgcE952125	/Volumes/SumSung500/CSU/0_HiRES/data/hires/GSE223917_RAW/GSM7003775_OrgcE952125.pairs.gz	E95	intermediate mesoderm
OrgcE952126	/Volumes/SumSung500/CSU/0_HiRES/data/hires/GSE223917_RAW/GSM7003776_OrgcE952126.pairs.gz	E95	blood
OrgcE952128	/Volumes/SumSung500/CSU/0_HiRES/data/hires/GSE223917_RAW/GSM7003778_OrgcE952128.pairs.gz	E95	blood
OrgcE952130	/Volumes/SumSung500/CSU/0_HiRES/data/hires/GSE223917_RAW/GSM7003780_OrgcE952130.pairs.gz	E95	blood
OrgcE952131	/Volumes/SumSung500/CSU/0_HiRES/data/hires/GSE223917_RAW/GSM7003781_OrgcE952131.pairs.gz	E95	early mesenchyme
OrgcE952132	/Volumes/SumSung500/CSU/0_HiRES/data/hires/GSE223917_RAW/GSM7003782_OrgcE952132.pairs.gz	E95	radial glias
OrgcE952133	/Volumes/SumSung500/CSU/0_HiRES/data/hires/GSE223917_RAW/GSM7003783_OrgcE952133.pairs.gz	E95	epithelial cells
OrgcE952134	/Volumes/SumSung500/CSU/0_HiRES/data/hires/GSE223917_RAW/GSM7003784_OrgcE952134.pairs.gz	E95	intermediate mesoderm
OrgcE952135	/Volumes/SumSung500/CSU/0_HiRES/data/hires/GSE223917_RAW/GSM7003785_OrgcE952135.pairs.gz	E95	intermediate mesoderm
OrgcE952136	/Volumes/SumSung500/CSU/0_HiRES/data/hires/GSE223917_RAW/GSM7003786_OrgcE952136.pairs.gz	E95	neural tube
OrgcE952138	/Volumes/SumSung500/CSU/0_HiRES/data/hires/GSE223917_RAW/GSM7003788_OrgcE952138.pairs.gz	E95	blood
OrgcE952140	/Volumes/SumSung500/CSU/0_HiRES/data/hires/GSE223917_RAW/GSM7003790_OrgcE952140.pairs.gz	E95	epithelial cells
OrgcE952141	/Volumes/SumSung500/CSU/0_HiRES/data/hires/GSE223917_RAW/GSM7003791_OrgcE952141.pairs.gz	E95	intermediate mesoderm
OrgcE952142	/Volumes/SumSung500/CSU/0_HiRES/data/hires/GSE223917_RAW/GSM7003792_OrgcE952142.pairs.gz	E95	mix late mesenchyme
OrgcE952143	/Volumes/SumSung500/CSU/0_HiRES/data/hires/GSE223917_RAW/GSM7003793_OrgcE952143.pairs.gz	E95	mitosis
OrgcE952144	/Volumes/SumSung500/CSU/0_HiRES/data/hires/GSE223917_RAW/GSM7003794_OrgcE952144.pairs.gz	E95	intermediate mesoderm
OrgcE952147	/Volumes/SumSung500/CSU/0_HiRES/data/hires/GSE223917_RAW/GSM7003797_OrgcE952147.pairs.gz	E95	epithelial cells
OrgcE952148	/Volumes/SumSung500/CSU/0_HiRES/data/hires/GSE223917_RAW/GSM7003798_OrgcE952148.pairs.gz	E95	NMP
OrgcE952149	/Volumes/SumSung500/CSU/0_HiRES/data/hires/GSE223917_RAW/GSM7003799_OrgcE952149.pairs.gz	E95	intermediate mesoderm
OrgcE952150	/Volumes/SumSung500/CSU/0_HiRES/data/hires/GSE223917_RAW/GSM7003800_OrgcE952150.pairs.gz	E95	intermediate mesoderm
OrgcE952152	/Volumes/SumSung500/CSU/0_HiRES/data/hires/GSE223917_RAW/GSM7003802_OrgcE952152.pairs.gz	E95	intermediate mesoderm
OrgcE952153	/Volumes/SumSung500/CSU/0_HiRES/data/hires/GSE223917_RAW/GSM7003803_OrgcE952153.pairs.gz	E95	intermediate mesoderm
OrgcE952154	/Volumes/SumSung500/CSU/0_HiRES/data/hires/GSE223917_RAW/GSM7003804_OrgcE952154.pairs.gz	E95	intermediate mesoderm
OrgcE952155	/Volumes/SumSung500/CSU/0_HiRES/data/hires/GSE223917_RAW/GSM7003805_OrgcE952155.pairs.gz	E95	early mesenchyme
OrgcE952157	/Volumes/SumSung500/CSU/0_HiRES/data/hires/GSE223917_RAW/GSM7003807_OrgcE952157.pairs.gz	E95	early mesenchyme
OrgcE952158	/Volumes/SumSung500/CSU/0_HiRES/data/hires/GSE223917_RAW/GSM7003808_OrgcE952158.pairs.gz	E95	intermediate mesoderm
OrgcE952159	/Volumes/SumSung500/CSU/0_HiRES/data/hires/GSE223917_RAW/GSM7003809_OrgcE952159.pairs.gz	E95	notochord
OrgcE952161	/Volumes/SumSung500/CSU/0_HiRES/data/hires/GSE223917_RAW/GSM7003811_OrgcE952161.pairs.gz	E95	endoderm
OrgcE952165	/Volumes/SumSung500/CSU/0_HiRES/data/hires/GSE223917_RAW/GSM7003815_OrgcE952165.pairs.gz	E95	intermediate mesoderm
OrgcE952166	/Volumes/SumSung500/CSU/0_HiRES/data/hires/GSE223917_RAW/GSM7003816_OrgcE952166.pairs.gz	E95	radial glias
OrgcE952167	/Volumes/SumSung500/CSU/0_HiRES/data/hires/GSE223917_RAW/GSM7003817_OrgcE952167.pairs.gz	E95	blood
OrgcE952168	/Volumes/SumSung500/CSU/0_HiRES/data/hires/GSE223917_RAW/GSM7003818_OrgcE952168.pairs.gz	E95	intermediate mesoderm
OrgcE952170	/Volumes/SumSung500/CSU/0_HiRES/data/hires/GSE223917_RAW/GSM7003820_OrgcE952170.pairs.gz	E95	early mesenchyme
OrgcE952173	/Volumes/SumSung500/CSU/0_HiRES/data/hires/GSE223917_RAW/GSM7003823_OrgcE952173.pairs.gz	E95	epithelial cells
OrgcE952174	/Volumes/SumSung500/CSU/0_HiRES/data/hires/GSE223917_RAW/GSM7003824_OrgcE952174.pairs.gz	E95	early mesoderm
OrgcE952175	/Volumes/SumSung500/CSU/0_HiRES/data/hires/GSE223917_RAW/GSM7003825_OrgcE952175.pairs.gz	E95	early mesenchyme
OrgcE952177	/Volumes/SumSung500/CSU/0_HiRES/data/hires/GSE223917_RAW/GSM7003827_OrgcE952177.pairs.gz	E95	notochord
OrgcE952178	/Volumes/SumSung500/CSU/0_HiRES/data/hires/GSE223917_RAW/GSM7003828_OrgcE952178.pairs.gz	E95	intermediate mesoderm
OrgcE952179	/Volumes/SumSung500/CSU/0_HiRES/data/hires/GSE223917_RAW/GSM7003829_OrgcE952179.pairs.gz	E95	blood
OrgcE952181	/Volumes/SumSung500/CSU/0_HiRES/data/hires/GSE223917_RAW/GSM7003831_OrgcE952181.pairs.gz	E95	intermediate mesoderm
OrgcE952183	/Volumes/SumSung500/CSU/0_HiRES/data/hires/GSE223917_RAW/GSM7003833_OrgcE952183.pairs.gz	E95	mix late mesenchyme
OrgcE952184	/Volumes/SumSung500/CSU/0_HiRES/data/hires/GSE223917_RAW/GSM7003834_OrgcE952184.pairs.gz	E95	schwann cell precursors
OrgcE952187	/Volumes/SumSung500/CSU/0_HiRES/data/hires/GSE223917_RAW/GSM7003837_OrgcE952187.pairs.gz	E95	notochord
OrgcE952188	/Volumes/SumSung500/CSU/0_HiRES/data/hires/GSE223917_RAW/GSM7003838_OrgcE952188.pairs.gz	E95	intermediate mesoderm
OrgcE952189	/Volumes/SumSung500/CSU/0_HiRES/data/hires/GSE223917_RAW/GSM7003839_OrgcE952189.pairs.gz	E95	notochord
OrgcE952194	/Volumes/SumSung500/CSU/0_HiRES/data/hires/GSE223917_RAW/GSM7003843_OrgcE952194.pairs.gz	E95	blood
OrgcE952195	/Volumes/SumSung500/CSU/0_HiRES/data/hires/GSE223917_RAW/GSM7003844_OrgcE952195.pairs.gz	E95	early mesoderm
OrgcE952197	/Volumes/SumSung500/CSU/0_HiRES/data/hires/GSE223917_RAW/GSM7003846_OrgcE952197.pairs.gz	E95	early neurons
OrgcE952198	/Volumes/SumSung500/CSU/0_HiRES/data/hires/GSE223917_RAW/GSM7003847_OrgcE952198.pairs.gz	E95	neural tube
OrgcE952199	/Volumes/SumSung500/CSU/0_HiRES/data/hires/GSE223917_RAW/GSM7003848_OrgcE952199.pairs.gz	E95	early mesenchyme
OrgcE952201	/Volumes/SumSung500/CSU/0_HiRES/data/hires/GSE223917_RAW/GSM7003850_OrgcE952201.pairs.gz	E95	early mesoderm
OrgcE952203	/Volumes/SumSung500/CSU/0_HiRES/data/hires/GSE223917_RAW/GSM7003852_OrgcE952203.pairs.gz	E95	intermediate mesoderm
OrgcE952204	/Volumes/SumSung500/CSU/0_HiRES/data/hires/GSE223917_RAW/GSM7003853_OrgcE952204.pairs.gz	E95	mix late mesenchyme
OrgcE952205	/Volumes/SumSung500/CSU/0_HiRES/data/hires/GSE223917_RAW/GSM7003854_OrgcE952205.pairs.gz	E95	mitosis
OrgcE952206	/Volumes/SumSung500/CSU/0_HiRES/data/hires/GSE223917_RAW/GSM7003855_OrgcE952206.pairs.gz	E95	intermediate mesoderm
OrgcE952207	/Volumes/SumSung500/CSU/0_HiRES/data/hires/GSE223917_RAW/GSM7003856_OrgcE952207.pairs.gz	E95	early mesenchyme
OrgcE952209	/Volumes/SumSung500/CSU/0_HiRES/data/hires/GSE223917_RAW/GSM7003858_OrgcE952209.pairs.gz	E95	blood
OrgcE952210	/Volumes/SumSung500/CSU/0_HiRES/data/hires/GSE223917_RAW/GSM7003859_OrgcE952210.pairs.gz	E95	intermediate mesoderm
OrgcE952212	/Volumes/SumSung500/CSU/0_HiRES/data/hires/GSE223917_RAW/GSM7003861_OrgcE952212.pairs.gz	E95	intermediate mesoderm
OrgcE952213	/Volumes/SumSung500/CSU/0_HiRES/data/hires/GSE223917_RAW/GSM7003862_OrgcE952213.pairs.gz	E95	intermediate mesoderm
OrgcE952214	/Volumes/SumSung500/CSU/0_HiRES/data/hires/GSE223917_RAW/GSM7003863_OrgcE952214.pairs.gz	E95	notochord
OrgcE952215	/Volumes/SumSung500/CSU/0_HiRES/data/hires/GSE223917_RAW/GSM7003864_OrgcE952215.pairs.gz	E95	early mesenchyme
OrgcE952217	/Volumes/SumSung500/CSU/0_HiRES/data/hires/GSE223917_RAW/GSM7003866_OrgcE952217.pairs.gz	E95	NMP
OrgcE952219	/Volumes/SumSung500/CSU/0_HiRES/data/hires/GSE223917_RAW/GSM7003868_OrgcE952219.pairs.gz	E95	intermediate mesoderm
OrgcE952221	/Volumes/SumSung500/CSU/0_HiRES/data/hires/GSE223917_RAW/GSM7003870_OrgcE952221.pairs.gz	E95	notochord
OrgcE952223	/Volumes/SumSung500/CSU/0_HiRES/data/hires/GSE223917_RAW/GSM7003872_OrgcE952223.pairs.gz	E95	epithelial cells
OrgcE952224	/Volumes/SumSung500/CSU/0_HiRES/data/hires/GSE223917_RAW/GSM7003873_OrgcE952224.pairs.gz	E95	intermediate mesoderm
OrgcE952225	/Volumes/SumSung500/CSU/0_HiRES/data/hires/GSE223917_RAW/GSM7003874_OrgcE952225.pairs.gz	E95	intermediate mesoderm
OrgcE952227	/Volumes/SumSung500/CSU/0_HiRES/data/hires/GSE223917_RAW/GSM7003876_OrgcE952227.pairs.gz	E95	intermediate mesoderm
OrgcE952229	/Volumes/SumSung500/CSU/0_HiRES/data/hires/GSE223917_RAW/GSM7003878_OrgcE952229.pairs.gz	E95	intermediate mesoderm
OrgcE952231	/Volumes/SumSung500/CSU/0_HiRES/data/hires/GSE223917_RAW/GSM7003880_OrgcE952231.pairs.gz	E95	early mesenchyme
OrgcE952232	/Volumes/SumSung500/CSU/0_HiRES/data/hires/GSE223917_RAW/GSM7003881_OrgcE952232.pairs.gz	E95	early mesenchyme
OrgcE952233	/Volumes/SumSung500/CSU/0_HiRES/data/hires/GSE223917_RAW/GSM7003882_OrgcE952233.pairs.gz	E95	intermediate mesoderm
OrgcE952234	/Volumes/SumSung500/CSU/0_HiRES/data/hires/GSE223917_RAW/GSM7003883_OrgcE952234.pairs.gz	E95	early mesenchyme
OrgcE952236	/Volumes/SumSung500/CSU/0_HiRES/data/hires/GSE223917_RAW/GSM7003885_OrgcE952236.pairs.gz	E95	intermediate mesoderm
OrgcE952238	/Volumes/SumSung500/CSU/0_HiRES/data/hires/GSE223917_RAW/GSM7003887_OrgcE952238.pairs.gz	E95	mix late mesenchyme
OrgcE952239	/Volumes/SumSung500/CSU/0_HiRES/data/hires/GSE223917_RAW/GSM7003888_OrgcE952239.pairs.gz	E95	mix late mesenchyme
OrgcE952240	/Volumes/SumSung500/CSU/0_HiRES/data/hires/GSE223917_RAW/GSM7003889_OrgcE952240.pairs.gz	E95	intermediate mesoderm
OrgcE952243	/Volumes/SumSung500/CSU/0_HiRES/data/hires/GSE223917_RAW/GSM7003891_OrgcE952243.pairs.gz	E95	mix late mesenchyme
OrgcE952244	/Volumes/SumSung500/CSU/0_HiRES/data/hires/GSE223917_RAW/GSM7003892_OrgcE952244.pairs.gz	E95	intermediate mesoderm
OrgcE952245	/Volumes/SumSung500/CSU/0_HiRES/data/hires/GSE223917_RAW/GSM7003893_OrgcE952245.pairs.gz	E95	early mesenchyme
OrgcE952248	/Volumes/SumSung500/CSU/0_HiRES/data/hires/GSE223917_RAW/GSM7003895_OrgcE952248.pairs.gz	E95	intermediate mesoderm
OrgcE952251	/Volumes/SumSung500/CSU/0_HiRES/data/hires/GSE223917_RAW/GSM7003898_OrgcE952251.pairs.gz	E95	radial glias
OrgcE952253	/Volumes/SumSung500/CSU/0_HiRES/data/hires/GSE223917_RAW/GSM7003900_OrgcE952253.pairs.gz	E95	notochord
OrgcE952254	/Volumes/SumSung500/CSU/0_HiRES/data/hires/GSE223917_RAW/GSM7003901_OrgcE952254.pairs.gz	E95	epithelial cells
OrgcE952255	/Volumes/SumSung500/CSU/0_HiRES/data/hires/GSE223917_RAW/GSM7003902_OrgcE952255.pairs.gz	E95	early mesoderm
OrgcE952256	/Volumes/SumSung500/CSU/0_HiRES/data/hires/GSE223917_RAW/GSM7003903_OrgcE952256.pairs.gz	E95	NMP
OrgcE952259	/Volumes/SumSung500/CSU/0_HiRES/data/hires/GSE223917_RAW/GSM7003905_OrgcE952259.pairs.gz	E95	epithelial cells
OrgcE952260	/Volumes/SumSung500/CSU/0_HiRES/data/hires/GSE223917_RAW/GSM7003906_OrgcE952260.pairs.gz	E95	epithelial cells
OrgcE952262	/Volumes/SumSung500/CSU/0_HiRES/data/hires/GSE223917_RAW/GSM7003908_OrgcE952262.pairs.gz	E95	early mesoderm
OrgcE952263	/Volumes/SumSung500/CSU/0_HiRES/data/hires/GSE223917_RAW/GSM7003909_OrgcE952263.pairs.gz	E95	NMP
OrgcE952267	/Volumes/SumSung500/CSU/0_HiRES/data/hires/GSE223917_RAW/GSM7003913_OrgcE952267.pairs.gz	E95	early mesenchyme
OrgcE952269	/Volumes/SumSung500/CSU/0_HiRES/data/hires/GSE223917_RAW/GSM7003914_OrgcE952269.pairs.gz	E95	epithelial cells
OrgcE952270	/Volumes/SumSung500/CSU/0_HiRES/data/hires/GSE223917_RAW/GSM7003915_OrgcE952270.pairs.gz	E95	intermediate mesoderm
OrgcE952272	/Volumes/SumSung500/CSU/0_HiRES/data/hires/GSE223917_RAW/GSM7003917_OrgcE952272.pairs.gz	E95	intermediate mesoderm
OrgcE952273	/Volumes/SumSung500/CSU/0_HiRES/data/hires/GSE223917_RAW/GSM7003918_OrgcE952273.pairs.gz	E95	early mesoderm
OrgcE952275	/Volumes/SumSung500/CSU/0_HiRES/data/hires/GSE223917_RAW/GSM7003920_OrgcE952275.pairs.gz	E95	notochord
OrgcE952277	/Volumes/SumSung500/CSU/0_HiRES/data/hires/GSE223917_RAW/GSM7003922_OrgcE952277.pairs.gz	E95	mix late mesenchyme
OrgcE952278	/Volumes/SumSung500/CSU/0_HiRES/data/hires/GSE223917_RAW/GSM7003923_OrgcE952278.pairs.gz	E95	mix late mesenchyme
OrgcE952279	/Volumes/SumSung500/CSU/0_HiRES/data/hires/GSE223917_RAW/GSM7003924_OrgcE952279.pairs.gz	E95	mix late mesenchyme
OrgcE952281	/Volumes/SumSung500/CSU/0_HiRES/data/hires/GSE223917_RAW/GSM7003926_OrgcE952281.pairs.gz	E95	mitosis
OrgcE952282	/Volumes/SumSung500/CSU/0_HiRES/data/hires/GSE223917_RAW/GSM7003927_OrgcE952282.pairs.gz	E95	mix late mesenchyme
OrgcE952283	/Volumes/SumSung500/CSU/0_HiRES/data/hires/GSE223917_RAW/GSM7003928_OrgcE952283.pairs.gz	E95	intermediate mesoderm
OrgcE952284	/Volumes/SumSung500/CSU/0_HiRES/data/hires/GSE223917_RAW/GSM7003929_OrgcE952284.pairs.gz	E95	early mesenchyme
OrgcE952285	/Volumes/SumSung500/CSU/0_HiRES/data/hires/GSE223917_RAW/GSM7003930_OrgcE952285.pairs.gz	E95	blood
OrgcE952286	/Volumes/SumSung500/CSU/0_HiRES/data/hires/GSE223917_RAW/GSM7003931_OrgcE952286.pairs.gz	E95	epithelial cells
OrgcE952287	/Volumes/SumSung500/CSU/0_HiRES/data/hires/GSE223917_RAW/GSM7003932_OrgcE952287.pairs.gz	E95	epithelial cells
OrgcE952288	/Volumes/SumSung500/CSU/0_HiRES/data/hires/GSE223917_RAW/GSM7003933_OrgcE952288.pairs.gz	E95	mitosis
OrgcE952290	/Volumes/SumSung500/CSU/0_HiRES/data/hires/GSE223917_RAW/GSM7003935_OrgcE952290.pairs.gz	E95	early mesenchyme
OrgcE952291	/Volumes/SumSung500/CSU/0_HiRES/data/hires/GSE223917_RAW/GSM7003936_OrgcE952291.pairs.gz	E95	neural tube
OrgcE952292	/Volumes/SumSung500/CSU/0_HiRES/data/hires/GSE223917_RAW/GSM7003937_OrgcE952292.pairs.gz	E95	blood
OrgcE952296	/Volumes/SumSung500/CSU/0_HiRES/data/hires/GSE223917_RAW/GSM7003940_OrgcE952296.pairs.gz	E95	intermediate mesoderm
OrgcE952297	/Volumes/SumSung500/CSU/0_HiRES/data/hires/GSE223917_RAW/GSM7003941_OrgcE952297.pairs.gz	E95	intermediate mesoderm
OrgcE952299	/Volumes/SumSung500/CSU/0_HiRES/data/hires/GSE223917_RAW/GSM7003943_OrgcE952299.pairs.gz	E95	NMP
OrgcE952300	/Volumes/SumSung500/CSU/0_HiRES/data/hires/GSE223917_RAW/GSM7003944_OrgcE952300.pairs.gz	E95	notochord
OrgcE952301	/Volumes/SumSung500/CSU/0_HiRES/data/hires/GSE223917_RAW/GSM7003945_OrgcE952301.pairs.gz	E95	early mesenchyme
OrgcE952302	/Volumes/SumSung500/CSU/0_HiRES/data/hires/GSE223917_RAW/GSM7003946_OrgcE952302.pairs.gz	E95	radial glias
OrgcE952303	/Volumes/SumSung500/CSU/0_HiRES/data/hires/GSE223917_RAW/GSM7003947_OrgcE952303.pairs.gz	E95	early mesoderm
OrgcE952304	/Volumes/SumSung500/CSU/0_HiRES/data/hires/GSE223917_RAW/GSM7003948_OrgcE952304.pairs.gz	E95	early neurons
OrgcE952307	/Volumes/SumSung500/CSU/0_HiRES/data/hires/GSE223917_RAW/GSM7003951_OrgcE952307.pairs.gz	E95	mix late mesenchyme
OrgcE952309	/Volumes/SumSung500/CSU/0_HiRES/data/hires/GSE223917_RAW/GSM7003953_OrgcE952309.pairs.gz	E95	notochord
OrgcE952310	/Volumes/SumSung500/CSU/0_HiRES/data/hires/GSE223917_RAW/GSM7003954_OrgcE952310.pairs.gz	E95	intermediate mesoderm
OrgcE952311	/Volumes/SumSung500/CSU/0_HiRES/data/hires/GSE223917_RAW/GSM7003955_OrgcE952311.pairs.gz	E95	intermediate mesoderm
OrgcE952314	/Volumes/SumSung500/CSU/0_HiRES/data/hires/GSE223917_RAW/GSM7003958_OrgcE952314.pairs.gz	E95	mix late mesenchyme
OrgcE952315	/Volumes/SumSung500/CSU/0_HiRES/data/hires/GSE223917_RAW/GSM7003959_OrgcE952315.pairs.gz	E95	intermediate mesoderm
OrgcE952317	/Volumes/SumSung500/CSU/0_HiRES/data/hires/GSE223917_RAW/GSM7003961_OrgcE952317.pairs.gz	E95	intermediate mesoderm
OrgcE952320	/Volumes/SumSung500/CSU/0_HiRES/data/hires/GSE223917_RAW/GSM7003964_OrgcE952320.pairs.gz	E95	intermediate mesoderm
OrgcE952322	/Volumes/SumSung500/CSU/0_HiRES/data/hires/GSE223917_RAW/GSM7003966_OrgcE952322.pairs.gz	E95	early mesenchyme
OrgcE952323	/Volumes/SumSung500/CSU/0_HiRES/data/hires/GSE223917_RAW/GSM7003967_OrgcE952323.pairs.gz	E95	radial glias
OrgcE952325	/Volumes/SumSung500/CSU/0_HiRES/data/hires/GSE223917_RAW/GSM7003969_OrgcE952325.pairs.gz	E95	intermediate mesoderm
OrgcE952327	/Volumes/SumSung500/CSU/0_HiRES/data/hires/GSE223917_RAW/GSM7003971_OrgcE952327.pairs.gz	E95	blood
OrgcE952328	/Volumes/SumSung500/CSU/0_HiRES/data/hires/GSE223917_RAW/GSM7003972_OrgcE952328.pairs.gz	E95	NMP
OrgcE952330	/Volumes/SumSung500/CSU/0_HiRES/data/hires/GSE223917_RAW/GSM7003974_OrgcE952330.pairs.gz	E95	early mesenchyme
OrgcE952332	/Volumes/SumSung500/CSU/0_HiRES/data/hires/GSE223917_RAW/GSM7003976_OrgcE952332.pairs.gz	E95	mix late mesenchyme
OrgcE952336	/Volumes/SumSung500/CSU/0_HiRES/data/hires/GSE223917_RAW/GSM7003980_OrgcE952336.pairs.gz	E95	NMP
OrgcE952338	/Volumes/SumSung500/CSU/0_HiRES/data/hires/GSE223917_RAW/GSM7003982_OrgcE952338.pairs.gz	E95	intermediate mesoderm
OrgcE952339	/Volumes/SumSung500/CSU/0_HiRES/data/hires/GSE223917_RAW/GSM7003983_OrgcE952339.pairs.gz	E95	mitosis
OrgcE952341	/Volumes/SumSung500/CSU/0_HiRES/data/hires/GSE223917_RAW/GSM7003985_OrgcE952341.pairs.gz	E95	mitosis
OrgcE952342	/Volumes/SumSung500/CSU/0_HiRES/data/hires/GSE223917_RAW/GSM7003986_OrgcE952342.pairs.gz	E95	mitosis
OrgcE952343	/Volumes/SumSung500/CSU/0_HiRES/data/hires/GSE223917_RAW/GSM7003987_OrgcE952343.pairs.gz	E95	early mesenchyme
OrgcE952344	/Volumes/SumSung500/CSU/0_HiRES/data/hires/GSE223917_RAW/GSM7003988_OrgcE952344.pairs.gz	E95	NMP
OrgcE952345	/Volumes/SumSung500/CSU/0_HiRES/data/hires/GSE223917_RAW/GSM7003989_OrgcE952345.pairs.gz	E95	early neurons
OrgcE952346	/Volumes/SumSung500/CSU/0_HiRES/data/hires/GSE223917_RAW/GSM7003990_OrgcE952346.pairs.gz	E95	early mesenchyme
OrgcE952349	/Volumes/SumSung500/CSU/0_HiRES/data/hires/GSE223917_RAW/GSM7003993_OrgcE952349.pairs.gz	E95	blood
OrgcE952351	/Volumes/SumSung500/CSU/0_HiRES/data/hires/GSE223917_RAW/GSM7003995_OrgcE952351.pairs.gz	E95	early mesenchyme
OrgcE952352	/Volumes/SumSung500/CSU/0_HiRES/data/hires/GSE223917_RAW/GSM7003996_OrgcE952352.pairs.gz	E95	epithelial cells
OrgcE952353	/Volumes/SumSung500/CSU/0_HiRES/data/hires/GSE223917_RAW/GSM7003997_OrgcE952353.pairs.gz	E95	NMP
OrgcE952357	/Volumes/SumSung500/CSU/0_HiRES/data/hires/GSE223917_RAW/GSM7004001_OrgcE952357.pairs.gz	E95	intermediate mesoderm
OrgcE952359	/Volumes/SumSung500/CSU/0_HiRES/data/hires/GSE223917_RAW/GSM7004002_OrgcE952359.pairs.gz	E95	epithelial cells
OrgcE952362	/Volumes/SumSung500/CSU/0_HiRES/data/hires/GSE223917_RAW/GSM7004005_OrgcE952362.pairs.gz	E95	notochord
OrgcE952366	/Volumes/SumSung500/CSU/0_HiRES/data/hires/GSE223917_RAW/GSM7004009_OrgcE952366.pairs.gz	E95	intermediate mesoderm
OrgcE952367	/Volumes/SumSung500/CSU/0_HiRES/data/hires/GSE223917_RAW/GSM7004010_OrgcE952367.pairs.gz	E95	ExE endoderm
OrgcE952368	/Volumes/SumSung500/CSU/0_HiRES/data/hires/GSE223917_RAW/GSM7004011_OrgcE952368.pairs.gz	E95	neural tube
OrgcE952369	/Volumes/SumSung500/CSU/0_HiRES/data/hires/GSE223917_RAW/GSM7004012_OrgcE952369.pairs.gz	E95	early mesenchyme
OrgcE952370	/Volumes/SumSung500/CSU/0_HiRES/data/hires/GSE223917_RAW/GSM7004013_OrgcE952370.pairs.gz	E95	mix late mesenchyme
OrgcE952371	/Volumes/SumSung500/CSU/0_HiRES/data/hires/GSE223917_RAW/GSM7004014_OrgcE952371.pairs.gz	E95	notochord
OrgcE952372	/Volumes/SumSung500/CSU/0_HiRES/data/hires/GSE223917_RAW/GSM7004015_OrgcE952372.pairs.gz	E95	intermediate mesoderm
OrgcE952374	/Volumes/SumSung500/CSU/0_HiRES/data/hires/GSE223917_RAW/GSM7004017_OrgcE952374.pairs.gz	E95	radial glias
OrgcE952376	/Volumes/SumSung500/CSU/0_HiRES/data/hires/GSE223917_RAW/GSM7004019_OrgcE952376.pairs.gz	E95	early mesenchyme
OrgcE952378	/Volumes/SumSung500/CSU/0_HiRES/data/hires/GSE223917_RAW/GSM7004021_OrgcE952378.pairs.gz	E95	intermediate mesoderm
OrgcE952379	/Volumes/SumSung500/CSU/0_HiRES/data/hires/GSE223917_RAW/GSM7004022_OrgcE952379.pairs.gz	E95	mix late mesenchyme
OrgcE952382	/Volumes/SumSung500/CSU/0_HiRES/data/hires/GSE223917_RAW/GSM7004025_OrgcE952382.pairs.gz	E95	epithelial cells
OrgcE952383	/Volumes/SumSung500/CSU/0_HiRES/data/hires/GSE223917_RAW/GSM7004026_OrgcE952383.pairs.gz	E95	mix late mesenchyme
OrgcE952384	/Volumes/SumSung500/CSU/0_HiRES/data/hires/GSE223917_RAW/GSM7004027_OrgcE952384.pairs.gz	E95	blood
OrgcE953001	/Volumes/SumSung500/CSU/0_HiRES/data/hires/GSE223917_RAW/GSM7004028_OrgcE953001.pairs.gz	E95	radial glias
OrgcE953002	/Volumes/SumSung500/CSU/0_HiRES/data/hires/GSE223917_RAW/GSM7004029_OrgcE953002.pairs.gz	E95	mix late mesenchyme
OrgcE953003	/Volumes/SumSung500/CSU/0_HiRES/data/hires/GSE223917_RAW/GSM7004030_OrgcE953003.pairs.gz	E95	early neurons
OrgcE953005	/Volumes/SumSung500/CSU/0_HiRES/data/hires/GSE223917_RAW/GSM7004032_OrgcE953005.pairs.gz	E95	radial glias
OrgcE953007	/Volumes/SumSung500/CSU/0_HiRES/data/hires/GSE223917_RAW/GSM7004034_OrgcE953007.pairs.gz	E95	intermediate mesoderm
OrgcE953008	/Volumes/SumSung500/CSU/0_HiRES/data/hires/GSE223917_RAW/GSM7004035_OrgcE953008.pairs.gz	E95	notochord
OrgcE953010	/Volumes/SumSung500/CSU/0_HiRES/data/hires/GSE223917_RAW/GSM7004037_OrgcE953010.pairs.gz	E95	intermediate mesoderm
OrgcE953011	/Volumes/SumSung500/CSU/0_HiRES/data/hires/GSE223917_RAW/GSM7004038_OrgcE953011.pairs.gz	E95	oligodendrocytes and progenitors
OrgcE953013	/Volumes/SumSung500/CSU/0_HiRES/data/hires/GSE223917_RAW/GSM7004040_OrgcE953013.pairs.gz	E95	mix late mesenchyme
OrgcE953014	/Volumes/SumSung500/CSU/0_HiRES/data/hires/GSE223917_RAW/GSM7004041_OrgcE953014.pairs.gz	E95	radial glias
OrgcE953015	/Volumes/SumSung500/CSU/0_HiRES/data/hires/GSE223917_RAW/GSM7004042_OrgcE953015.pairs.gz	E95	schwann cell precursors
OrgcE953016	/Volumes/SumSung500/CSU/0_HiRES/data/hires/GSE223917_RAW/GSM7004043_OrgcE953016.pairs.gz	E95	radial glias
OrgcE953018	/Volumes/SumSung500/CSU/0_HiRES/data/hires/GSE223917_RAW/GSM7004045_OrgcE953018.pairs.gz	E95	radial glias
OrgcE953019	/Volumes/SumSung500/CSU/0_HiRES/data/hires/GSE223917_RAW/GSM7004046_OrgcE953019.pairs.gz	E95	radial glias
OrgcE953021	/Volumes/SumSung500/CSU/0_HiRES/data/hires/GSE223917_RAW/GSM7004048_OrgcE953021.pairs.gz	E95	mix late mesenchyme
OrgcE953023	/Volumes/SumSung500/CSU/0_HiRES/data/hires/GSE223917_RAW/GSM7004050_OrgcE953023.pairs.gz	E95	mitosis
OrgcE953026	/Volumes/SumSung500/CSU/0_HiRES/data/hires/GSE223917_RAW/GSM7004053_OrgcE953026.pairs.gz	E95	radial glias
OrgcE953028	/Volumes/SumSung500/CSU/0_HiRES/data/hires/GSE223917_RAW/GSM7004055_OrgcE953028.pairs.gz	E95	epithelial cells
OrgcE953029	/Volumes/SumSung500/CSU/0_HiRES/data/hires/GSE223917_RAW/GSM7004056_OrgcE953029.pairs.gz	E95	mix late mesenchyme
OrgcE953032	/Volumes/SumSung500/CSU/0_HiRES/data/hires/GSE223917_RAW/GSM7004059_OrgcE953032.pairs.gz	E95	intermediate mesoderm
OrgcE953033	/Volumes/SumSung500/CSU/0_HiRES/data/hires/GSE223917_RAW/GSM7004060_OrgcE953033.pairs.gz	E95	early mesenchyme
OrgcE953038	/Volumes/SumSung500/CSU/0_HiRES/data/hires/GSE223917_RAW/GSM7004065_OrgcE953038.pairs.gz	E95	oligodendrocytes and progenitors
OrgcE953039	/Volumes/SumSung500/CSU/0_HiRES/data/hires/GSE223917_RAW/GSM7004066_OrgcE953039.pairs.gz	E95	radial glias
OrgcE953042	/Volumes/SumSung500/CSU/0_HiRES/data/hires/GSE223917_RAW/GSM7004069_OrgcE953042.pairs.gz	E95	epithelial cells
OrgcE953044	/Volumes/SumSung500/CSU/0_HiRES/data/hires/GSE223917_RAW/GSM7004071_OrgcE953044.pairs.gz	E95	mix late mesenchyme
OrgcE953047	/Volumes/SumSung500/CSU/0_HiRES/data/hires/GSE223917_RAW/GSM7004074_OrgcE953047.pairs.gz	E95	oligodendrocytes and progenitors
OrgcE953048	/Volumes/SumSung500/CSU/0_HiRES/data/hires/GSE223917_RAW/GSM7004075_OrgcE953048.pairs.gz	E95	blood
OrgcE953050	/Volumes/SumSung500/CSU/0_HiRES/data/hires/GSE223917_RAW/GSM7004077_OrgcE953050.pairs.gz	E95	mix late mesenchyme
OrgcE953051	/Volumes/SumSung500/CSU/0_HiRES/data/hires/GSE223917_RAW/GSM7004078_OrgcE953051.pairs.gz	E95	radial glias
OrgcE953053	/Volumes/SumSung500/CSU/0_HiRES/data/hires/GSE223917_RAW/GSM7004080_OrgcE953053.pairs.gz	E95	mitosis
OrgcE953054	/Volumes/SumSung500/CSU/0_HiRES/data/hires/GSE223917_RAW/GSM7004081_OrgcE953054.pairs.gz	E95	radial glias
OrgcE953057	/Volumes/SumSung500/CSU/0_HiRES/data/hires/GSE223917_RAW/GSM7004084_OrgcE953057.pairs.gz	E95	mix late mesenchyme
OrgcE953059	/Volumes/SumSung500/CSU/0_HiRES/data/hires/GSE223917_RAW/GSM7004086_OrgcE953059.pairs.gz	E95	mix late mesenchyme
OrgcE953063	/Volumes/SumSung500/CSU/0_HiRES/data/hires/GSE223917_RAW/GSM7004090_OrgcE953063.pairs.gz	E95	early neurons
OrgcE953064	/Volumes/SumSung500/CSU/0_HiRES/data/hires/GSE223917_RAW/GSM7004091_OrgcE953064.pairs.gz	E95	radial glias
OrgcE953065	/Volumes/SumSung500/CSU/0_HiRES/data/hires/GSE223917_RAW/GSM7004092_OrgcE953065.pairs.gz	E95	mix late mesenchyme
OrgcE953067	/Volumes/SumSung500/CSU/0_HiRES/data/hires/GSE223917_RAW/GSM7004094_OrgcE953067.pairs.gz	E95	mix late mesenchyme
OrgcE953068	/Volumes/SumSung500/CSU/0_HiRES/data/hires/GSE223917_RAW/GSM7004095_OrgcE953068.pairs.gz	E95	NMP
OrgcE953070	/Volumes/SumSung500/CSU/0_HiRES/data/hires/GSE223917_RAW/GSM7004097_OrgcE953070.pairs.gz	E95	notochord
OrgcE953072	/Volumes/SumSung500/CSU/0_HiRES/data/hires/GSE223917_RAW/GSM7004099_OrgcE953072.pairs.gz	E95	radial glias
OrgcE953074	/Volumes/SumSung500/CSU/0_HiRES/data/hires/GSE223917_RAW/GSM7004101_OrgcE953074.pairs.gz	E95	radial glias
OrgcE953076	/Volumes/SumSung500/CSU/0_HiRES/data/hires/GSE223917_RAW/GSM7004103_OrgcE953076.pairs.gz	E95	radial glias
OrgcE953077	/Volumes/SumSung500/CSU/0_HiRES/data/hires/GSE223917_RAW/GSM7004104_OrgcE953077.pairs.gz	E95	epithelial cells
OrgcE953079	/Volumes/SumSung500/CSU/0_HiRES/data/hires/GSE223917_RAW/GSM7004106_OrgcE953079.pairs.gz	E95	myocytes
OrgcE953082	/Volumes/SumSung500/CSU/0_HiRES/data/hires/GSE223917_RAW/GSM7004109_OrgcE953082.pairs.gz	E95	mix late mesenchyme
OrgcE953085	/Volumes/SumSung500/CSU/0_HiRES/data/hires/GSE223917_RAW/GSM7004112_OrgcE953085.pairs.gz	E95	mitosis
OrgcE953088	/Volumes/SumSung500/CSU/0_HiRES/data/hires/GSE223917_RAW/GSM7004115_OrgcE953088.pairs.gz	E95	oligodendrocytes and progenitors
OrgcE953089	/Volumes/SumSung500/CSU/0_HiRES/data/hires/GSE223917_RAW/GSM7004116_OrgcE953089.pairs.gz	E95	notochord
OrgcE953090	/Volumes/SumSung500/CSU/0_HiRES/data/hires/GSE223917_RAW/GSM7004117_OrgcE953090.pairs.gz	E95	mitosis
OrgcE953091	/Volumes/SumSung500/CSU/0_HiRES/data/hires/GSE223917_RAW/GSM7004118_OrgcE953091.pairs.gz	E95	notochord
OrgcE953092	/Volumes/SumSung500/CSU/0_HiRES/data/hires/GSE223917_RAW/GSM7004119_OrgcE953092.pairs.gz	E95	early neurons
OrgcE953099	/Volumes/SumSung500/CSU/0_HiRES/data/hires/GSE223917_RAW/GSM7004126_OrgcE953099.pairs.gz	E95	mix late mesenchyme
OrgcE953102	/Volumes/SumSung500/CSU/0_HiRES/data/hires/GSE223917_RAW/GSM7004129_OrgcE953102.pairs.gz	E95	mix late mesenchyme
OrgcE953105	/Volumes/SumSung500/CSU/0_HiRES/data/hires/GSE223917_RAW/GSM7004132_OrgcE953105.pairs.gz	E95	radial glias
OrgcE953108	/Volumes/SumSung500/CSU/0_HiRES/data/hires/GSE223917_RAW/GSM7004135_OrgcE953108.pairs.gz	E95	mitosis
OrgcE953111	/Volumes/SumSung500/CSU/0_HiRES/data/hires/GSE223917_RAW/GSM7004138_OrgcE953111.pairs.gz	E95	mitosis
OrgcE953114	/Volumes/SumSung500/CSU/0_HiRES/data/hires/GSE223917_RAW/GSM7004141_OrgcE953114.pairs.gz	E95	mitosis
OrgcE953116	/Volumes/SumSung500/CSU/0_HiRES/data/hires/GSE223917_RAW/GSM7004143_OrgcE953116.pairs.gz	E95	early neurons
OrgcE953117	/Volumes/SumSung500/CSU/0_HiRES/data/hires/GSE223917_RAW/GSM7004144_OrgcE953117.pairs.gz	E95	mix late mesenchyme
OrgcE953118	/Volumes/SumSung500/CSU/0_HiRES/data/hires/GSE223917_RAW/GSM7004145_OrgcE953118.pairs.gz	E95	mix late mesenchyme
OrgcE953119	/Volumes/SumSung500/CSU/0_HiRES/data/hires/GSE223917_RAW/GSM7004146_OrgcE953119.pairs.gz	E95	radial glias
OrgcE953121	/Volumes/SumSung500/CSU/0_HiRES/data/hires/GSE223917_RAW/GSM7004148_OrgcE953121.pairs.gz	E95	mix late mesenchyme
OrgcE953122	/Volumes/SumSung500/CSU/0_HiRES/data/hires/GSE223917_RAW/GSM7004149_OrgcE953122.pairs.gz	E95	intermediate mesoderm
OrgcE953125	/Volumes/SumSung500/CSU/0_HiRES/data/hires/GSE223917_RAW/GSM7004152_OrgcE953125.pairs.gz	E95	radial glias
OrgcE953126	/Volumes/SumSung500/CSU/0_HiRES/data/hires/GSE223917_RAW/GSM7004153_OrgcE953126.pairs.gz	E95	radial glias
OrgcE953131	/Volumes/SumSung500/CSU/0_HiRES/data/hires/GSE223917_RAW/GSM7004158_OrgcE953131.pairs.gz	E95	radial glias
OrgcE953133	/Volumes/SumSung500/CSU/0_HiRES/data/hires/GSE223917_RAW/GSM7004160_OrgcE953133.pairs.gz	E95	early neurons
OrgcE953134	/Volumes/SumSung500/CSU/0_HiRES/data/hires/GSE223917_RAW/GSM7004161_OrgcE953134.pairs.gz	E95	intermediate mesoderm
OrgcE953137	/Volumes/SumSung500/CSU/0_HiRES/data/hires/GSE223917_RAW/GSM7004163_OrgcE953137.pairs.gz	E95	mix late mesenchyme
OrgcE953141	/Volumes/SumSung500/CSU/0_HiRES/data/hires/GSE223917_RAW/GSM7004167_OrgcE953141.pairs.gz	E95	blood
OrgcE953143	/Volumes/SumSung500/CSU/0_HiRES/data/hires/GSE223917_RAW/GSM7004169_OrgcE953143.pairs.gz	E95	mix late mesenchyme
OrgcE953148	/Volumes/SumSung500/CSU/0_HiRES/data/hires/GSE223917_RAW/GSM7004174_OrgcE953148.pairs.gz	E95	mitosis
OrgcE953150	/Volumes/SumSung500/CSU/0_HiRES/data/hires/GSE223917_RAW/GSM7004176_OrgcE953150.pairs.gz	E95	mix late mesenchyme
OrgcE953151	/Volumes/SumSung500/CSU/0_HiRES/data/hires/GSE223917_RAW/GSM7004177_OrgcE953151.pairs.gz	E95	early neurons
OrgcE953152	/Volumes/SumSung500/CSU/0_HiRES/data/hires/GSE223917_RAW/GSM7004178_OrgcE953152.pairs.gz	E95	early neurons
OrgcE953153	/Volumes/SumSung500/CSU/0_HiRES/data/hires/GSE223917_RAW/GSM7004179_OrgcE953153.pairs.gz	E95	radial glias
OrgcE953154	/Volumes/SumSung500/CSU/0_HiRES/data/hires/GSE223917_RAW/GSM7004180_OrgcE953154.pairs.gz	E95	mix late mesenchyme
OrgcE953162	/Volumes/SumSung500/CSU/0_HiRES/data/hires/GSE223917_RAW/GSM7004188_OrgcE953162.pairs.gz	E95	radial glias
OrgcE953167	/Volumes/SumSung500/CSU/0_HiRES/data/hires/GSE223917_RAW/GSM7004193_OrgcE953167.pairs.gz	E95	radial glias
OrgcE953168	/Volumes/SumSung500/CSU/0_HiRES/data/hires/GSE223917_RAW/GSM7004194_OrgcE953168.pairs.gz	E95	radial glias
OrgcE953169	/Volumes/SumSung500/CSU/0_HiRES/data/hires/GSE223917_RAW/GSM7004195_OrgcE953169.pairs.gz	E95	blood
OrgcE953173	/Volumes/SumSung500/CSU/0_HiRES/data/hires/GSE223917_RAW/GSM7004199_OrgcE953173.pairs.gz	E95	oligodendrocytes and progenitors
OrgcE953174	/Volumes/SumSung500/CSU/0_HiRES/data/hires/GSE223917_RAW/GSM7004200_OrgcE953174.pairs.gz	E95	epithelial cells
OrgcE953175	/Volumes/SumSung500/CSU/0_HiRES/data/hires/GSE223917_RAW/GSM7004201_OrgcE953175.pairs.gz	E95	intermediate mesoderm
OrgcE953177	/Volumes/SumSung500/CSU/0_HiRES/data/hires/GSE223917_RAW/GSM7004203_OrgcE953177.pairs.gz	E95	radial glias
OrgcE953179	/Volumes/SumSung500/CSU/0_HiRES/data/hires/GSE223917_RAW/GSM7004205_OrgcE953179.pairs.gz	E95	radial glias
OrgcE953182	/Volumes/SumSung500/CSU/0_HiRES/data/hires/GSE223917_RAW/GSM7004207_OrgcE953182.pairs.gz	E95	radial glias
OrgcE953184	/Volumes/SumSung500/CSU/0_HiRES/data/hires/GSE223917_RAW/GSM7004209_OrgcE953184.pairs.gz	E95	oligodendrocytes and progenitors
OrgcE953186	/Volumes/SumSung500/CSU/0_HiRES/data/hires/GSE223917_RAW/GSM7004211_OrgcE953186.pairs.gz	E95	intermediate mesoderm
OrgcE953187	/Volumes/SumSung500/CSU/0_HiRES/data/hires/GSE223917_RAW/GSM7004212_OrgcE953187.pairs.gz	E95	mitosis
OrgcE953189	/Volumes/SumSung500/CSU/0_HiRES/data/hires/GSE223917_RAW/GSM7004214_OrgcE953189.pairs.gz	E95	radial glias
OrgcE953190	/Volumes/SumSung500/CSU/0_HiRES/data/hires/GSE223917_RAW/GSM7004215_OrgcE953190.pairs.gz	E95	early mesenchyme
OrgcE953198	/Volumes/SumSung500/CSU/0_HiRES/data/hires/GSE223917_RAW/GSM7004223_OrgcE953198.pairs.gz	E95	radial glias
OrgcE953199	/Volumes/SumSung500/CSU/0_HiRES/data/hires/GSE223917_RAW/GSM7004224_OrgcE953199.pairs.gz	E95	intermediate mesoderm
OrgcE953201	/Volumes/SumSung500/CSU/0_HiRES/data/hires/GSE223917_RAW/GSM7004226_OrgcE953201.pairs.gz	E95	notochord
OrgcE953202	/Volumes/SumSung500/CSU/0_HiRES/data/hires/GSE223917_RAW/GSM7004227_OrgcE953202.pairs.gz	E95	mix late mesenchyme
OrgcE953205	/Volumes/SumSung500/CSU/0_HiRES/data/hires/GSE223917_RAW/GSM7004230_OrgcE953205.pairs.gz	E95	radial glias
OrgcE953206	/Volumes/SumSung500/CSU/0_HiRES/data/hires/GSE223917_RAW/GSM7004231_OrgcE953206.pairs.gz	E95	mix late mesenchyme
OrgcE953207	/Volumes/SumSung500/CSU/0_HiRES/data/hires/GSE223917_RAW/GSM7004232_OrgcE953207.pairs.gz	E95	early mesenchyme
OrgcE953208	/Volumes/SumSung500/CSU/0_HiRES/data/hires/GSE223917_RAW/GSM7004233_OrgcE953208.pairs.gz	E95	radial glias
OrgcE953211	/Volumes/SumSung500/CSU/0_HiRES/data/hires/GSE223917_RAW/GSM7004236_OrgcE953211.pairs.gz	E95	radial glias
OrgcE953214	/Volumes/SumSung500/CSU/0_HiRES/data/hires/GSE223917_RAW/GSM7004239_OrgcE953214.pairs.gz	E95	mitosis
OrgcE953216	/Volumes/SumSung500/CSU/0_HiRES/data/hires/GSE223917_RAW/GSM7004241_OrgcE953216.pairs.gz	E95	radial glias
OrgcE953219	/Volumes/SumSung500/CSU/0_HiRES/data/hires/GSE223917_RAW/GSM7004244_OrgcE953219.pairs.gz	E95	oligodendrocytes and progenitors
OrgcE953222	/Volumes/SumSung500/CSU/0_HiRES/data/hires/GSE223917_RAW/GSM7004247_OrgcE953222.pairs.gz	E95	radial glias
OrgcE953224	/Volumes/SumSung500/CSU/0_HiRES/data/hires/GSE223917_RAW/GSM7004249_OrgcE953224.pairs.gz	E95	mix late mesenchyme
OrgcE953225	/Volumes/SumSung500/CSU/0_HiRES/data/hires/GSE223917_RAW/GSM7004250_OrgcE953225.pairs.gz	E95	notochord
OrgcE953226	/Volumes/SumSung500/CSU/0_HiRES/data/hires/GSE223917_RAW/GSM7004251_OrgcE953226.pairs.gz	E95	mitosis
OrgcE953227	/Volumes/SumSung500/CSU/0_HiRES/data/hires/GSE223917_RAW/GSM7004252_OrgcE953227.pairs.gz	E95	mix late mesenchyme
OrgcE953228	/Volumes/SumSung500/CSU/0_HiRES/data/hires/GSE223917_RAW/GSM7004253_OrgcE953228.pairs.gz	E95	radial glias
OrgcE953229	/Volumes/SumSung500/CSU/0_HiRES/data/hires/GSE223917_RAW/GSM7004254_OrgcE953229.pairs.gz	E95	notochord
OrgcE953230	/Volumes/SumSung500/CSU/0_HiRES/data/hires/GSE223917_RAW/GSM7004255_OrgcE953230.pairs.gz	E95	radial glias
OrgcE953231	/Volumes/SumSung500/CSU/0_HiRES/data/hires/GSE223917_RAW/GSM7004256_OrgcE953231.pairs.gz	E95	radial glias
OrgcE953232	/Volumes/SumSung500/CSU/0_HiRES/data/hires/GSE223917_RAW/GSM7004257_OrgcE953232.pairs.gz	E95	intermediate mesoderm
OrgcE953233	/Volumes/SumSung500/CSU/0_HiRES/data/hires/GSE223917_RAW/GSM7004258_OrgcE953233.pairs.gz	E95	radial glias
OrgcE953234	/Volumes/SumSung500/CSU/0_HiRES/data/hires/GSE223917_RAW/GSM7004259_OrgcE953234.pairs.gz	E95	early neurons
OrgcE953237	/Volumes/SumSung500/CSU/0_HiRES/data/hires/GSE223917_RAW/GSM7004262_OrgcE953237.pairs.gz	E95	epithelial cells
OrgcE953238	/Volumes/SumSung500/CSU/0_HiRES/data/hires/GSE223917_RAW/GSM7004263_OrgcE953238.pairs.gz	E95	epithelial cells
OrgcE953239	/Volumes/SumSung500/CSU/0_HiRES/data/hires/GSE223917_RAW/GSM7004264_OrgcE953239.pairs.gz	E95	mix late mesenchyme
OrgcE953240	/Volumes/SumSung500/CSU/0_HiRES/data/hires/GSE223917_RAW/GSM7004265_OrgcE953240.pairs.gz	E95	radial glias
OrgcE953242	/Volumes/SumSung500/CSU/0_HiRES/data/hires/GSE223917_RAW/GSM7004266_OrgcE953242.pairs.gz	E95	early neurons
OrgcE953243	/Volumes/SumSung500/CSU/0_HiRES/data/hires/GSE223917_RAW/GSM7004267_OrgcE953243.pairs.gz	E95	notochord
OrgcE953248	/Volumes/SumSung500/CSU/0_HiRES/data/hires/GSE223917_RAW/GSM7004272_OrgcE953248.pairs.gz	E95	mix late mesenchyme
OrgcE953250	/Volumes/SumSung500/CSU/0_HiRES/data/hires/GSE223917_RAW/GSM7004274_OrgcE953250.pairs.gz	E95	early mesenchyme
OrgcE953252	/Volumes/SumSung500/CSU/0_HiRES/data/hires/GSE223917_RAW/GSM7004276_OrgcE953252.pairs.gz	E95	mitosis
OrgcE953253	/Volumes/SumSung500/CSU/0_HiRES/data/hires/GSE223917_RAW/GSM7004277_OrgcE953253.pairs.gz	E95	radial glias
OrgcE953254	/Volumes/SumSung500/CSU/0_HiRES/data/hires/GSE223917_RAW/GSM7004278_OrgcE953254.pairs.gz	E95	early mesenchyme
OrgcE953255	/Volumes/SumSung500/CSU/0_HiRES/data/hires/GSE223917_RAW/GSM7004279_OrgcE953255.pairs.gz	E95	radial glias
OrgcE953258	/Volumes/SumSung500/CSU/0_HiRES/data/hires/GSE223917_RAW/GSM7004281_OrgcE953258.pairs.gz	E95	oligodendrocytes and progenitors
OrgcE953259	/Volumes/SumSung500/CSU/0_HiRES/data/hires/GSE223917_RAW/GSM7004282_OrgcE953259.pairs.gz	E95	mix late mesenchyme
OrgcE953261	/Volumes/SumSung500/CSU/0_HiRES/data/hires/GSE223917_RAW/GSM7004284_OrgcE953261.pairs.gz	E95	epithelial cells
OrgcE953262	/Volumes/SumSung500/CSU/0_HiRES/data/hires/GSE223917_RAW/GSM7004285_OrgcE953262.pairs.gz	E95	radial glias
OrgcE953268	/Volumes/SumSung500/CSU/0_HiRES/data/hires/GSE223917_RAW/GSM7004291_OrgcE953268.pairs.gz	E95	intermediate mesoderm
OrgcE953271	/Volumes/SumSung500/CSU/0_HiRES/data/hires/GSE223917_RAW/GSM7004294_OrgcE953271.pairs.gz	E95	mix late mesenchyme
OrgcE953272	/Volumes/SumSung500/CSU/0_HiRES/data/hires/GSE223917_RAW/GSM7004295_OrgcE953272.pairs.gz	E95	NMP
OrgcE953273	/Volumes/SumSung500/CSU/0_HiRES/data/hires/GSE223917_RAW/GSM7004296_OrgcE953273.pairs.gz	E95	mix late mesenchyme
OrgcE953274	/Volumes/SumSung500/CSU/0_HiRES/data/hires/GSE223917_RAW/GSM7004297_OrgcE953274.pairs.gz	E95	early neurons
OrgcE953276	/Volumes/SumSung500/CSU/0_HiRES/data/hires/GSE223917_RAW/GSM7004299_OrgcE953276.pairs.gz	E95	notochord
OrgcE953281	/Volumes/SumSung500/CSU/0_HiRES/data/hires/GSE223917_RAW/GSM7004304_OrgcE953281.pairs.gz	E95	blood
OrgcE953282	/Volumes/SumSung500/CSU/0_HiRES/data/hires/GSE223917_RAW/GSM7004305_OrgcE953282.pairs.gz	E95	early neurons
OrgcE953283	/Volumes/SumSung500/CSU/0_HiRES/data/hires/GSE223917_RAW/GSM7004306_OrgcE953283.pairs.gz	E95	notochord
OrgcE953284	/Volumes/SumSung500/CSU/0_HiRES/data/hires/GSE223917_RAW/GSM7004307_OrgcE953284.pairs.gz	E95	radial glias
OrgcE953286	/Volumes/SumSung500/CSU/0_HiRES/data/hires/GSE223917_RAW/GSM7004309_OrgcE953286.pairs.gz	E95	notochord
OrgcE953297	/Volumes/SumSung500/CSU/0_HiRES/data/hires/GSE223917_RAW/GSM7004320_OrgcE953297.pairs.gz	E95	radial glias
OrgcE953298	/Volumes/SumSung500/CSU/0_HiRES/data/hires/GSE223917_RAW/GSM7004321_OrgcE953298.pairs.gz	E95	radial glias
OrgcE953300	/Volumes/SumSung500/CSU/0_HiRES/data/hires/GSE223917_RAW/GSM7004323_OrgcE953300.pairs.gz	E95	early neurons
OrgcE953301	/Volumes/SumSung500/CSU/0_HiRES/data/hires/GSE223917_RAW/GSM7004324_OrgcE953301.pairs.gz	E95	intermediate mesoderm
OrgcE953302	/Volumes/SumSung500/CSU/0_HiRES/data/hires/GSE223917_RAW/GSM7004325_OrgcE953302.pairs.gz	E95	notochord
OrgcE953306	/Volumes/SumSung500/CSU/0_HiRES/data/hires/GSE223917_RAW/GSM7004329_OrgcE953306.pairs.gz	E95	radial glias
OrgcE953307	/Volumes/SumSung500/CSU/0_HiRES/data/hires/GSE223917_RAW/GSM7004330_OrgcE953307.pairs.gz	E95	intermediate mesoderm
OrgcE953308	/Volumes/SumSung500/CSU/0_HiRES/data/hires/GSE223917_RAW/GSM7004331_OrgcE953308.pairs.gz	E95	radial glias
OrgcE953310	/Volumes/SumSung500/CSU/0_HiRES/data/hires/GSE223917_RAW/GSM7004333_OrgcE953310.pairs.gz	E95	radial glias
OrgcE953311	/Volumes/SumSung500/CSU/0_HiRES/data/hires/GSE223917_RAW/GSM7004334_OrgcE953311.pairs.gz	E95	radial glias
OrgcE953312	/Volumes/SumSung500/CSU/0_HiRES/data/hires/GSE223917_RAW/GSM7004335_OrgcE953312.pairs.gz	E95	intermediate mesoderm
OrgcE953317	/Volumes/SumSung500/CSU/0_HiRES/data/hires/GSE223917_RAW/GSM7004339_OrgcE953317.pairs.gz	E95	radial glias
OrgcE953318	/Volumes/SumSung500/CSU/0_HiRES/data/hires/GSE223917_RAW/GSM7004340_OrgcE953318.pairs.gz	E95	intermediate mesoderm
OrgcE953319	/Volumes/SumSung500/CSU/0_HiRES/data/hires/GSE223917_RAW/GSM7004341_OrgcE953319.pairs.gz	E95	early mesoderm
OrgcE953322	/Volumes/SumSung500/CSU/0_HiRES/data/hires/GSE223917_RAW/GSM7004344_OrgcE953322.pairs.gz	E95	schwann cell precursors
OrgcE953324	/Volumes/SumSung500/CSU/0_HiRES/data/hires/GSE223917_RAW/GSM7004346_OrgcE953324.pairs.gz	E95	radial glias
OrgcE953326	/Volumes/SumSung500/CSU/0_HiRES/data/hires/GSE223917_RAW/GSM7004348_OrgcE953326.pairs.gz	E95	mix late mesenchyme
OrgcE953328	/Volumes/SumSung500/CSU/0_HiRES/data/hires/GSE223917_RAW/GSM7004350_OrgcE953328.pairs.gz	E95	radial glias
OrgcE953330	/Volumes/SumSung500/CSU/0_HiRES/data/hires/GSE223917_RAW/GSM7004352_OrgcE953330.pairs.gz	E95	schwann cell precursors
OrgcE953331	/Volumes/SumSung500/CSU/0_HiRES/data/hires/GSE223917_RAW/GSM7004353_OrgcE953331.pairs.gz	E95	intermediate mesoderm
OrgcE953333	/Volumes/SumSung500/CSU/0_HiRES/data/hires/GSE223917_RAW/GSM7004355_OrgcE953333.pairs.gz	E95	mix late mesenchyme
OrgcE953335	/Volumes/SumSung500/CSU/0_HiRES/data/hires/GSE223917_RAW/GSM7004357_OrgcE953335.pairs.gz	E95	blood
OrgcE953336	/Volumes/SumSung500/CSU/0_HiRES/data/hires/GSE223917_RAW/GSM7004358_OrgcE953336.pairs.gz	E95	radial glias
OrgcE953337	/Volumes/SumSung500/CSU/0_HiRES/data/hires/GSE223917_RAW/GSM7004359_OrgcE953337.pairs.gz	E95	radial glias
OrgcE953339	/Volumes/SumSung500/CSU/0_HiRES/data/hires/GSE223917_RAW/GSM7004361_OrgcE953339.pairs.gz	E95	early neurons
OrgcE953340	/Volumes/SumSung500/CSU/0_HiRES/data/hires/GSE223917_RAW/GSM7004362_OrgcE953340.pairs.gz	E95	radial glias
OrgcE953341	/Volumes/SumSung500/CSU/0_HiRES/data/hires/GSE223917_RAW/GSM7004363_OrgcE953341.pairs.gz	E95	epithelial cells
OrgcE953342	/Volumes/SumSung500/CSU/0_HiRES/data/hires/GSE223917_RAW/GSM7004364_OrgcE953342.pairs.gz	E95	early neurons
OrgcE953343	/Volumes/SumSung500/CSU/0_HiRES/data/hires/GSE223917_RAW/GSM7004365_OrgcE953343.pairs.gz	E95	intermediate mesoderm
OrgcE953346	/Volumes/SumSung500/CSU/0_HiRES/data/hires/GSE223917_RAW/GSM7004368_OrgcE953346.pairs.gz	E95	mix late mesenchyme
OrgcE953347	/Volumes/SumSung500/CSU/0_HiRES/data/hires/GSE223917_RAW/GSM7004369_OrgcE953347.pairs.gz	E95	schwann cell precursors
OrgcE953348	/Volumes/SumSung500/CSU/0_HiRES/data/hires/GSE223917_RAW/GSM7004370_OrgcE953348.pairs.gz	E95	mix late mesenchyme
OrgcE953349	/Volumes/SumSung500/CSU/0_HiRES/data/hires/GSE223917_RAW/GSM7004371_OrgcE953349.pairs.gz	E95	oligodendrocytes and progenitors
OrgcE953352	/Volumes/SumSung500/CSU/0_HiRES/data/hires/GSE223917_RAW/GSM7004374_OrgcE953352.pairs.gz	E95	intermediate mesoderm
OrgcE953353	/Volumes/SumSung500/CSU/0_HiRES/data/hires/GSE223917_RAW/GSM7004375_OrgcE953353.pairs.gz	E95	notochord
OrgcE953354	/Volumes/SumSung500/CSU/0_HiRES/data/hires/GSE223917_RAW/GSM7004376_OrgcE953354.pairs.gz	E95	early mesenchyme
OrgcE953355	/Volumes/SumSung500/CSU/0_HiRES/data/hires/GSE223917_RAW/GSM7004377_OrgcE953355.pairs.gz	E95	myocytes
OrgcE953356	/Volumes/SumSung500/CSU/0_HiRES/data/hires/GSE223917_RAW/GSM7004378_OrgcE953356.pairs.gz	E95	intermediate mesoderm
OrgcE953359	/Volumes/SumSung500/CSU/0_HiRES/data/hires/GSE223917_RAW/GSM7004381_OrgcE953359.pairs.gz	E95	mitosis
OrgcE953360	/Volumes/SumSung500/CSU/0_HiRES/data/hires/GSE223917_RAW/GSM7004382_OrgcE953360.pairs.gz	E95	oligodendrocytes and progenitors
OrgcE953362	/Volumes/SumSung500/CSU/0_HiRES/data/hires/GSE223917_RAW/GSM7004384_OrgcE953362.pairs.gz	E95	radial glias
OrgcE953363	/Volumes/SumSung500/CSU/0_HiRES/data/hires/GSE223917_RAW/GSM7004385_OrgcE953363.pairs.gz	E95	radial glias
OrgcE953364	/Volumes/SumSung500/CSU/0_HiRES/data/hires/GSE223917_RAW/GSM7004386_OrgcE953364.pairs.gz	E95	oligodendrocytes and progenitors
OrgcE953366	/Volumes/SumSung500/CSU/0_HiRES/data/hires/GSE223917_RAW/GSM7004388_OrgcE953366.pairs.gz	E95	early mesenchyme
OrgcE953367	/Volumes/SumSung500/CSU/0_HiRES/data/hires/GSE223917_RAW/GSM7004389_OrgcE953367.pairs.gz	E95	mitosis
OrgcE953368	/Volumes/SumSung500/CSU/0_HiRES/data/hires/GSE223917_RAW/GSM7004390_OrgcE953368.pairs.gz	E95	schwann cell precursors
OrgcE953370	/Volumes/SumSung500/CSU/0_HiRES/data/hires/GSE223917_RAW/GSM7004391_OrgcE953370.pairs.gz	E95	radial glias
OrgcE953374	/Volumes/SumSung500/CSU/0_HiRES/data/hires/GSE223917_RAW/GSM7004395_OrgcE953374.pairs.gz	E95	mitosis
OrgcE953375	/Volumes/SumSung500/CSU/0_HiRES/data/hires/GSE223917_RAW/GSM7004396_OrgcE953375.pairs.gz	E95	mix late mesenchyme
OrgcE953376	/Volumes/SumSung500/CSU/0_HiRES/data/hires/GSE223917_RAW/GSM7004397_OrgcE953376.pairs.gz	E95	mix late mesenchyme
OrgcE953378	/Volumes/SumSung500/CSU/0_HiRES/data/hires/GSE223917_RAW/GSM7004398_OrgcE953378.pairs.gz	E95	intermediate mesoderm
OrgcE953381	/Volumes/SumSung500/CSU/0_HiRES/data/hires/GSE223917_RAW/GSM7004401_OrgcE953381.pairs.gz	E95	intermediate mesoderm
OrgcE953383	/Volumes/SumSung500/CSU/0_HiRES/data/hires/GSE223917_RAW/GSM7004403_OrgcE953383.pairs.gz	E95	intermediate mesoderm
OrgcE953384	/Volumes/SumSung500/CSU/0_HiRES/data/hires/GSE223917_RAW/GSM7004404_OrgcE953384.pairs.gz	E95	mix late mesenchyme
OrgcEX154006	/Volumes/SumSung500/CSU/0_HiRES/data/hires/GSE223917_RAW/GSM7004410_OrgcEX154006.pairs.gz	EX15	mix late mesenchyme
OrgcEX154007	/Volumes/SumSung500/CSU/0_HiRES/data/hires/GSE223917_RAW/GSM7004411_OrgcEX154007.pairs.gz	EX15	blood
OrgcEX154010	/Volumes/SumSung500/CSU/0_HiRES/data/hires/GSE223917_RAW/GSM7004412_OrgcEX154010.pairs.gz	EX15	blood
OrgcEX154011	/Volumes/SumSung500/CSU/0_HiRES/data/hires/GSE223917_RAW/GSM7004413_OrgcEX154011.pairs.gz	EX15	mix late mesenchyme
OrgcEX154013	/Volumes/SumSung500/CSU/0_HiRES/data/hires/GSE223917_RAW/GSM7004415_OrgcEX154013.pairs.gz	EX15	radial glias
OrgcEX154015	/Volumes/SumSung500/CSU/0_HiRES/data/hires/GSE223917_RAW/GSM7004417_OrgcEX154015.pairs.gz	EX15	blood
OrgcEX154017	/Volumes/SumSung500/CSU/0_HiRES/data/hires/GSE223917_RAW/GSM7004419_OrgcEX154017.pairs.gz	EX15	intermediate mesoderm
OrgcEX154018	/Volumes/SumSung500/CSU/0_HiRES/data/hires/GSE223917_RAW/GSM7004420_OrgcEX154018.pairs.gz	EX15	mix late mesenchyme
OrgcEX154019	/Volumes/SumSung500/CSU/0_HiRES/data/hires/GSE223917_RAW/GSM7004421_OrgcEX154019.pairs.gz	EX15	mix late mesenchyme
OrgcEX154020	/Volumes/SumSung500/CSU/0_HiRES/data/hires/GSE223917_RAW/GSM7004422_OrgcEX154020.pairs.gz	EX15	early neurons
OrgcEX154021	/Volumes/SumSung500/CSU/0_HiRES/data/hires/GSE223917_RAW/GSM7004423_OrgcEX154021.pairs.gz	EX15	mitosis
OrgcEX154022	/Volumes/SumSung500/CSU/0_HiRES/data/hires/GSE223917_RAW/GSM7004424_OrgcEX154022.pairs.gz	EX15	early neurons
OrgcEX154025	/Volumes/SumSung500/CSU/0_HiRES/data/hires/GSE223917_RAW/GSM7004427_OrgcEX154025.pairs.gz	EX15	mix late mesenchyme
OrgcEX154026	/Volumes/SumSung500/CSU/0_HiRES/data/hires/GSE223917_RAW/GSM7004428_OrgcEX154026.pairs.gz	EX15	blood
OrgcEX154030	/Volumes/SumSung500/CSU/0_HiRES/data/hires/GSE223917_RAW/GSM7004432_OrgcEX154030.pairs.gz	EX15	early mesenchyme
OrgcEX154031	/Volumes/SumSung500/CSU/0_HiRES/data/hires/GSE223917_RAW/GSM7004433_OrgcEX154031.pairs.gz	EX15	blood
OrgcEX154033	/Volumes/SumSung500/CSU/0_HiRES/data/hires/GSE223917_RAW/GSM7004435_OrgcEX154033.pairs.gz	EX15	mix late mesenchyme
OrgcEX154034	/Volumes/SumSung500/CSU/0_HiRES/data/hires/GSE223917_RAW/GSM7004436_OrgcEX154034.pairs.gz	EX15	early neurons
OrgcEX154035	/Volumes/SumSung500/CSU/0_HiRES/data/hires/GSE223917_RAW/GSM7004437_OrgcEX154035.pairs.gz	EX15	blood
OrgcEX154037	/Volumes/SumSung500/CSU/0_HiRES/data/hires/GSE223917_RAW/GSM7004439_OrgcEX154037.pairs.gz	EX15	mix late mesenchyme
OrgcEX154038	/Volumes/SumSung500/CSU/0_HiRES/data/hires/GSE223917_RAW/GSM7004440_OrgcEX154038.pairs.gz	EX15	radial glias
OrgcEX154039	/Volumes/SumSung500/CSU/0_HiRES/data/hires/GSE223917_RAW/GSM7004441_OrgcEX154039.pairs.gz	EX15	mix late mesenchyme
OrgcEX154040	/Volumes/SumSung500/CSU/0_HiRES/data/hires/GSE223917_RAW/GSM7004442_OrgcEX154040.pairs.gz	EX15	mix late mesenchyme
OrgcEX154043	/Volumes/SumSung500/CSU/0_HiRES/data/hires/GSE223917_RAW/GSM7004445_OrgcEX154043.pairs.gz	EX15	blood
OrgcEX154045	/Volumes/SumSung500/CSU/0_HiRES/data/hires/GSE223917_RAW/GSM7004447_OrgcEX154045.pairs.gz	EX15	early neurons
OrgcEX154048	/Volumes/SumSung500/CSU/0_HiRES/data/hires/GSE223917_RAW/GSM7004450_OrgcEX154048.pairs.gz	EX15	early neurons
OrgcEX154050	/Volumes/SumSung500/CSU/0_HiRES/data/hires/GSE223917_RAW/GSM7004452_OrgcEX154050.pairs.gz	EX15	blood
OrgcEX154052	/Volumes/SumSung500/CSU/0_HiRES/data/hires/GSE223917_RAW/GSM7004454_OrgcEX154052.pairs.gz	EX15	radial glias
OrgcEX154054	/Volumes/SumSung500/CSU/0_HiRES/data/hires/GSE223917_RAW/GSM7004456_OrgcEX154054.pairs.gz	EX15	early neurons
OrgcEX154055	/Volumes/SumSung500/CSU/0_HiRES/data/hires/GSE223917_RAW/GSM7004457_OrgcEX154055.pairs.gz	EX15	radial glias
OrgcEX154057	/Volumes/SumSung500/CSU/0_HiRES/data/hires/GSE223917_RAW/GSM7004459_OrgcEX154057.pairs.gz	EX15	mix late mesenchyme
OrgcEX154058	/Volumes/SumSung500/CSU/0_HiRES/data/hires/GSE223917_RAW/GSM7004460_OrgcEX154058.pairs.gz	EX15	early neurons
OrgcEX154059	/Volumes/SumSung500/CSU/0_HiRES/data/hires/GSE223917_RAW/GSM7004461_OrgcEX154059.pairs.gz	EX15	early neurons
OrgcEX154060	/Volumes/SumSung500/CSU/0_HiRES/data/hires/GSE223917_RAW/GSM7004462_OrgcEX154060.pairs.gz	EX15	mix late mesenchyme
OrgcEX154061	/Volumes/SumSung500/CSU/0_HiRES/data/hires/GSE223917_RAW/GSM7004463_OrgcEX154061.pairs.gz	EX15	blood
OrgcEX154062	/Volumes/SumSung500/CSU/0_HiRES/data/hires/GSE223917_RAW/GSM7004464_OrgcEX154062.pairs.gz	EX15	early neurons
OrgcEX154063	/Volumes/SumSung500/CSU/0_HiRES/data/hires/GSE223917_RAW/GSM7004465_OrgcEX154063.pairs.gz	EX15	oligodendrocytes and progenitors
OrgcEX154064	/Volumes/SumSung500/CSU/0_HiRES/data/hires/GSE223917_RAW/GSM7004466_OrgcEX154064.pairs.gz	EX15	blood
OrgcEX154066	/Volumes/SumSung500/CSU/0_HiRES/data/hires/GSE223917_RAW/GSM7004468_OrgcEX154066.pairs.gz	EX15	mix late mesenchyme
OrgcEX154068	/Volumes/SumSung500/CSU/0_HiRES/data/hires/GSE223917_RAW/GSM7004470_OrgcEX154068.pairs.gz	EX15	mix late mesenchyme
OrgcEX154069	/Volumes/SumSung500/CSU/0_HiRES/data/hires/GSE223917_RAW/GSM7004471_OrgcEX154069.pairs.gz	EX15	early neurons
OrgcEX154070	/Volumes/SumSung500/CSU/0_HiRES/data/hires/GSE223917_RAW/GSM7004472_OrgcEX154070.pairs.gz	EX15	early neurons
OrgcEX154071	/Volumes/SumSung500/CSU/0_HiRES/data/hires/GSE223917_RAW/GSM7004473_OrgcEX154071.pairs.gz	EX15	mix late mesenchyme
OrgcEX154072	/Volumes/SumSung500/CSU/0_HiRES/data/hires/GSE223917_RAW/GSM7004474_OrgcEX154072.pairs.gz	EX15	blood
OrgcEX154075	/Volumes/SumSung500/CSU/0_HiRES/data/hires/GSE223917_RAW/GSM7004477_OrgcEX154075.pairs.gz	EX15	blood
OrgcEX154077	/Volumes/SumSung500/CSU/0_HiRES/data/hires/GSE223917_RAW/GSM7004479_OrgcEX154077.pairs.gz	EX15	mix late mesenchyme
OrgcEX154079	/Volumes/SumSung500/CSU/0_HiRES/data/hires/GSE223917_RAW/GSM7004481_OrgcEX154079.pairs.gz	EX15	early neurons
OrgcEX154081	/Volumes/SumSung500/CSU/0_HiRES/data/hires/GSE223917_RAW/GSM7004483_OrgcEX154081.pairs.gz	EX15	mix late mesenchyme
OrgcEX154086	/Volumes/SumSung500/CSU/0_HiRES/data/hires/GSE223917_RAW/GSM7004488_OrgcEX154086.pairs.gz	EX15	blood
OrgcEX154087	/Volumes/SumSung500/CSU/0_HiRES/data/hires/GSE223917_RAW/GSM7004489_OrgcEX154087.pairs.gz	EX15	radial glias
OrgcEX154088	/Volumes/SumSung500/CSU/0_HiRES/data/hires/GSE223917_RAW/GSM7004490_OrgcEX154088.pairs.gz	EX15	mix late mesenchyme
OrgcEX154090	/Volumes/SumSung500/CSU/0_HiRES/data/hires/GSE223917_RAW/GSM7004492_OrgcEX154090.pairs.gz	EX15	radial glias
OrgcEX154094	/Volumes/SumSung500/CSU/0_HiRES/data/hires/GSE223917_RAW/GSM7004496_OrgcEX154094.pairs.gz	EX15	blood
OrgcEX154096	/Volumes/SumSung500/CSU/0_HiRES/data/hires/GSE223917_RAW/GSM7004498_OrgcEX154096.pairs.gz	EX15	early neurons
OrgcEX154099	/Volumes/SumSung500/CSU/0_HiRES/data/hires/GSE223917_RAW/GSM7004501_OrgcEX154099.pairs.gz	EX15	blood
OrgcEX154101	/Volumes/SumSung500/CSU/0_HiRES/data/hires/GSE223917_RAW/GSM7004503_OrgcEX154101.pairs.gz	EX15	mix late mesenchyme
OrgcEX154105	/Volumes/SumSung500/CSU/0_HiRES/data/hires/GSE223917_RAW/GSM7004507_OrgcEX154105.pairs.gz	EX15	mix late mesenchyme
OrgcEX154109	/Volumes/SumSung500/CSU/0_HiRES/data/hires/GSE223917_RAW/GSM7004511_OrgcEX154109.pairs.gz	EX15	mix late mesenchyme
OrgcEX154110	/Volumes/SumSung500/CSU/0_HiRES/data/hires/GSE223917_RAW/GSM7004512_OrgcEX154110.pairs.gz	EX15	mix late mesenchyme
OrgcEX154114	/Volumes/SumSung500/CSU/0_HiRES/data/hires/GSE223917_RAW/GSM7004516_OrgcEX154114.pairs.gz	EX15	mix late mesenchyme
OrgcEX154116	/Volumes/SumSung500/CSU/0_HiRES/data/hires/GSE223917_RAW/GSM7004518_OrgcEX154116.pairs.gz	EX15	mix late mesenchyme
OrgcEX154117	/Volumes/SumSung500/CSU/0_HiRES/data/hires/GSE223917_RAW/GSM7004519_OrgcEX154117.pairs.gz	EX15	mix late mesenchyme
OrgcEX154118	/Volumes/SumSung500/CSU/0_HiRES/data/hires/GSE223917_RAW/GSM7004520_OrgcEX154118.pairs.gz	EX15	radial glias
OrgcEX154119	/Volumes/SumSung500/CSU/0_HiRES/data/hires/GSE223917_RAW/GSM7004521_OrgcEX154119.pairs.gz	EX15	early neurons
OrgcEX154120	/Volumes/SumSung500/CSU/0_HiRES/data/hires/GSE223917_RAW/GSM7004522_OrgcEX154120.pairs.gz	EX15	radial glias
OrgcEX154122	/Volumes/SumSung500/CSU/0_HiRES/data/hires/GSE223917_RAW/GSM7004524_OrgcEX154122.pairs.gz	EX15	intermediate mesoderm
OrgcEX154123	/Volumes/SumSung500/CSU/0_HiRES/data/hires/GSE223917_RAW/GSM7004525_OrgcEX154123.pairs.gz	EX15	early neurons
OrgcEX154124	/Volumes/SumSung500/CSU/0_HiRES/data/hires/GSE223917_RAW/GSM7004526_OrgcEX154124.pairs.gz	EX15	mitosis
OrgcEX154125	/Volumes/SumSung500/CSU/0_HiRES/data/hires/GSE223917_RAW/GSM7004527_OrgcEX154125.pairs.gz	EX15	mix late mesenchyme
OrgcEX154127	/Volumes/SumSung500/CSU/0_HiRES/data/hires/GSE223917_RAW/GSM7004529_OrgcEX154127.pairs.gz	EX15	oligodendrocytes and progenitors
OrgcEX154128	/Volumes/SumSung500/CSU/0_HiRES/data/hires/GSE223917_RAW/GSM7004530_OrgcEX154128.pairs.gz	EX15	schwann cell precursors
OrgcEX154130	/Volumes/SumSung500/CSU/0_HiRES/data/hires/GSE223917_RAW/GSM7004532_OrgcEX154130.pairs.gz	EX15	mix late mesenchyme
OrgcEX154131	/Volumes/SumSung500/CSU/0_HiRES/data/hires/GSE223917_RAW/GSM7004533_OrgcEX154131.pairs.gz	EX15	mix late mesenchyme
OrgcEX154132	/Volumes/SumSung500/CSU/0_HiRES/data/hires/GSE223917_RAW/GSM7004534_OrgcEX154132.pairs.gz	EX15	mix late mesenchyme
OrgcEX154133	/Volumes/SumSung500/CSU/0_HiRES/data/hires/GSE223917_RAW/GSM7004535_OrgcEX154133.pairs.gz	EX15	epithelial cells
OrgcEX154134	/Volumes/SumSung500/CSU/0_HiRES/data/hires/GSE223917_RAW/GSM7004536_OrgcEX154134.pairs.gz	EX15	blood
OrgcEX154138	/Volumes/SumSung500/CSU/0_HiRES/data/hires/GSE223917_RAW/GSM7004540_OrgcEX154138.pairs.gz	EX15	early neurons
OrgcEX154139	/Volumes/SumSung500/CSU/0_HiRES/data/hires/GSE223917_RAW/GSM7004541_OrgcEX154139.pairs.gz	EX15	mix late mesenchyme
OrgcEX154140	/Volumes/SumSung500/CSU/0_HiRES/data/hires/GSE223917_RAW/GSM7004542_OrgcEX154140.pairs.gz	EX15	epithelial cells
OrgcEX154142	/Volumes/SumSung500/CSU/0_HiRES/data/hires/GSE223917_RAW/GSM7004544_OrgcEX154142.pairs.gz	EX15	radial glias
OrgcEX154143	/Volumes/SumSung500/CSU/0_HiRES/data/hires/GSE223917_RAW/GSM7004545_OrgcEX154143.pairs.gz	EX15	oligodendrocytes and progenitors
OrgcEX154145	/Volumes/SumSung500/CSU/0_HiRES/data/hires/GSE223917_RAW/GSM7004547_OrgcEX154145.pairs.gz	EX15	mix late mesenchyme
OrgcEX154146	/Volumes/SumSung500/CSU/0_HiRES/data/hires/GSE223917_RAW/GSM7004548_OrgcEX154146.pairs.gz	EX15	mix late mesenchyme
OrgcEX154147	/Volumes/SumSung500/CSU/0_HiRES/data/hires/GSE223917_RAW/GSM7004549_OrgcEX154147.pairs.gz	EX15	mix late mesenchyme
OrgcEX154149	/Volumes/SumSung500/CSU/0_HiRES/data/hires/GSE223917_RAW/GSM7004551_OrgcEX154149.pairs.gz	EX15	mix late mesenchyme
OrgcEX154150	/Volumes/SumSung500/CSU/0_HiRES/data/hires/GSE223917_RAW/GSM7004552_OrgcEX154150.pairs.gz	EX15	myocytes
OrgcEX154151	/Volumes/SumSung500/CSU/0_HiRES/data/hires/GSE223917_RAW/GSM7004553_OrgcEX154151.pairs.gz	EX15	mix late mesenchyme
OrgcEX154152	/Volumes/SumSung500/CSU/0_HiRES/data/hires/GSE223917_RAW/GSM7004554_OrgcEX154152.pairs.gz	EX15	blood
OrgcEX154153	/Volumes/SumSung500/CSU/0_HiRES/data/hires/GSE223917_RAW/GSM7004555_OrgcEX154153.pairs.gz	EX15	mix late mesenchyme
OrgcEX154158	/Volumes/SumSung500/CSU/0_HiRES/data/hires/GSE223917_RAW/GSM7004559_OrgcEX154158.pairs.gz	EX15	blood
OrgcEX154159	/Volumes/SumSung500/CSU/0_HiRES/data/hires/GSE223917_RAW/GSM7004560_OrgcEX154159.pairs.gz	EX15	early neurons
OrgcEX154160	/Volumes/SumSung500/CSU/0_HiRES/data/hires/GSE223917_RAW/GSM7004561_OrgcEX154160.pairs.gz	EX15	radial glias
OrgcEX154163	/Volumes/SumSung500/CSU/0_HiRES/data/hires/GSE223917_RAW/GSM7004564_OrgcEX154163.pairs.gz	EX15	mix late mesenchyme
OrgcEX154164	/Volumes/SumSung500/CSU/0_HiRES/data/hires/GSE223917_RAW/GSM7004565_OrgcEX154164.pairs.gz	EX15	mix late mesenchyme
OrgcEX154165	/Volumes/SumSung500/CSU/0_HiRES/data/hires/GSE223917_RAW/GSM7004566_OrgcEX154165.pairs.gz	EX15	early neurons
OrgcEX154169	/Volumes/SumSung500/CSU/0_HiRES/data/hires/GSE223917_RAW/GSM7004570_OrgcEX154169.pairs.gz	EX15	intermediate mesoderm
OrgcEX154170	/Volumes/SumSung500/CSU/0_HiRES/data/hires/GSE223917_RAW/GSM7004571_OrgcEX154170.pairs.gz	EX15	mix late mesenchyme
OrgcEX154171	/Volumes/SumSung500/CSU/0_HiRES/data/hires/GSE223917_RAW/GSM7004572_OrgcEX154171.pairs.gz	EX15	blood
OrgcEX154173	/Volumes/SumSung500/CSU/0_HiRES/data/hires/GSE223917_RAW/GSM7004573_OrgcEX154173.pairs.gz	EX15	blood
OrgcEX154174	/Volumes/SumSung500/CSU/0_HiRES/data/hires/GSE223917_RAW/GSM7004574_OrgcEX154174.pairs.gz	EX15	mix late mesenchyme
OrgcEX154181	/Volumes/SumSung500/CSU/0_HiRES/data/hires/GSE223917_RAW/GSM7004581_OrgcEX154181.pairs.gz	EX15	early neurons
OrgcEX154185	/Volumes/SumSung500/CSU/0_HiRES/data/hires/GSE223917_RAW/GSM7004585_OrgcEX154185.pairs.gz	EX15	blood
OrgcEX154191	/Volumes/SumSung500/CSU/0_HiRES/data/hires/GSE223917_RAW/GSM7004591_OrgcEX154191.pairs.gz	EX15	mix late mesenchyme
OrgcEX154194	/Volumes/SumSung500/CSU/0_HiRES/data/hires/GSE223917_RAW/GSM7004594_OrgcEX154194.pairs.gz	EX15	mitosis
OrgcEX154198	/Volumes/SumSung500/CSU/0_HiRES/data/hires/GSE223917_RAW/GSM7004598_OrgcEX154198.pairs.gz	EX15	blood
OrgcEX154205	/Volumes/SumSung500/CSU/0_HiRES/data/hires/GSE223917_RAW/GSM7004604_OrgcEX154205.pairs.gz	EX15	early neurons
OrgcEX154206	/Volumes/SumSung500/CSU/0_HiRES/data/hires/GSE223917_RAW/GSM7004605_OrgcEX154206.pairs.gz	EX15	endoderm
OrgcEX154208	/Volumes/SumSung500/CSU/0_HiRES/data/hires/GSE223917_RAW/GSM7004607_OrgcEX154208.pairs.gz	EX15	radial glias
OrgcEX154211	/Volumes/SumSung500/CSU/0_HiRES/data/hires/GSE223917_RAW/GSM7004610_OrgcEX154211.pairs.gz	EX15	blood
OrgcEX154212	/Volumes/SumSung500/CSU/0_HiRES/data/hires/GSE223917_RAW/GSM7004611_OrgcEX154212.pairs.gz	EX15	mix late mesenchyme
OrgcEX154213	/Volumes/SumSung500/CSU/0_HiRES/data/hires/GSE223917_RAW/GSM7004612_OrgcEX154213.pairs.gz	EX15	early neurons
OrgcEX154214	/Volumes/SumSung500/CSU/0_HiRES/data/hires/GSE223917_RAW/GSM7004613_OrgcEX154214.pairs.gz	EX15	early neurons
OrgcEX154215	/Volumes/SumSung500/CSU/0_HiRES/data/hires/GSE223917_RAW/GSM7004614_OrgcEX154215.pairs.gz	EX15	radial glias
OrgcEX154218	/Volumes/SumSung500/CSU/0_HiRES/data/hires/GSE223917_RAW/GSM7004617_OrgcEX154218.pairs.gz	EX15	myocytes
OrgcEX154220	/Volumes/SumSung500/CSU/0_HiRES/data/hires/GSE223917_RAW/GSM7004619_OrgcEX154220.pairs.gz	EX15	schwann cell precursors
OrgcEX154221	/Volumes/SumSung500/CSU/0_HiRES/data/hires/GSE223917_RAW/GSM7004620_OrgcEX154221.pairs.gz	EX15	mitosis
OrgcEX154222	/Volumes/SumSung500/CSU/0_HiRES/data/hires/GSE223917_RAW/GSM7004621_OrgcEX154222.pairs.gz	EX15	radial glias
OrgcEX154223	/Volumes/SumSung500/CSU/0_HiRES/data/hires/GSE223917_RAW/GSM7004622_OrgcEX154223.pairs.gz	EX15	intermediate mesoderm
OrgcEX154228	/Volumes/SumSung500/CSU/0_HiRES/data/hires/GSE223917_RAW/GSM7004626_OrgcEX154228.pairs.gz	EX15	intermediate mesoderm
OrgcEX154229	/Volumes/SumSung500/CSU/0_HiRES/data/hires/GSE223917_RAW/GSM7004627_OrgcEX154229.pairs.gz	EX15	early neurons
OrgcEX154230	/Volumes/SumSung500/CSU/0_HiRES/data/hires/GSE223917_RAW/GSM7004628_OrgcEX154230.pairs.gz	EX15	early neurons
OrgcEX154231	/Volumes/SumSung500/CSU/0_HiRES/data/hires/GSE223917_RAW/GSM7004629_OrgcEX154231.pairs.gz	EX15	blood
OrgcEX154233	/Volumes/SumSung500/CSU/0_HiRES/data/hires/GSE223917_RAW/GSM7004631_OrgcEX154233.pairs.gz	EX15	mix late mesenchyme
OrgcEX154234	/Volumes/SumSung500/CSU/0_HiRES/data/hires/GSE223917_RAW/GSM7004632_OrgcEX154234.pairs.gz	EX15	early neurons
OrgcEX154235	/Volumes/SumSung500/CSU/0_HiRES/data/hires/GSE223917_RAW/GSM7004633_OrgcEX154235.pairs.gz	EX15	blood
OrgcEX154236	/Volumes/SumSung500/CSU/0_HiRES/data/hires/GSE223917_RAW/GSM7004634_OrgcEX154236.pairs.gz	EX15	blood
OrgcEX154237	/Volumes/SumSung500/CSU/0_HiRES/data/hires/GSE223917_RAW/GSM7004635_OrgcEX154237.pairs.gz	EX15	intermediate mesoderm
OrgcEX154240	/Volumes/SumSung500/CSU/0_HiRES/data/hires/GSE223917_RAW/GSM7004637_OrgcEX154240.pairs.gz	EX15	blood
OrgcEX154242	/Volumes/SumSung500/CSU/0_HiRES/data/hires/GSE223917_RAW/GSM7004638_OrgcEX154242.pairs.gz	EX15	radial glias
OrgcEX154243	/Volumes/SumSung500/CSU/0_HiRES/data/hires/GSE223917_RAW/GSM7004639_OrgcEX154243.pairs.gz	EX15	mix late mesenchyme
OrgcEX154244	/Volumes/SumSung500/CSU/0_HiRES/data/hires/GSE223917_RAW/GSM7004640_OrgcEX154244.pairs.gz	EX15	mix late mesenchyme
OrgcEX154246	/Volumes/SumSung500/CSU/0_HiRES/data/hires/GSE223917_RAW/GSM7004642_OrgcEX154246.pairs.gz	EX15	oligodendrocytes and progenitors
OrgcEX154247	/Volumes/SumSung500/CSU/0_HiRES/data/hires/GSE223917_RAW/GSM7004643_OrgcEX154247.pairs.gz	EX15	mix late mesenchyme
OrgcEX154248	/Volumes/SumSung500/CSU/0_HiRES/data/hires/GSE223917_RAW/GSM7004644_OrgcEX154248.pairs.gz	EX15	mix late mesenchyme
OrgcEX154249	/Volumes/SumSung500/CSU/0_HiRES/data/hires/GSE223917_RAW/GSM7004645_OrgcEX154249.pairs.gz	EX15	radial glias
OrgcEX154250	/Volumes/SumSung500/CSU/0_HiRES/data/hires/GSE223917_RAW/GSM7004646_OrgcEX154250.pairs.gz	EX15	radial glias
OrgcEX154251	/Volumes/SumSung500/CSU/0_HiRES/data/hires/GSE223917_RAW/GSM7004647_OrgcEX154251.pairs.gz	EX15	mix late mesenchyme
OrgcEX154252	/Volumes/SumSung500/CSU/0_HiRES/data/hires/GSE223917_RAW/GSM7004648_OrgcEX154252.pairs.gz	EX15	blood
OrgcEX154254	/Volumes/SumSung500/CSU/0_HiRES/data/hires/GSE223917_RAW/GSM7004650_OrgcEX154254.pairs.gz	EX15	myocytes
OrgcEX154255	/Volumes/SumSung500/CSU/0_HiRES/data/hires/GSE223917_RAW/GSM7004651_OrgcEX154255.pairs.gz	EX15	intermediate mesoderm
OrgcEX154256	/Volumes/SumSung500/CSU/0_HiRES/data/hires/GSE223917_RAW/GSM7004652_OrgcEX154256.pairs.gz	EX15	mix late mesenchyme
OrgcEX154258	/Volumes/SumSung500/CSU/0_HiRES/data/hires/GSE223917_RAW/GSM7004653_OrgcEX154258.pairs.gz	EX15	mix late mesenchyme
OrgcEX154259	/Volumes/SumSung500/CSU/0_HiRES/data/hires/GSE223917_RAW/GSM7004654_OrgcEX154259.pairs.gz	EX15	mix late mesenchyme
OrgcEX154260	/Volumes/SumSung500/CSU/0_HiRES/data/hires/GSE223917_RAW/GSM7004655_OrgcEX154260.pairs.gz	EX15	early neurons
OrgcEX154261	/Volumes/SumSung500/CSU/0_HiRES/data/hires/GSE223917_RAW/GSM7004656_OrgcEX154261.pairs.gz	EX15	oligodendrocytes and progenitors
OrgcEX154262	/Volumes/SumSung500/CSU/0_HiRES/data/hires/GSE223917_RAW/GSM7004657_OrgcEX154262.pairs.gz	EX15	mix late mesenchyme
OrgcEX154263	/Volumes/SumSung500/CSU/0_HiRES/data/hires/GSE223917_RAW/GSM7004658_OrgcEX154263.pairs.gz	EX15	early neurons
OrgcEX154264	/Volumes/SumSung500/CSU/0_HiRES/data/hires/GSE223917_RAW/GSM7004659_OrgcEX154264.pairs.gz	EX15	blood
OrgcEX154265	/Volumes/SumSung500/CSU/0_HiRES/data/hires/GSE223917_RAW/GSM7004660_OrgcEX154265.pairs.gz	EX15	radial glias
OrgcEX154266	/Volumes/SumSung500/CSU/0_HiRES/data/hires/GSE223917_RAW/GSM7004661_OrgcEX154266.pairs.gz	EX15	mitosis
OrgcEX154268	/Volumes/SumSung500/CSU/0_HiRES/data/hires/GSE223917_RAW/GSM7004663_OrgcEX154268.pairs.gz	EX15	radial glias
OrgcEX154269	/Volumes/SumSung500/CSU/0_HiRES/data/hires/GSE223917_RAW/GSM7004664_OrgcEX154269.pairs.gz	EX15	early neurons
OrgcEX154270	/Volumes/SumSung500/CSU/0_HiRES/data/hires/GSE223917_RAW/GSM7004665_OrgcEX154270.pairs.gz	EX15	early neurons
OrgcEX154273	/Volumes/SumSung500/CSU/0_HiRES/data/hires/GSE223917_RAW/GSM7004668_OrgcEX154273.pairs.gz	EX15	mix late mesenchyme
OrgcEX154276	/Volumes/SumSung500/CSU/0_HiRES/data/hires/GSE223917_RAW/GSM7004671_OrgcEX154276.pairs.gz	EX15	early neurons
OrgcEX154277	/Volumes/SumSung500/CSU/0_HiRES/data/hires/GSE223917_RAW/GSM7004672_OrgcEX154277.pairs.gz	EX15	early neurons
OrgcEX154279	/Volumes/SumSung500/CSU/0_HiRES/data/hires/GSE223917_RAW/GSM7004674_OrgcEX154279.pairs.gz	EX15	early neurons
OrgcEX154283	/Volumes/SumSung500/CSU/0_HiRES/data/hires/GSE223917_RAW/GSM7004678_OrgcEX154283.pairs.gz	EX15	radial glias
OrgcEX154289	/Volumes/SumSung500/CSU/0_HiRES/data/hires/GSE223917_RAW/GSM7004683_OrgcEX154289.pairs.gz	EX15	intermediate mesoderm
OrgcEX154290	/Volumes/SumSung500/CSU/0_HiRES/data/hires/GSE223917_RAW/GSM7004684_OrgcEX154290.pairs.gz	EX15	mix late mesenchyme
OrgcEX154291	/Volumes/SumSung500/CSU/0_HiRES/data/hires/GSE223917_RAW/GSM7004685_OrgcEX154291.pairs.gz	EX15	blood
OrgcEX154298	/Volumes/SumSung500/CSU/0_HiRES/data/hires/GSE223917_RAW/GSM7004692_OrgcEX154298.pairs.gz	EX15	radial glias
OrgcEX154299	/Volumes/SumSung500/CSU/0_HiRES/data/hires/GSE223917_RAW/GSM7004693_OrgcEX154299.pairs.gz	EX15	mitosis
OrgcEX154300	/Volumes/SumSung500/CSU/0_HiRES/data/hires/GSE223917_RAW/GSM7004694_OrgcEX154300.pairs.gz	EX15	blood
OrgcEX154301	/Volumes/SumSung500/CSU/0_HiRES/data/hires/GSE223917_RAW/GSM7004695_OrgcEX154301.pairs.gz	EX15	early neurons
OrgcEX154302	/Volumes/SumSung500/CSU/0_HiRES/data/hires/GSE223917_RAW/GSM7004696_OrgcEX154302.pairs.gz	EX15	blood
OrgcEX154303	/Volumes/SumSung500/CSU/0_HiRES/data/hires/GSE223917_RAW/GSM7004697_OrgcEX154303.pairs.gz	EX15	mix late mesenchyme
OrgcEX154305	/Volumes/SumSung500/CSU/0_HiRES/data/hires/GSE223917_RAW/GSM7004699_OrgcEX154305.pairs.gz	EX15	mix late mesenchyme
OrgcEX154306	/Volumes/SumSung500/CSU/0_HiRES/data/hires/GSE223917_RAW/GSM7004700_OrgcEX154306.pairs.gz	EX15	radial glias
OrgcEX154308	/Volumes/SumSung500/CSU/0_HiRES/data/hires/GSE223917_RAW/GSM7004702_OrgcEX154308.pairs.gz	EX15	radial glias
OrgcEX154309	/Volumes/SumSung500/CSU/0_HiRES/data/hires/GSE223917_RAW/GSM7004703_OrgcEX154309.pairs.gz	EX15	mix late mesenchyme
OrgcEX154310	/Volumes/SumSung500/CSU/0_HiRES/data/hires/GSE223917_RAW/GSM7004704_OrgcEX154310.pairs.gz	EX15	radial glias
OrgcEX154311	/Volumes/SumSung500/CSU/0_HiRES/data/hires/GSE223917_RAW/GSM7004705_OrgcEX154311.pairs.gz	EX15	mix late mesenchyme
OrgcEX154313	/Volumes/SumSung500/CSU/0_HiRES/data/hires/GSE223917_RAW/GSM7004707_OrgcEX154313.pairs.gz	EX15	mix late mesenchyme
OrgcEX154316	/Volumes/SumSung500/CSU/0_HiRES/data/hires/GSE223917_RAW/GSM7004710_OrgcEX154316.pairs.gz	EX15	oligodendrocytes and progenitors
OrgcEX154317	/Volumes/SumSung500/CSU/0_HiRES/data/hires/GSE223917_RAW/GSM7004711_OrgcEX154317.pairs.gz	EX15	radial glias
OrgcEX154318	/Volumes/SumSung500/CSU/0_HiRES/data/hires/GSE223917_RAW/GSM7004712_OrgcEX154318.pairs.gz	EX15	epithelial cells
OrgcEX154319	/Volumes/SumSung500/CSU/0_HiRES/data/hires/GSE223917_RAW/GSM7004713_OrgcEX154319.pairs.gz	EX15	mix late mesenchyme
OrgcEX154320	/Volumes/SumSung500/CSU/0_HiRES/data/hires/GSE223917_RAW/GSM7004714_OrgcEX154320.pairs.gz	EX15	epithelial cells
OrgcEX154322	/Volumes/SumSung500/CSU/0_HiRES/data/hires/GSE223917_RAW/GSM7004716_OrgcEX154322.pairs.gz	EX15	intermediate mesoderm
OrgcEX154324	/Volumes/SumSung500/CSU/0_HiRES/data/hires/GSE223917_RAW/GSM7004718_OrgcEX154324.pairs.gz	EX15	mix late mesenchyme
OrgcEX154325	/Volumes/SumSung500/CSU/0_HiRES/data/hires/GSE223917_RAW/GSM7004719_OrgcEX154325.pairs.gz	EX15	mix late mesenchyme
OrgcEX154327	/Volumes/SumSung500/CSU/0_HiRES/data/hires/GSE223917_RAW/GSM7004721_OrgcEX154327.pairs.gz	EX15	radial glias
OrgcEX154328	/Volumes/SumSung500/CSU/0_HiRES/data/hires/GSE223917_RAW/GSM7004722_OrgcEX154328.pairs.gz	EX15	mix late mesenchyme
OrgcEX154329	/Volumes/SumSung500/CSU/0_HiRES/data/hires/GSE223917_RAW/GSM7004723_OrgcEX154329.pairs.gz	EX15	blood
OrgcEX154330	/Volumes/SumSung500/CSU/0_HiRES/data/hires/GSE223917_RAW/GSM7004724_OrgcEX154330.pairs.gz	EX15	early neurons
OrgcEX154332	/Volumes/SumSung500/CSU/0_HiRES/data/hires/GSE223917_RAW/GSM7004726_OrgcEX154332.pairs.gz	EX15	mix late mesenchyme
OrgcEX154333	/Volumes/SumSung500/CSU/0_HiRES/data/hires/GSE223917_RAW/GSM7004727_OrgcEX154333.pairs.gz	EX15	mitosis
OrgcEX154334	/Volumes/SumSung500/CSU/0_HiRES/data/hires/GSE223917_RAW/GSM7004728_OrgcEX154334.pairs.gz	EX15	early neurons
OrgcEX154335	/Volumes/SumSung500/CSU/0_HiRES/data/hires/GSE223917_RAW/GSM7004729_OrgcEX154335.pairs.gz	EX15	early neurons
OrgcEX154339	/Volumes/SumSung500/CSU/0_HiRES/data/hires/GSE223917_RAW/GSM7004733_OrgcEX154339.pairs.gz	EX15	mix late mesenchyme
OrgcEX154340	/Volumes/SumSung500/CSU/0_HiRES/data/hires/GSE223917_RAW/GSM7004734_OrgcEX154340.pairs.gz	EX15	oligodendrocytes and progenitors
OrgcEX154341	/Volumes/SumSung500/CSU/0_HiRES/data/hires/GSE223917_RAW/GSM7004735_OrgcEX154341.pairs.gz	EX15	myocytes
OrgcEX154342	/Volumes/SumSung500/CSU/0_HiRES/data/hires/GSE223917_RAW/GSM7004736_OrgcEX154342.pairs.gz	EX15	early neurons
OrgcEX154343	/Volumes/SumSung500/CSU/0_HiRES/data/hires/GSE223917_RAW/GSM7004737_OrgcEX154343.pairs.gz	EX15	mix late mesenchyme
OrgcEX154344	/Volumes/SumSung500/CSU/0_HiRES/data/hires/GSE223917_RAW/GSM7004738_OrgcEX154344.pairs.gz	EX15	radial glias
OrgcEX154345	/Volumes/SumSung500/CSU/0_HiRES/data/hires/GSE223917_RAW/GSM7004739_OrgcEX154345.pairs.gz	EX15	blood
OrgcEX154346	/Volumes/SumSung500/CSU/0_HiRES/data/hires/GSE223917_RAW/GSM7004740_OrgcEX154346.pairs.gz	EX15	intermediate mesoderm
OrgcEX154347	/Volumes/SumSung500/CSU/0_HiRES/data/hires/GSE223917_RAW/GSM7004741_OrgcEX154347.pairs.gz	EX15	mix late mesenchyme
OrgcEX154348	/Volumes/SumSung500/CSU/0_HiRES/data/hires/GSE223917_RAW/GSM7004742_OrgcEX154348.pairs.gz	EX15	notochord
OrgcEX154349	/Volumes/SumSung500/CSU/0_HiRES/data/hires/GSE223917_RAW/GSM7004743_OrgcEX154349.pairs.gz	EX15	mitosis
OrgcEX154351	/Volumes/SumSung500/CSU/0_HiRES/data/hires/GSE223917_RAW/GSM7004745_OrgcEX154351.pairs.gz	EX15	blood
OrgcEX154352	/Volumes/SumSung500/CSU/0_HiRES/data/hires/GSE223917_RAW/GSM7004746_OrgcEX154352.pairs.gz	EX15	early neurons
OrgcEX154354	/Volumes/SumSung500/CSU/0_HiRES/data/hires/GSE223917_RAW/GSM7004748_OrgcEX154354.pairs.gz	EX15	mix late mesenchyme
OrgcEX154355	/Volumes/SumSung500/CSU/0_HiRES/data/hires/GSE223917_RAW/GSM7004749_OrgcEX154355.pairs.gz	EX15	intermediate mesoderm
OrgcEX154357	/Volumes/SumSung500/CSU/0_HiRES/data/hires/GSE223917_RAW/GSM7004751_OrgcEX154357.pairs.gz	EX15	early neurons
OrgcEX154358	/Volumes/SumSung500/CSU/0_HiRES/data/hires/GSE223917_RAW/GSM7004752_OrgcEX154358.pairs.gz	EX15	blood
OrgcEX154359	/Volumes/SumSung500/CSU/0_HiRES/data/hires/GSE223917_RAW/GSM7004753_OrgcEX154359.pairs.gz	EX15	mix late mesenchyme
OrgcEX154360	/Volumes/SumSung500/CSU/0_HiRES/data/hires/GSE223917_RAW/GSM7004754_OrgcEX154360.pairs.gz	EX15	early neurons
OrgcEX154362	/Volumes/SumSung500/CSU/0_HiRES/data/hires/GSE223917_RAW/GSM7004756_OrgcEX154362.pairs.gz	EX15	mix late mesenchyme
OrgcEX154363	/Volumes/SumSung500/CSU/0_HiRES/data/hires/GSE223917_RAW/GSM7004757_OrgcEX154363.pairs.gz	EX15	radial glias
OrgcEX154365	/Volumes/SumSung500/CSU/0_HiRES/data/hires/GSE223917_RAW/GSM7004759_OrgcEX154365.pairs.gz	EX15	radial glias
OrgcEX154366	/Volumes/SumSung500/CSU/0_HiRES/data/hires/GSE223917_RAW/GSM7004760_OrgcEX154366.pairs.gz	EX15	mix late mesenchyme
OrgcEX154369	/Volumes/SumSung500/CSU/0_HiRES/data/hires/GSE223917_RAW/GSM7004763_OrgcEX154369.pairs.gz	EX15	epithelial cells
OrgcEX154371	/Volumes/SumSung500/CSU/0_HiRES/data/hires/GSE223917_RAW/GSM7004765_OrgcEX154371.pairs.gz	EX15	endoderm
OrgcEX154374	/Volumes/SumSung500/CSU/0_HiRES/data/hires/GSE223917_RAW/GSM7004768_OrgcEX154374.pairs.gz	EX15	radial glias
OrgcEX154378	/Volumes/SumSung500/CSU/0_HiRES/data/hires/GSE223917_RAW/GSM7004772_OrgcEX154378.pairs.gz	EX15	blood
OrgcEX154379	/Volumes/SumSung500/CSU/0_HiRES/data/hires/GSE223917_RAW/GSM7004773_OrgcEX154379.pairs.gz	EX15	mix late mesenchyme
OrgcEX154384	/Volumes/SumSung500/CSU/0_HiRES/data/hires/GSE223917_RAW/GSM7004778_OrgcEX154384.pairs.gz	EX15	early neurons
OrgdEX052001	/Volumes/SumSung500/CSU/0_HiRES/data/hires/GSE223917_RAW/GSM7004779_OrgdEX052001.pairs.gz	EX05	mix late mesenchyme
OrgdEX052002	/Volumes/SumSung500/CSU/0_HiRES/data/hires/GSE223917_RAW/GSM7004780_OrgdEX052002.pairs.gz	EX05	mix late mesenchyme
OrgdEX052003	/Volumes/SumSung500/CSU/0_HiRES/data/hires/GSE223917_RAW/GSM7004781_OrgdEX052003.pairs.gz	EX05	myocytes
OrgdEX052004	/Volumes/SumSung500/CSU/0_HiRES/data/hires/GSE223917_RAW/GSM7004782_OrgdEX052004.pairs.gz	EX05	radial glias
OrgdEX052005	/Volumes/SumSung500/CSU/0_HiRES/data/hires/GSE223917_RAW/GSM7004783_OrgdEX052005.pairs.gz	EX05	radial glias
OrgdEX052006	/Volumes/SumSung500/CSU/0_HiRES/data/hires/GSE223917_RAW/GSM7004784_OrgdEX052006.pairs.gz	EX05	mix late mesenchyme
OrgdEX052007	/Volumes/SumSung500/CSU/0_HiRES/data/hires/GSE223917_RAW/GSM7004785_OrgdEX052007.pairs.gz	EX05	mix late mesenchyme
OrgdEX052008	/Volumes/SumSung500/CSU/0_HiRES/data/hires/GSE223917_RAW/GSM7004786_OrgdEX052008.pairs.gz	EX05	radial glias
OrgdEX052009	/Volumes/SumSung500/CSU/0_HiRES/data/hires/GSE223917_RAW/GSM7004787_OrgdEX052009.pairs.gz	EX05	radial glias
OrgdEX052010	/Volumes/SumSung500/CSU/0_HiRES/data/hires/GSE223917_RAW/GSM7004788_OrgdEX052010.pairs.gz	EX05	mix late mesenchyme
OrgdEX052011	/Volumes/SumSung500/CSU/0_HiRES/data/hires/GSE223917_RAW/GSM7004789_OrgdEX052011.pairs.gz	EX05	radial glias
OrgdEX052012	/Volumes/SumSung500/CSU/0_HiRES/data/hires/GSE223917_RAW/GSM7004790_OrgdEX052012.pairs.gz	EX05	mitosis
OrgdEX052013	/Volumes/SumSung500/CSU/0_HiRES/data/hires/GSE223917_RAW/GSM7004791_OrgdEX052013.pairs.gz	EX05	oligodendrocytes and progenitors
OrgdEX052014	/Volumes/SumSung500/CSU/0_HiRES/data/hires/GSE223917_RAW/GSM7004792_OrgdEX052014.pairs.gz	EX05	mix late mesenchyme
OrgdEX052015	/Volumes/SumSung500/CSU/0_HiRES/data/hires/GSE223917_RAW/GSM7004793_OrgdEX052015.pairs.gz	EX05	myocytes
OrgdEX052017	/Volumes/SumSung500/CSU/0_HiRES/data/hires/GSE223917_RAW/GSM7004794_OrgdEX052017.pairs.gz	EX05	mix late mesenchyme
OrgdEX052018	/Volumes/SumSung500/CSU/0_HiRES/data/hires/GSE223917_RAW/GSM7004795_OrgdEX052018.pairs.gz	EX05	oligodendrocytes and progenitors
OrgdEX052019	/Volumes/SumSung500/CSU/0_HiRES/data/hires/GSE223917_RAW/GSM7004796_OrgdEX052019.pairs.gz	EX05	mix late mesenchyme
OrgdEX052020	/Volumes/SumSung500/CSU/0_HiRES/data/hires/GSE223917_RAW/GSM7004797_OrgdEX052020.pairs.gz	EX05	mix late mesenchyme
OrgdEX052021	/Volumes/SumSung500/CSU/0_HiRES/data/hires/GSE223917_RAW/GSM7004798_OrgdEX052021.pairs.gz	EX05	radial glias
OrgdEX052022	/Volumes/SumSung500/CSU/0_HiRES/data/hires/GSE223917_RAW/GSM7004799_OrgdEX052022.pairs.gz	EX05	mix late mesenchyme
OrgdEX052024	/Volumes/SumSung500/CSU/0_HiRES/data/hires/GSE223917_RAW/GSM7004801_OrgdEX052024.pairs.gz	EX05	mix late mesenchyme
OrgdEX052025	/Volumes/SumSung500/CSU/0_HiRES/data/hires/GSE223917_RAW/GSM7004802_OrgdEX052025.pairs.gz	EX05	radial glias
OrgdEX052026	/Volumes/SumSung500/CSU/0_HiRES/data/hires/GSE223917_RAW/GSM7004803_OrgdEX052026.pairs.gz	EX05	radial glias
OrgdEX052027	/Volumes/SumSung500/CSU/0_HiRES/data/hires/GSE223917_RAW/GSM7004804_OrgdEX052027.pairs.gz	EX05	myocytes
OrgdEX052028	/Volumes/SumSung500/CSU/0_HiRES/data/hires/GSE223917_RAW/GSM7004805_OrgdEX052028.pairs.gz	EX05	mix late mesenchyme
OrgdEX052029	/Volumes/SumSung500/CSU/0_HiRES/data/hires/GSE223917_RAW/GSM7004806_OrgdEX052029.pairs.gz	EX05	early neurons
OrgdEX052030	/Volumes/SumSung500/CSU/0_HiRES/data/hires/GSE223917_RAW/GSM7004807_OrgdEX052030.pairs.gz	EX05	early neurons
OrgdEX052031	/Volumes/SumSung500/CSU/0_HiRES/data/hires/GSE223917_RAW/GSM7004808_OrgdEX052031.pairs.gz	EX05	radial glias
OrgdEX052032	/Volumes/SumSung500/CSU/0_HiRES/data/hires/GSE223917_RAW/GSM7004809_OrgdEX052032.pairs.gz	EX05	radial glias
OrgdEX052033	/Volumes/SumSung500/CSU/0_HiRES/data/hires/GSE223917_RAW/GSM7004810_OrgdEX052033.pairs.gz	EX05	mix late mesenchyme
OrgdEX052034	/Volumes/SumSung500/CSU/0_HiRES/data/hires/GSE223917_RAW/GSM7004811_OrgdEX052034.pairs.gz	EX05	mitosis
OrgdEX052035	/Volumes/SumSung500/CSU/0_HiRES/data/hires/GSE223917_RAW/GSM7004812_OrgdEX052035.pairs.gz	EX05	radial glias
OrgdEX052037	/Volumes/SumSung500/CSU/0_HiRES/data/hires/GSE223917_RAW/GSM7004813_OrgdEX052037.pairs.gz	EX05	mix late mesenchyme
OrgdEX052038	/Volumes/SumSung500/CSU/0_HiRES/data/hires/GSE223917_RAW/GSM7004814_OrgdEX052038.pairs.gz	EX05	mitosis
OrgdEX052039	/Volumes/SumSung500/CSU/0_HiRES/data/hires/GSE223917_RAW/GSM7004815_OrgdEX052039.pairs.gz	EX05	intermediate mesoderm
OrgdEX052040	/Volumes/SumSung500/CSU/0_HiRES/data/hires/GSE223917_RAW/GSM7004816_OrgdEX052040.pairs.gz	EX05	mix late mesenchyme
OrgdEX052041	/Volumes/SumSung500/CSU/0_HiRES/data/hires/GSE223917_RAW/GSM7004817_OrgdEX052041.pairs.gz	EX05	mitosis
OrgdEX052042	/Volumes/SumSung500/CSU/0_HiRES/data/hires/GSE223917_RAW/GSM7004818_OrgdEX052042.pairs.gz	EX05	mix late mesenchyme
OrgdEX052043	/Volumes/SumSung500/CSU/0_HiRES/data/hires/GSE223917_RAW/GSM7004819_OrgdEX052043.pairs.gz	EX05	mix late mesenchyme
OrgdEX052044	/Volumes/SumSung500/CSU/0_HiRES/data/hires/GSE223917_RAW/GSM7004820_OrgdEX052044.pairs.gz	EX05	early neurons
OrgdEX052045	/Volumes/SumSung500/CSU/0_HiRES/data/hires/GSE223917_RAW/GSM7004821_OrgdEX052045.pairs.gz	EX05	early neurons
OrgdEX052046	/Volumes/SumSung500/CSU/0_HiRES/data/hires/GSE223917_RAW/GSM7004822_OrgdEX052046.pairs.gz	EX05	early neurons
OrgdEX052048	/Volumes/SumSung500/CSU/0_HiRES/data/hires/GSE223917_RAW/GSM7004824_OrgdEX052048.pairs.gz	EX05	notochord
OrgdEX052049	/Volumes/SumSung500/CSU/0_HiRES/data/hires/GSE223917_RAW/GSM7004825_OrgdEX052049.pairs.gz	EX05	mix late mesenchyme
OrgdEX052051	/Volumes/SumSung500/CSU/0_HiRES/data/hires/GSE223917_RAW/GSM7004827_OrgdEX052051.pairs.gz	EX05	epithelial cells
OrgdEX052052	/Volumes/SumSung500/CSU/0_HiRES/data/hires/GSE223917_RAW/GSM7004828_OrgdEX052052.pairs.gz	EX05	mix late mesenchyme
OrgdEX052053	/Volumes/SumSung500/CSU/0_HiRES/data/hires/GSE223917_RAW/GSM7004829_OrgdEX052053.pairs.gz	EX05	radial glias
OrgdEX052054	/Volumes/SumSung500/CSU/0_HiRES/data/hires/GSE223917_RAW/GSM7004830_OrgdEX052054.pairs.gz	EX05	radial glias
OrgdEX052055	/Volumes/SumSung500/CSU/0_HiRES/data/hires/GSE223917_RAW/GSM7004831_OrgdEX052055.pairs.gz	EX05	blood
OrgdEX052056	/Volumes/SumSung500/CSU/0_HiRES/data/hires/GSE223917_RAW/GSM7004832_OrgdEX052056.pairs.gz	EX05	radial glias
OrgdEX052057	/Volumes/SumSung500/CSU/0_HiRES/data/hires/GSE223917_RAW/GSM7004833_OrgdEX052057.pairs.gz	EX05	radial glias
OrgdEX052058	/Volumes/SumSung500/CSU/0_HiRES/data/hires/GSE223917_RAW/GSM7004834_OrgdEX052058.pairs.gz	EX05	oligodendrocytes and progenitors
OrgdEX052059	/Volumes/SumSung500/CSU/0_HiRES/data/hires/GSE223917_RAW/GSM7004835_OrgdEX052059.pairs.gz	EX05	notochord
OrgdEX052060	/Volumes/SumSung500/CSU/0_HiRES/data/hires/GSE223917_RAW/GSM7004836_OrgdEX052060.pairs.gz	EX05	mix late mesenchyme
OrgdEX052061	/Volumes/SumSung500/CSU/0_HiRES/data/hires/GSE223917_RAW/GSM7004837_OrgdEX052061.pairs.gz	EX05	mix late mesenchyme
OrgdEX052062	/Volumes/SumSung500/CSU/0_HiRES/data/hires/GSE223917_RAW/GSM7004838_OrgdEX052062.pairs.gz	EX05	oligodendrocytes and progenitors
OrgdEX052063	/Volumes/SumSung500/CSU/0_HiRES/data/hires/GSE223917_RAW/GSM7004839_OrgdEX052063.pairs.gz	EX05	radial glias
OrgdEX052064	/Volumes/SumSung500/CSU/0_HiRES/data/hires/GSE223917_RAW/GSM7004840_OrgdEX052064.pairs.gz	EX05	endoderm
OrgdEX052066	/Volumes/SumSung500/CSU/0_HiRES/data/hires/GSE223917_RAW/GSM7004842_OrgdEX052066.pairs.gz	EX05	early mesenchyme
OrgdEX052067	/Volumes/SumSung500/CSU/0_HiRES/data/hires/GSE223917_RAW/GSM7004843_OrgdEX052067.pairs.gz	EX05	radial glias
OrgdEX052068	/Volumes/SumSung500/CSU/0_HiRES/data/hires/GSE223917_RAW/GSM7004844_OrgdEX052068.pairs.gz	EX05	early neurons
OrgdEX052069	/Volumes/SumSung500/CSU/0_HiRES/data/hires/GSE223917_RAW/GSM7004845_OrgdEX052069.pairs.gz	EX05	oligodendrocytes and progenitors
OrgdEX052070	/Volumes/SumSung500/CSU/0_HiRES/data/hires/GSE223917_RAW/GSM7004846_OrgdEX052070.pairs.gz	EX05	mix late mesenchyme
OrgdEX052071	/Volumes/SumSung500/CSU/0_HiRES/data/hires/GSE223917_RAW/GSM7004847_OrgdEX052071.pairs.gz	EX05	radial glias
OrgdEX052072	/Volumes/SumSung500/CSU/0_HiRES/data/hires/GSE223917_RAW/GSM7004848_OrgdEX052072.pairs.gz	EX05	radial glias
OrgdEX052073	/Volumes/SumSung500/CSU/0_HiRES/data/hires/GSE223917_RAW/GSM7004849_OrgdEX052073.pairs.gz	EX05	myocytes
OrgdEX052074	/Volumes/SumSung500/CSU/0_HiRES/data/hires/GSE223917_RAW/GSM7004850_OrgdEX052074.pairs.gz	EX05	radial glias
OrgdEX052075	/Volumes/SumSung500/CSU/0_HiRES/data/hires/GSE223917_RAW/GSM7004851_OrgdEX052075.pairs.gz	EX05	mix late mesenchyme
OrgdEX052076	/Volumes/SumSung500/CSU/0_HiRES/data/hires/GSE223917_RAW/GSM7004852_OrgdEX052076.pairs.gz	EX05	mitosis
OrgdEX052077	/Volumes/SumSung500/CSU/0_HiRES/data/hires/GSE223917_RAW/GSM7004853_OrgdEX052077.pairs.gz	EX05	intermediate mesoderm
OrgdEX052078	/Volumes/SumSung500/CSU/0_HiRES/data/hires/GSE223917_RAW/GSM7004854_OrgdEX052078.pairs.gz	EX05	mix late mesenchyme
OrgdEX052079	/Volumes/SumSung500/CSU/0_HiRES/data/hires/GSE223917_RAW/GSM7004855_OrgdEX052079.pairs.gz	EX05	schwann cell precursors
OrgdEX052080	/Volumes/SumSung500/CSU/0_HiRES/data/hires/GSE223917_RAW/GSM7004856_OrgdEX052080.pairs.gz	EX05	early neurons
OrgdEX052081	/Volumes/SumSung500/CSU/0_HiRES/data/hires/GSE223917_RAW/GSM7004857_OrgdEX052081.pairs.gz	EX05	epithelial cells
OrgdEX052082	/Volumes/SumSung500/CSU/0_HiRES/data/hires/GSE223917_RAW/GSM7004858_OrgdEX052082.pairs.gz	EX05	mix late mesenchyme
OrgdEX052083	/Volumes/SumSung500/CSU/0_HiRES/data/hires/GSE223917_RAW/GSM7004859_OrgdEX052083.pairs.gz	EX05	early neurons
OrgdEX052084	/Volumes/SumSung500/CSU/0_HiRES/data/hires/GSE223917_RAW/GSM7004860_OrgdEX052084.pairs.gz	EX05	mix late mesenchyme
OrgdEX052085	/Volumes/SumSung500/CSU/0_HiRES/data/hires/GSE223917_RAW/GSM7004861_OrgdEX052085.pairs.gz	EX05	mix late mesenchyme
OrgdEX052086	/Volumes/SumSung500/CSU/0_HiRES/data/hires/GSE223917_RAW/GSM7004862_OrgdEX052086.pairs.gz	EX05	oligodendrocytes and progenitors
OrgdEX052087	/Volumes/SumSung500/CSU/0_HiRES/data/hires/GSE223917_RAW/GSM7004863_OrgdEX052087.pairs.gz	EX05	early mesenchyme
OrgdEX052088	/Volumes/SumSung500/CSU/0_HiRES/data/hires/GSE223917_RAW/GSM7004864_OrgdEX052088.pairs.gz	EX05	early neurons
OrgdEX052089	/Volumes/SumSung500/CSU/0_HiRES/data/hires/GSE223917_RAW/GSM7004865_OrgdEX052089.pairs.gz	EX05	mix late mesenchyme
OrgdEX052090	/Volumes/SumSung500/CSU/0_HiRES/data/hires/GSE223917_RAW/GSM7004866_OrgdEX052090.pairs.gz	EX05	epithelial cells
OrgdEX052091	/Volumes/SumSung500/CSU/0_HiRES/data/hires/GSE223917_RAW/GSM7004867_OrgdEX052091.pairs.gz	EX05	early neurons
OrgdEX052092	/Volumes/SumSung500/CSU/0_HiRES/data/hires/GSE223917_RAW/GSM7004868_OrgdEX052092.pairs.gz	EX05	early neurons
OrgdEX052093	/Volumes/SumSung500/CSU/0_HiRES/data/hires/GSE223917_RAW/GSM7004869_OrgdEX052093.pairs.gz	EX05	blood
OrgdEX052094	/Volumes/SumSung500/CSU/0_HiRES/data/hires/GSE223917_RAW/GSM7004870_OrgdEX052094.pairs.gz	EX05	early neurons
OrgdEX052095	/Volumes/SumSung500/CSU/0_HiRES/data/hires/GSE223917_RAW/GSM7004871_OrgdEX052095.pairs.gz	EX05	blood
OrgdEX052097	/Volumes/SumSung500/CSU/0_HiRES/data/hires/GSE223917_RAW/GSM7004873_OrgdEX052097.pairs.gz	EX05	blood
OrgdEX052098	/Volumes/SumSung500/CSU/0_HiRES/data/hires/GSE223917_RAW/GSM7004874_OrgdEX052098.pairs.gz	EX05	intermediate mesoderm
OrgdEX052099	/Volumes/SumSung500/CSU/0_HiRES/data/hires/GSE223917_RAW/GSM7004875_OrgdEX052099.pairs.gz	EX05	early neurons
OrgdEX052100	/Volumes/SumSung500/CSU/0_HiRES/data/hires/GSE223917_RAW/GSM7004876_OrgdEX052100.pairs.gz	EX05	early neurons
OrgdEX052101	/Volumes/SumSung500/CSU/0_HiRES/data/hires/GSE223917_RAW/GSM7004877_OrgdEX052101.pairs.gz	EX05	early neurons
OrgdEX052102	/Volumes/SumSung500/CSU/0_HiRES/data/hires/GSE223917_RAW/GSM7004878_OrgdEX052102.pairs.gz	EX05	intermediate mesoderm
OrgdEX052103	/Volumes/SumSung500/CSU/0_HiRES/data/hires/GSE223917_RAW/GSM7004879_OrgdEX052103.pairs.gz	EX05	oligodendrocytes and progenitors
OrgdEX052104	/Volumes/SumSung500/CSU/0_HiRES/data/hires/GSE223917_RAW/GSM7004880_OrgdEX052104.pairs.gz	EX05	mix late mesenchyme
OrgdEX052105	/Volumes/SumSung500/CSU/0_HiRES/data/hires/GSE223917_RAW/GSM7004881_OrgdEX052105.pairs.gz	EX05	myocytes
OrgdEX052106	/Volumes/SumSung500/CSU/0_HiRES/data/hires/GSE223917_RAW/GSM7004882_OrgdEX052106.pairs.gz	EX05	intermediate mesoderm
OrgdEX052107	/Volumes/SumSung500/CSU/0_HiRES/data/hires/GSE223917_RAW/GSM7004883_OrgdEX052107.pairs.gz	EX05	radial glias
OrgdEX052108	/Volumes/SumSung500/CSU/0_HiRES/data/hires/GSE223917_RAW/GSM7004884_OrgdEX052108.pairs.gz	EX05	early neurons
OrgdEX052109	/Volumes/SumSung500/CSU/0_HiRES/data/hires/GSE223917_RAW/GSM7004885_OrgdEX052109.pairs.gz	EX05	mix late mesenchyme
OrgdEX052111	/Volumes/SumSung500/CSU/0_HiRES/data/hires/GSE223917_RAW/GSM7004887_OrgdEX052111.pairs.gz	EX05	mix late mesenchyme
OrgdEX052112	/Volumes/SumSung500/CSU/0_HiRES/data/hires/GSE223917_RAW/GSM7004888_OrgdEX052112.pairs.gz	EX05	radial glias
OrgdEX052113	/Volumes/SumSung500/CSU/0_HiRES/data/hires/GSE223917_RAW/GSM7004889_OrgdEX052113.pairs.gz	EX05	mix late mesenchyme
OrgdEX052114	/Volumes/SumSung500/CSU/0_HiRES/data/hires/GSE223917_RAW/GSM7004890_OrgdEX052114.pairs.gz	EX05	mix late mesenchyme
OrgdEX052115	/Volumes/SumSung500/CSU/0_HiRES/data/hires/GSE223917_RAW/GSM7004891_OrgdEX052115.pairs.gz	EX05	oligodendrocytes and progenitors
OrgdEX052116	/Volumes/SumSung500/CSU/0_HiRES/data/hires/GSE223917_RAW/GSM7004892_OrgdEX052116.pairs.gz	EX05	blood
OrgdEX052117	/Volumes/SumSung500/CSU/0_HiRES/data/hires/GSE223917_RAW/GSM7004893_OrgdEX052117.pairs.gz	EX05	radial glias
OrgdEX052118	/Volumes/SumSung500/CSU/0_HiRES/data/hires/GSE223917_RAW/GSM7004894_OrgdEX052118.pairs.gz	EX05	mix late mesenchyme
OrgdEX052119	/Volumes/SumSung500/CSU/0_HiRES/data/hires/GSE223917_RAW/GSM7004895_OrgdEX052119.pairs.gz	EX05	oligodendrocytes and progenitors
OrgdEX052120	/Volumes/SumSung500/CSU/0_HiRES/data/hires/GSE223917_RAW/GSM7004896_OrgdEX052120.pairs.gz	EX05	early neurons
OrgdEX052121	/Volumes/SumSung500/CSU/0_HiRES/data/hires/GSE223917_RAW/GSM7004897_OrgdEX052121.pairs.gz	EX05	notochord
OrgdEX052122	/Volumes/SumSung500/CSU/0_HiRES/data/hires/GSE223917_RAW/GSM7004898_OrgdEX052122.pairs.gz	EX05	early neurons
OrgdEX052123	/Volumes/SumSung500/CSU/0_HiRES/data/hires/GSE223917_RAW/GSM7004899_OrgdEX052123.pairs.gz	EX05	mix late mesenchyme
OrgdEX052126	/Volumes/SumSung500/CSU/0_HiRES/data/hires/GSE223917_RAW/GSM7004901_OrgdEX052126.pairs.gz	EX05	radial glias
OrgdEX052127	/Volumes/SumSung500/CSU/0_HiRES/data/hires/GSE223917_RAW/GSM7004902_OrgdEX052127.pairs.gz	EX05	mitosis
OrgdEX052128	/Volumes/SumSung500/CSU/0_HiRES/data/hires/GSE223917_RAW/GSM7004903_OrgdEX052128.pairs.gz	EX05	mix late mesenchyme
OrgdEX052129	/Volumes/SumSung500/CSU/0_HiRES/data/hires/GSE223917_RAW/GSM7004904_OrgdEX052129.pairs.gz	EX05	mitosis
OrgdEX052130	/Volumes/SumSung500/CSU/0_HiRES/data/hires/GSE223917_RAW/GSM7004905_OrgdEX052130.pairs.gz	EX05	mix late mesenchyme
OrgdEX052131	/Volumes/SumSung500/CSU/0_HiRES/data/hires/GSE223917_RAW/GSM7004906_OrgdEX052131.pairs.gz	EX05	radial glias
OrgdEX052132	/Volumes/SumSung500/CSU/0_HiRES/data/hires/GSE223917_RAW/GSM7004907_OrgdEX052132.pairs.gz	EX05	radial glias
OrgdEX052133	/Volumes/SumSung500/CSU/0_HiRES/data/hires/GSE223917_RAW/GSM7004908_OrgdEX052133.pairs.gz	EX05	radial glias
OrgdEX052134	/Volumes/SumSung500/CSU/0_HiRES/data/hires/GSE223917_RAW/GSM7004909_OrgdEX052134.pairs.gz	EX05	radial glias
OrgdEX052136	/Volumes/SumSung500/CSU/0_HiRES/data/hires/GSE223917_RAW/GSM7004910_OrgdEX052136.pairs.gz	EX05	mix late mesenchyme
OrgdEX052137	/Volumes/SumSung500/CSU/0_HiRES/data/hires/GSE223917_RAW/GSM7004911_OrgdEX052137.pairs.gz	EX05	early neurons
OrgdEX052138	/Volumes/SumSung500/CSU/0_HiRES/data/hires/GSE223917_RAW/GSM7004912_OrgdEX052138.pairs.gz	EX05	radial glias
OrgdEX052139	/Volumes/SumSung500/CSU/0_HiRES/data/hires/GSE223917_RAW/GSM7004913_OrgdEX052139.pairs.gz	EX05	mix late mesenchyme
OrgdEX052140	/Volumes/SumSung500/CSU/0_HiRES/data/hires/GSE223917_RAW/GSM7004914_OrgdEX052140.pairs.gz	EX05	epithelial cells
OrgdEX052141	/Volumes/SumSung500/CSU/0_HiRES/data/hires/GSE223917_RAW/GSM7004915_OrgdEX052141.pairs.gz	EX05	early neurons
OrgdEX052142	/Volumes/SumSung500/CSU/0_HiRES/data/hires/GSE223917_RAW/GSM7004916_OrgdEX052142.pairs.gz	EX05	oligodendrocytes and progenitors
OrgdEX052143	/Volumes/SumSung500/CSU/0_HiRES/data/hires/GSE223917_RAW/GSM7004917_OrgdEX052143.pairs.gz	EX05	early neurons
OrgdEX052144	/Volumes/SumSung500/CSU/0_HiRES/data/hires/GSE223917_RAW/GSM7004918_OrgdEX052144.pairs.gz	EX05	radial glias
OrgdEX052145	/Volumes/SumSung500/CSU/0_HiRES/data/hires/GSE223917_RAW/GSM7004919_OrgdEX052145.pairs.gz	EX05	mix late mesenchyme
OrgdEX052146	/Volumes/SumSung500/CSU/0_HiRES/data/hires/GSE223917_RAW/GSM7004920_OrgdEX052146.pairs.gz	EX05	radial glias
OrgdEX052147	/Volumes/SumSung500/CSU/0_HiRES/data/hires/GSE223917_RAW/GSM7004921_OrgdEX052147.pairs.gz	EX05	radial glias
OrgdEX052148	/Volumes/SumSung500/CSU/0_HiRES/data/hires/GSE223917_RAW/GSM7004922_OrgdEX052148.pairs.gz	EX05	notochord
OrgdEX052149	/Volumes/SumSung500/CSU/0_HiRES/data/hires/GSE223917_RAW/GSM7004923_OrgdEX052149.pairs.gz	EX05	mitosis
OrgdEX052150	/Volumes/SumSung500/CSU/0_HiRES/data/hires/GSE223917_RAW/GSM7004924_OrgdEX052150.pairs.gz	EX05	intermediate mesoderm
OrgdEX052151	/Volumes/SumSung500/CSU/0_HiRES/data/hires/GSE223917_RAW/GSM7004925_OrgdEX052151.pairs.gz	EX05	mitosis
OrgdEX052152	/Volumes/SumSung500/CSU/0_HiRES/data/hires/GSE223917_RAW/GSM7004926_OrgdEX052152.pairs.gz	EX05	mix late mesenchyme
OrgdEX052153	/Volumes/SumSung500/CSU/0_HiRES/data/hires/GSE223917_RAW/GSM7004927_OrgdEX052153.pairs.gz	EX05	mix late mesenchyme
OrgdEX052154	/Volumes/SumSung500/CSU/0_HiRES/data/hires/GSE223917_RAW/GSM7004928_OrgdEX052154.pairs.gz	EX05	intermediate mesoderm
OrgdEX052156	/Volumes/SumSung500/CSU/0_HiRES/data/hires/GSE223917_RAW/GSM7004929_OrgdEX052156.pairs.gz	EX05	early neurons
OrgdEX052158	/Volumes/SumSung500/CSU/0_HiRES/data/hires/GSE223917_RAW/GSM7004931_OrgdEX052158.pairs.gz	EX05	mix late mesenchyme
OrgdEX052159	/Volumes/SumSung500/CSU/0_HiRES/data/hires/GSE223917_RAW/GSM7004932_OrgdEX052159.pairs.gz	EX05	mix late mesenchyme
OrgdEX052161	/Volumes/SumSung500/CSU/0_HiRES/data/hires/GSE223917_RAW/GSM7004934_OrgdEX052161.pairs.gz	EX05	intermediate mesoderm
OrgdEX052162	/Volumes/SumSung500/CSU/0_HiRES/data/hires/GSE223917_RAW/GSM7004935_OrgdEX052162.pairs.gz	EX05	mix late mesenchyme
OrgdEX052163	/Volumes/SumSung500/CSU/0_HiRES/data/hires/GSE223917_RAW/GSM7004936_OrgdEX052163.pairs.gz	EX05	blood
OrgdEX052164	/Volumes/SumSung500/CSU/0_HiRES/data/hires/GSE223917_RAW/GSM7004937_OrgdEX052164.pairs.gz	EX05	early neurons
OrgdEX052165	/Volumes/SumSung500/CSU/0_HiRES/data/hires/GSE223917_RAW/GSM7004938_OrgdEX052165.pairs.gz	EX05	early neurons
OrgdEX052166	/Volumes/SumSung500/CSU/0_HiRES/data/hires/GSE223917_RAW/GSM7004939_OrgdEX052166.pairs.gz	EX05	mix late mesenchyme
OrgdEX052167	/Volumes/SumSung500/CSU/0_HiRES/data/hires/GSE223917_RAW/GSM7004940_OrgdEX052167.pairs.gz	EX05	mix late mesenchyme
OrgdEX052168	/Volumes/SumSung500/CSU/0_HiRES/data/hires/GSE223917_RAW/GSM7004941_OrgdEX052168.pairs.gz	EX05	radial glias
OrgdEX052169	/Volumes/SumSung500/CSU/0_HiRES/data/hires/GSE223917_RAW/GSM7004942_OrgdEX052169.pairs.gz	EX05	oligodendrocytes and progenitors
OrgdEX052170	/Volumes/SumSung500/CSU/0_HiRES/data/hires/GSE223917_RAW/GSM7004943_OrgdEX052170.pairs.gz	EX05	schwann cell precursors
OrgdEX052171	/Volumes/SumSung500/CSU/0_HiRES/data/hires/GSE223917_RAW/GSM7004944_OrgdEX052171.pairs.gz	EX05	mix late mesenchyme
OrgdEX052172	/Volumes/SumSung500/CSU/0_HiRES/data/hires/GSE223917_RAW/GSM7004945_OrgdEX052172.pairs.gz	EX05	mitosis
OrgdEX052174	/Volumes/SumSung500/CSU/0_HiRES/data/hires/GSE223917_RAW/GSM7004947_OrgdEX052174.pairs.gz	EX05	mix late mesenchyme
OrgdEX052175	/Volumes/SumSung500/CSU/0_HiRES/data/hires/GSE223917_RAW/GSM7004948_OrgdEX052175.pairs.gz	EX05	oligodendrocytes and progenitors
OrgdEX052176	/Volumes/SumSung500/CSU/0_HiRES/data/hires/GSE223917_RAW/GSM7004949_OrgdEX052176.pairs.gz	EX05	mix late mesenchyme
OrgdEX052178	/Volumes/SumSung500/CSU/0_HiRES/data/hires/GSE223917_RAW/GSM7004951_OrgdEX052178.pairs.gz	EX05	endoderm
OrgdEX052179	/Volumes/SumSung500/CSU/0_HiRES/data/hires/GSE223917_RAW/GSM7004952_OrgdEX052179.pairs.gz	EX05	mix late mesenchyme
OrgdEX052181	/Volumes/SumSung500/CSU/0_HiRES/data/hires/GSE223917_RAW/GSM7004954_OrgdEX052181.pairs.gz	EX05	blood
OrgdEX052182	/Volumes/SumSung500/CSU/0_HiRES/data/hires/GSE223917_RAW/GSM7004955_OrgdEX052182.pairs.gz	EX05	mitosis
OrgdEX052183	/Volumes/SumSung500/CSU/0_HiRES/data/hires/GSE223917_RAW/GSM7004956_OrgdEX052183.pairs.gz	EX05	radial glias
OrgdEX052185	/Volumes/SumSung500/CSU/0_HiRES/data/hires/GSE223917_RAW/GSM7004958_OrgdEX052185.pairs.gz	EX05	radial glias
OrgdEX052186	/Volumes/SumSung500/CSU/0_HiRES/data/hires/GSE223917_RAW/GSM7004959_OrgdEX052186.pairs.gz	EX05	radial glias
OrgdEX052187	/Volumes/SumSung500/CSU/0_HiRES/data/hires/GSE223917_RAW/GSM7004960_OrgdEX052187.pairs.gz	EX05	blood
OrgdEX052188	/Volumes/SumSung500/CSU/0_HiRES/data/hires/GSE223917_RAW/GSM7004961_OrgdEX052188.pairs.gz	EX05	mix late mesenchyme
OrgdEX052190	/Volumes/SumSung500/CSU/0_HiRES/data/hires/GSE223917_RAW/GSM7004963_OrgdEX052190.pairs.gz	EX05	notochord
OrgdEX052191	/Volumes/SumSung500/CSU/0_HiRES/data/hires/GSE223917_RAW/GSM7004964_OrgdEX052191.pairs.gz	EX05	radial glias
OrgdEX052192	/Volumes/SumSung500/CSU/0_HiRES/data/hires/GSE223917_RAW/GSM7004965_OrgdEX052192.pairs.gz	EX05	mix late mesenchyme
OrgdEX052193	/Volumes/SumSung500/CSU/0_HiRES/data/hires/GSE223917_RAW/GSM7004966_OrgdEX052193.pairs.gz	EX05	radial glias
OrgdEX052194	/Volumes/SumSung500/CSU/0_HiRES/data/hires/GSE223917_RAW/GSM7004967_OrgdEX052194.pairs.gz	EX05	mix late mesenchyme
OrgdEX052195	/Volumes/SumSung500/CSU/0_HiRES/data/hires/GSE223917_RAW/GSM7004968_OrgdEX052195.pairs.gz	EX05	mix late mesenchyme
OrgdEX052196	/Volumes/SumSung500/CSU/0_HiRES/data/hires/GSE223917_RAW/GSM7004969_OrgdEX052196.pairs.gz	EX05	myocytes
OrgdEX052197	/Volumes/SumSung500/CSU/0_HiRES/data/hires/GSE223917_RAW/GSM7004970_OrgdEX052197.pairs.gz	EX05	mix late mesenchyme
OrgdEX052198	/Volumes/SumSung500/CSU/0_HiRES/data/hires/GSE223917_RAW/GSM7004971_OrgdEX052198.pairs.gz	EX05	early neurons
OrgdEX052199	/Volumes/SumSung500/CSU/0_HiRES/data/hires/GSE223917_RAW/GSM7004972_OrgdEX052199.pairs.gz	EX05	early neurons
OrgdEX052200	/Volumes/SumSung500/CSU/0_HiRES/data/hires/GSE223917_RAW/GSM7004973_OrgdEX052200.pairs.gz	EX05	mitosis
OrgdEX052201	/Volumes/SumSung500/CSU/0_HiRES/data/hires/GSE223917_RAW/GSM7004974_OrgdEX052201.pairs.gz	EX05	radial glias
OrgdEX052202	/Volumes/SumSung500/CSU/0_HiRES/data/hires/GSE223917_RAW/GSM7004975_OrgdEX052202.pairs.gz	EX05	mix late mesenchyme
OrgdEX052203	/Volumes/SumSung500/CSU/0_HiRES/data/hires/GSE223917_RAW/GSM7004976_OrgdEX052203.pairs.gz	EX05	mitosis
OrgdEX052204	/Volumes/SumSung500/CSU/0_HiRES/data/hires/GSE223917_RAW/GSM7004977_OrgdEX052204.pairs.gz	EX05	mix late mesenchyme
OrgdEX052205	/Volumes/SumSung500/CSU/0_HiRES/data/hires/GSE223917_RAW/GSM7004978_OrgdEX052205.pairs.gz	EX05	mix late mesenchyme
OrgdEX052206	/Volumes/SumSung500/CSU/0_HiRES/data/hires/GSE223917_RAW/GSM7004979_OrgdEX052206.pairs.gz	EX05	radial glias
OrgdEX052207	/Volumes/SumSung500/CSU/0_HiRES/data/hires/GSE223917_RAW/GSM7004980_OrgdEX052207.pairs.gz	EX05	early neurons
OrgdEX052208	/Volumes/SumSung500/CSU/0_HiRES/data/hires/GSE223917_RAW/GSM7004981_OrgdEX052208.pairs.gz	EX05	oligodendrocytes and progenitors
OrgdEX052209	/Volumes/SumSung500/CSU/0_HiRES/data/hires/GSE223917_RAW/GSM7004982_OrgdEX052209.pairs.gz	EX05	mix late mesenchyme
OrgdEX052210	/Volumes/SumSung500/CSU/0_HiRES/data/hires/GSE223917_RAW/GSM7004983_OrgdEX052210.pairs.gz	EX05	mix late mesenchyme
OrgdEX052211	/Volumes/SumSung500/CSU/0_HiRES/data/hires/GSE223917_RAW/GSM7004984_OrgdEX052211.pairs.gz	EX05	blood
OrgdEX052212	/Volumes/SumSung500/CSU/0_HiRES/data/hires/GSE223917_RAW/GSM7004985_OrgdEX052212.pairs.gz	EX05	radial glias
OrgdEX052213	/Volumes/SumSung500/CSU/0_HiRES/data/hires/GSE223917_RAW/GSM7004986_OrgdEX052213.pairs.gz	EX05	epithelial cells
OrgdEX052214	/Volumes/SumSung500/CSU/0_HiRES/data/hires/GSE223917_RAW/GSM7004987_OrgdEX052214.pairs.gz	EX05	mix late mesenchyme
OrgdEX052215	/Volumes/SumSung500/CSU/0_HiRES/data/hires/GSE223917_RAW/GSM7004988_OrgdEX052215.pairs.gz	EX05	mitosis
OrgdEX052216	/Volumes/SumSung500/CSU/0_HiRES/data/hires/GSE223917_RAW/GSM7004989_OrgdEX052216.pairs.gz	EX05	notochord
OrgdEX052217	/Volumes/SumSung500/CSU/0_HiRES/data/hires/GSE223917_RAW/GSM7004990_OrgdEX052217.pairs.gz	EX05	early neurons
OrgdEX052218	/Volumes/SumSung500/CSU/0_HiRES/data/hires/GSE223917_RAW/GSM7004991_OrgdEX052218.pairs.gz	EX05	mix late mesenchyme
OrgdEX052219	/Volumes/SumSung500/CSU/0_HiRES/data/hires/GSE223917_RAW/GSM7004992_OrgdEX052219.pairs.gz	EX05	blood
OrgdEX052220	/Volumes/SumSung500/CSU/0_HiRES/data/hires/GSE223917_RAW/GSM7004993_OrgdEX052220.pairs.gz	EX05	blood
OrgdEX052221	/Volumes/SumSung500/CSU/0_HiRES/data/hires/GSE223917_RAW/GSM7004994_OrgdEX052221.pairs.gz	EX05	intermediate mesoderm
OrgdEX052222	/Volumes/SumSung500/CSU/0_HiRES/data/hires/GSE223917_RAW/GSM7004995_OrgdEX052222.pairs.gz	EX05	early neurons
OrgdEX052223	/Volumes/SumSung500/CSU/0_HiRES/data/hires/GSE223917_RAW/GSM7004996_OrgdEX052223.pairs.gz	EX05	early neurons
OrgdEX052225	/Volumes/SumSung500/CSU/0_HiRES/data/hires/GSE223917_RAW/GSM7004997_OrgdEX052225.pairs.gz	EX05	intermediate mesoderm
OrgdEX052226	/Volumes/SumSung500/CSU/0_HiRES/data/hires/GSE223917_RAW/GSM7004998_OrgdEX052226.pairs.gz	EX05	radial glias
OrgdEX052227	/Volumes/SumSung500/CSU/0_HiRES/data/hires/GSE223917_RAW/GSM7004999_OrgdEX052227.pairs.gz	EX05	mix late mesenchyme
OrgdEX052228	/Volumes/SumSung500/CSU/0_HiRES/data/hires/GSE223917_RAW/GSM7005000_OrgdEX052228.pairs.gz	EX05	early neurons
OrgdEX052229	/Volumes/SumSung500/CSU/0_HiRES/data/hires/GSE223917_RAW/GSM7005001_OrgdEX052229.pairs.gz	EX05	mix late mesenchyme
OrgdEX052230	/Volumes/SumSung500/CSU/0_HiRES/data/hires/GSE223917_RAW/GSM7005002_OrgdEX052230.pairs.gz	EX05	radial glias
OrgdEX052231	/Volumes/SumSung500/CSU/0_HiRES/data/hires/GSE223917_RAW/GSM7005003_OrgdEX052231.pairs.gz	EX05	mix late mesenchyme
OrgdEX052232	/Volumes/SumSung500/CSU/0_HiRES/data/hires/GSE223917_RAW/GSM7005004_OrgdEX052232.pairs.gz	EX05	intermediate mesoderm
OrgdEX052233	/Volumes/SumSung500/CSU/0_HiRES/data/hires/GSE223917_RAW/GSM7005005_OrgdEX052233.pairs.gz	EX05	oligodendrocytes and progenitors
OrgdEX052234	/Volumes/SumSung500/CSU/0_HiRES/data/hires/GSE223917_RAW/GSM7005006_OrgdEX052234.pairs.gz	EX05	early neurons
OrgdEX052235	/Volumes/SumSung500/CSU/0_HiRES/data/hires/GSE223917_RAW/GSM7005007_OrgdEX052235.pairs.gz	EX05	mix late mesenchyme
OrgdEX052236	/Volumes/SumSung500/CSU/0_HiRES/data/hires/GSE223917_RAW/GSM7005008_OrgdEX052236.pairs.gz	EX05	early neurons
OrgdEX052237	/Volumes/SumSung500/CSU/0_HiRES/data/hires/GSE223917_RAW/GSM7005009_OrgdEX052237.pairs.gz	EX05	radial glias
OrgdEX052238	/Volumes/SumSung500/CSU/0_HiRES/data/hires/GSE223917_RAW/GSM7005010_OrgdEX052238.pairs.gz	EX05	mix late mesenchyme
OrgdEX052239	/Volumes/SumSung500/CSU/0_HiRES/data/hires/GSE223917_RAW/GSM7005011_OrgdEX052239.pairs.gz	EX05	mix late mesenchyme
OrgdEX052240	/Volumes/SumSung500/CSU/0_HiRES/data/hires/GSE223917_RAW/GSM7005012_OrgdEX052240.pairs.gz	EX05	mix late mesenchyme
OrgdEX052242	/Volumes/SumSung500/CSU/0_HiRES/data/hires/GSE223917_RAW/GSM7005013_OrgdEX052242.pairs.gz	EX05	radial glias
OrgdEX052243	/Volumes/SumSung500/CSU/0_HiRES/data/hires/GSE223917_RAW/GSM7005014_OrgdEX052243.pairs.gz	EX05	mix late mesenchyme
OrgdEX052244	/Volumes/SumSung500/CSU/0_HiRES/data/hires/GSE223917_RAW/GSM7005015_OrgdEX052244.pairs.gz	EX05	myocytes
OrgdEX052245	/Volumes/SumSung500/CSU/0_HiRES/data/hires/GSE223917_RAW/GSM7005016_OrgdEX052245.pairs.gz	EX05	radial glias
OrgdEX052246	/Volumes/SumSung500/CSU/0_HiRES/data/hires/GSE223917_RAW/GSM7005017_OrgdEX052246.pairs.gz	EX05	radial glias
OrgdEX052247	/Volumes/SumSung500/CSU/0_HiRES/data/hires/GSE223917_RAW/GSM7005018_OrgdEX052247.pairs.gz	EX05	intermediate mesoderm
OrgdEX052248	/Volumes/SumSung500/CSU/0_HiRES/data/hires/GSE223917_RAW/GSM7005019_OrgdEX052248.pairs.gz	EX05	radial glias
OrgdEX052249	/Volumes/SumSung500/CSU/0_HiRES/data/hires/GSE223917_RAW/GSM7005020_OrgdEX052249.pairs.gz	EX05	early neurons
OrgdEX052250	/Volumes/SumSung500/CSU/0_HiRES/data/hires/GSE223917_RAW/GSM7005021_OrgdEX052250.pairs.gz	EX05	radial glias
OrgdEX052251	/Volumes/SumSung500/CSU/0_HiRES/data/hires/GSE223917_RAW/GSM7005022_OrgdEX052251.pairs.gz	EX05	early neurons
OrgdEX052252	/Volumes/SumSung500/CSU/0_HiRES/data/hires/GSE223917_RAW/GSM7005023_OrgdEX052252.pairs.gz	EX05	mix late mesenchyme
OrgdEX052253	/Volumes/SumSung500/CSU/0_HiRES/data/hires/GSE223917_RAW/GSM7005024_OrgdEX052253.pairs.gz	EX05	oligodendrocytes and progenitors
OrgdEX052254	/Volumes/SumSung500/CSU/0_HiRES/data/hires/GSE223917_RAW/GSM7005025_OrgdEX052254.pairs.gz	EX05	mix late mesenchyme
OrgdEX052255	/Volumes/SumSung500/CSU/0_HiRES/data/hires/GSE223917_RAW/GSM7005026_OrgdEX052255.pairs.gz	EX05	mix late mesenchyme
OrgdEX052256	/Volumes/SumSung500/CSU/0_HiRES/data/hires/GSE223917_RAW/GSM7005027_OrgdEX052256.pairs.gz	EX05	radial glias
OrgdEX052258	/Volumes/SumSung500/CSU/0_HiRES/data/hires/GSE223917_RAW/GSM7005028_OrgdEX052258.pairs.gz	EX05	mix late mesenchyme
OrgdEX052259	/Volumes/SumSung500/CSU/0_HiRES/data/hires/GSE223917_RAW/GSM7005029_OrgdEX052259.pairs.gz	EX05	radial glias
OrgdEX052260	/Volumes/SumSung500/CSU/0_HiRES/data/hires/GSE223917_RAW/GSM7005030_OrgdEX052260.pairs.gz	EX05	radial glias
OrgdEX052261	/Volumes/SumSung500/CSU/0_HiRES/data/hires/GSE223917_RAW/GSM7005031_OrgdEX052261.pairs.gz	EX05	radial glias
OrgdEX052262	/Volumes/SumSung500/CSU/0_HiRES/data/hires/GSE223917_RAW/GSM7005032_OrgdEX052262.pairs.gz	EX05	mix late mesenchyme
OrgdEX052263	/Volumes/SumSung500/CSU/0_HiRES/data/hires/GSE223917_RAW/GSM7005033_OrgdEX052263.pairs.gz	EX05	mix late mesenchyme
OrgdEX052264	/Volumes/SumSung500/CSU/0_HiRES/data/hires/GSE223917_RAW/GSM7005034_OrgdEX052264.pairs.gz	EX05	radial glias
OrgdEX052265	/Volumes/SumSung500/CSU/0_HiRES/data/hires/GSE223917_RAW/GSM7005035_OrgdEX052265.pairs.gz	EX05	oligodendrocytes and progenitors
OrgdEX052266	/Volumes/SumSung500/CSU/0_HiRES/data/hires/GSE223917_RAW/GSM7005036_OrgdEX052266.pairs.gz	EX05	radial glias
OrgdEX052267	/Volumes/SumSung500/CSU/0_HiRES/data/hires/GSE223917_RAW/GSM7005037_OrgdEX052267.pairs.gz	EX05	myocytes
OrgdEX052268	/Volumes/SumSung500/CSU/0_HiRES/data/hires/GSE223917_RAW/GSM7005038_OrgdEX052268.pairs.gz	EX05	early neurons
OrgdEX052269	/Volumes/SumSung500/CSU/0_HiRES/data/hires/GSE223917_RAW/GSM7005039_OrgdEX052269.pairs.gz	EX05	mix late mesenchyme
OrgdEX052270	/Volumes/SumSung500/CSU/0_HiRES/data/hires/GSE223917_RAW/GSM7005040_OrgdEX052270.pairs.gz	EX05	epithelial cells
OrgdEX052271	/Volumes/SumSung500/CSU/0_HiRES/data/hires/GSE223917_RAW/GSM7005041_OrgdEX052271.pairs.gz	EX05	early neurons
OrgdEX052274	/Volumes/SumSung500/CSU/0_HiRES/data/hires/GSE223917_RAW/GSM7005043_OrgdEX052274.pairs.gz	EX05	radial glias
OrgdEX052275	/Volumes/SumSung500/CSU/0_HiRES/data/hires/GSE223917_RAW/GSM7005044_OrgdEX052275.pairs.gz	EX05	mix late mesenchyme
OrgdEX052276	/Volumes/SumSung500/CSU/0_HiRES/data/hires/GSE223917_RAW/GSM7005045_OrgdEX052276.pairs.gz	EX05	notochord
OrgdEX052277	/Volumes/SumSung500/CSU/0_HiRES/data/hires/GSE223917_RAW/GSM7005046_OrgdEX052277.pairs.gz	EX05	radial glias
OrgdEX052278	/Volumes/SumSung500/CSU/0_HiRES/data/hires/GSE223917_RAW/GSM7005047_OrgdEX052278.pairs.gz	EX05	early neurons
OrgdEX052279	/Volumes/SumSung500/CSU/0_HiRES/data/hires/GSE223917_RAW/GSM7005048_OrgdEX052279.pairs.gz	EX05	mix late mesenchyme
OrgdEX052280	/Volumes/SumSung500/CSU/0_HiRES/data/hires/GSE223917_RAW/GSM7005049_OrgdEX052280.pairs.gz	EX05	mix late mesenchyme
OrgdEX052281	/Volumes/SumSung500/CSU/0_HiRES/data/hires/GSE223917_RAW/GSM7005050_OrgdEX052281.pairs.gz	EX05	early neurons
OrgdEX052282	/Volumes/SumSung500/CSU/0_HiRES/data/hires/GSE223917_RAW/GSM7005051_OrgdEX052282.pairs.gz	EX05	early neurons
OrgdEX052283	/Volumes/SumSung500/CSU/0_HiRES/data/hires/GSE223917_RAW/GSM7005052_OrgdEX052283.pairs.gz	EX05	mix late mesenchyme
OrgdEX052284	/Volumes/SumSung500/CSU/0_HiRES/data/hires/GSE223917_RAW/GSM7005053_OrgdEX052284.pairs.gz	EX05	mix late mesenchyme
OrgdEX052285	/Volumes/SumSung500/CSU/0_HiRES/data/hires/GSE223917_RAW/GSM7005054_OrgdEX052285.pairs.gz	EX05	intermediate mesoderm
OrgdEX052287	/Volumes/SumSung500/CSU/0_HiRES/data/hires/GSE223917_RAW/GSM7005055_OrgdEX052287.pairs.gz	EX05	intermediate mesoderm
OrgdEX052288	/Volumes/SumSung500/CSU/0_HiRES/data/hires/GSE223917_RAW/GSM7005056_OrgdEX052288.pairs.gz	EX05	radial glias
OrgdEX052289	/Volumes/SumSung500/CSU/0_HiRES/data/hires/GSE223917_RAW/GSM7005057_OrgdEX052289.pairs.gz	EX05	blood
OrgdEX052290	/Volumes/SumSung500/CSU/0_HiRES/data/hires/GSE223917_RAW/GSM7005058_OrgdEX052290.pairs.gz	EX05	mix late mesenchyme
OrgdEX052291	/Volumes/SumSung500/CSU/0_HiRES/data/hires/GSE223917_RAW/GSM7005059_OrgdEX052291.pairs.gz	EX05	radial glias
OrgdEX052292	/Volumes/SumSung500/CSU/0_HiRES/data/hires/GSE223917_RAW/GSM7005060_OrgdEX052292.pairs.gz	EX05	radial glias
OrgdEX052293	/Volumes/SumSung500/CSU/0_HiRES/data/hires/GSE223917_RAW/GSM7005061_OrgdEX052293.pairs.gz	EX05	myocytes
OrgdEX052294	/Volumes/SumSung500/CSU/0_HiRES/data/hires/GSE223917_RAW/GSM7005062_OrgdEX052294.pairs.gz	EX05	radial glias
OrgdEX052295	/Volumes/SumSung500/CSU/0_HiRES/data/hires/GSE223917_RAW/GSM7005063_OrgdEX052295.pairs.gz	EX05	mix late mesenchyme
OrgdEX052296	/Volumes/SumSung500/CSU/0_HiRES/data/hires/GSE223917_RAW/GSM7005064_OrgdEX052296.pairs.gz	EX05	oligodendrocytes and progenitors
OrgdEX052297	/Volumes/SumSung500/CSU/0_HiRES/data/hires/GSE223917_RAW/GSM7005065_OrgdEX052297.pairs.gz	EX05	radial glias
OrgdEX052298	/Volumes/SumSung500/CSU/0_HiRES/data/hires/GSE223917_RAW/GSM7005066_OrgdEX052298.pairs.gz	EX05	radial glias
OrgdEX052299	/Volumes/SumSung500/CSU/0_HiRES/data/hires/GSE223917_RAW/GSM7005067_OrgdEX052299.pairs.gz	EX05	early neurons
OrgdEX052300	/Volumes/SumSung500/CSU/0_HiRES/data/hires/GSE223917_RAW/GSM7005068_OrgdEX052300.pairs.gz	EX05	mitosis
OrgdEX052301	/Volumes/SumSung500/CSU/0_HiRES/data/hires/GSE223917_RAW/GSM7005069_OrgdEX052301.pairs.gz	EX05	mitosis
OrgdEX052302	/Volumes/SumSung500/CSU/0_HiRES/data/hires/GSE223917_RAW/GSM7005070_OrgdEX052302.pairs.gz	EX05	mix late mesenchyme
OrgdEX052303	/Volumes/SumSung500/CSU/0_HiRES/data/hires/GSE223917_RAW/GSM7005073_OrgdEX052303.pairs.gz	EX05	oligodendrocytes and progenitors
OrgdEX052304	/Volumes/SumSung500/CSU/0_HiRES/data/hires/GSE223917_RAW/GSM7005077_OrgdEX052304.pairs.gz	EX05	radial glias
OrgdEX052305	/Volumes/SumSung500/CSU/0_HiRES/data/hires/GSE223917_RAW/GSM7005079_OrgdEX052305.pairs.gz	EX05	radial glias
OrgdEX052306	/Volumes/SumSung500/CSU/0_HiRES/data/hires/GSE223917_RAW/GSM7005080_OrgdEX052306.pairs.gz	EX05	mix late mesenchyme
OrgdEX052307	/Volumes/SumSung500/CSU/0_HiRES/data/hires/GSE223917_RAW/GSM7005081_OrgdEX052307.pairs.gz	EX05	early neurons
OrgdEX052308	/Volumes/SumSung500/CSU/0_HiRES/data/hires/GSE223917_RAW/GSM7005082_OrgdEX052308.pairs.gz	EX05	radial glias
OrgdEX052309	/Volumes/SumSung500/CSU/0_HiRES/data/hires/GSE223917_RAW/GSM7005083_OrgdEX052309.pairs.gz	EX05	early neurons
OrgdEX052310	/Volumes/SumSung500/CSU/0_HiRES/data/hires/GSE223917_RAW/GSM7005084_OrgdEX052310.pairs.gz	EX05	early neurons
OrgdEX052311	/Volumes/SumSung500/CSU/0_HiRES/data/hires/GSE223917_RAW/GSM7005085_OrgdEX052311.pairs.gz	EX05	oligodendrocytes and progenitors
OrgdEX052312	/Volumes/SumSung500/CSU/0_HiRES/data/hires/GSE223917_RAW/GSM7005086_OrgdEX052312.pairs.gz	EX05	mitosis
OrgdEX052313	/Volumes/SumSung500/CSU/0_HiRES/data/hires/GSE223917_RAW/GSM7005087_OrgdEX052313.pairs.gz	EX05	mitosis
OrgdEX052315	/Volumes/SumSung500/CSU/0_HiRES/data/hires/GSE223917_RAW/GSM7005088_OrgdEX052315.pairs.gz	EX05	radial glias
OrgdEX052316	/Volumes/SumSung500/CSU/0_HiRES/data/hires/GSE223917_RAW/GSM7005089_OrgdEX052316.pairs.gz	EX05	mitosis
OrgdEX052317	/Volumes/SumSung500/CSU/0_HiRES/data/hires/GSE223917_RAW/GSM7005090_OrgdEX052317.pairs.gz	EX05	radial glias
OrgdEX052318	/Volumes/SumSung500/CSU/0_HiRES/data/hires/GSE223917_RAW/GSM7005091_OrgdEX052318.pairs.gz	EX05	mix late mesenchyme
OrgdEX052319	/Volumes/SumSung500/CSU/0_HiRES/data/hires/GSE223917_RAW/GSM7005092_OrgdEX052319.pairs.gz	EX05	mitosis
OrgdEX052320	/Volumes/SumSung500/CSU/0_HiRES/data/hires/GSE223917_RAW/GSM7005093_OrgdEX052320.pairs.gz	EX05	early neurons
OrgdEX052321	/Volumes/SumSung500/CSU/0_HiRES/data/hires/GSE223917_RAW/GSM7005094_OrgdEX052321.pairs.gz	EX05	mitosis
OrgdEX052322	/Volumes/SumSung500/CSU/0_HiRES/data/hires/GSE223917_RAW/GSM7005095_OrgdEX052322.pairs.gz	EX05	schwann cell precursors
OrgdEX052323	/Volumes/SumSung500/CSU/0_HiRES/data/hires/GSE223917_RAW/GSM7005096_OrgdEX052323.pairs.gz	EX05	radial glias
OrgdEX052324	/Volumes/SumSung500/CSU/0_HiRES/data/hires/GSE223917_RAW/GSM7005097_OrgdEX052324.pairs.gz	EX05	mix late mesenchyme
OrgdEX052325	/Volumes/SumSung500/CSU/0_HiRES/data/hires/GSE223917_RAW/GSM7005098_OrgdEX052325.pairs.gz	EX05	notochord
OrgdEX052326	/Volumes/SumSung500/CSU/0_HiRES/data/hires/GSE223917_RAW/GSM7005099_OrgdEX052326.pairs.gz	EX05	mix late mesenchyme
OrgdEX052327	/Volumes/SumSung500/CSU/0_HiRES/data/hires/GSE223917_RAW/GSM7005100_OrgdEX052327.pairs.gz	EX05	mix late mesenchyme
OrgdEX052328	/Volumes/SumSung500/CSU/0_HiRES/data/hires/GSE223917_RAW/GSM7005101_OrgdEX052328.pairs.gz	EX05	mix late mesenchyme
OrgdEX052329	/Volumes/SumSung500/CSU/0_HiRES/data/hires/GSE223917_RAW/GSM7005102_OrgdEX052329.pairs.gz	EX05	mix late mesenchyme
OrgdEX052330	/Volumes/SumSung500/CSU/0_HiRES/data/hires/GSE223917_RAW/GSM7005103_OrgdEX052330.pairs.gz	EX05	epithelial cells
OrgdEX052331	/Volumes/SumSung500/CSU/0_HiRES/data/hires/GSE223917_RAW/GSM7005104_OrgdEX052331.pairs.gz	EX05	mix late mesenchyme
OrgdEX052332	/Volumes/SumSung500/CSU/0_HiRES/data/hires/GSE223917_RAW/GSM7005105_OrgdEX052332.pairs.gz	EX05	oligodendrocytes and progenitors
OrgdEX052333	/Volumes/SumSung500/CSU/0_HiRES/data/hires/GSE223917_RAW/GSM7005106_OrgdEX052333.pairs.gz	EX05	epithelial cells
OrgdEX052334	/Volumes/SumSung500/CSU/0_HiRES/data/hires/GSE223917_RAW/GSM7005107_OrgdEX052334.pairs.gz	EX05	mitosis
OrgdEX052335	/Volumes/SumSung500/CSU/0_HiRES/data/hires/GSE223917_RAW/GSM7005108_OrgdEX052335.pairs.gz	EX05	early neurons
OrgdEX052336	/Volumes/SumSung500/CSU/0_HiRES/data/hires/GSE223917_RAW/GSM7005109_OrgdEX052336.pairs.gz	EX05	mitosis
OrgdEX052337	/Volumes/SumSung500/CSU/0_HiRES/data/hires/GSE223917_RAW/GSM7005110_OrgdEX052337.pairs.gz	EX05	mix late mesenchyme
OrgdEX052338	/Volumes/SumSung500/CSU/0_HiRES/data/hires/GSE223917_RAW/GSM7005111_OrgdEX052338.pairs.gz	EX05	radial glias
OrgdEX052339	/Volumes/SumSung500/CSU/0_HiRES/data/hires/GSE223917_RAW/GSM7005112_OrgdEX052339.pairs.gz	EX05	mix late mesenchyme
OrgdEX052340	/Volumes/SumSung500/CSU/0_HiRES/data/hires/GSE223917_RAW/GSM7005113_OrgdEX052340.pairs.gz	EX05	myocytes
OrgdEX052341	/Volumes/SumSung500/CSU/0_HiRES/data/hires/GSE223917_RAW/GSM7005114_OrgdEX052341.pairs.gz	EX05	epithelial cells
OrgdEX052342	/Volumes/SumSung500/CSU/0_HiRES/data/hires/GSE223917_RAW/GSM7005115_OrgdEX052342.pairs.gz	EX05	radial glias
OrgdEX052344	/Volumes/SumSung500/CSU/0_HiRES/data/hires/GSE223917_RAW/GSM7005117_OrgdEX052344.pairs.gz	EX05	mix late mesenchyme
OrgdEX052345	/Volumes/SumSung500/CSU/0_HiRES/data/hires/GSE223917_RAW/GSM7005118_OrgdEX052345.pairs.gz	EX05	mix late mesenchyme
OrgdEX052346	/Volumes/SumSung500/CSU/0_HiRES/data/hires/GSE223917_RAW/GSM7005119_OrgdEX052346.pairs.gz	EX05	mitosis
OrgdEX052347	/Volumes/SumSung500/CSU/0_HiRES/data/hires/GSE223917_RAW/GSM7005120_OrgdEX052347.pairs.gz	EX05	mix late mesenchyme
OrgdEX052348	/Volumes/SumSung500/CSU/0_HiRES/data/hires/GSE223917_RAW/GSM7005121_OrgdEX052348.pairs.gz	EX05	myocytes
OrgdEX052349	/Volumes/SumSung500/CSU/0_HiRES/data/hires/GSE223917_RAW/GSM7005122_OrgdEX052349.pairs.gz	EX05	oligodendrocytes and progenitors
OrgdEX052350	/Volumes/SumSung500/CSU/0_HiRES/data/hires/GSE223917_RAW/GSM7005123_OrgdEX052350.pairs.gz	EX05	mix late mesenchyme
OrgdEX052351	/Volumes/SumSung500/CSU/0_HiRES/data/hires/GSE223917_RAW/GSM7005124_OrgdEX052351.pairs.gz	EX05	early neurons
OrgdEX052353	/Volumes/SumSung500/CSU/0_HiRES/data/hires/GSE223917_RAW/GSM7005126_OrgdEX052353.pairs.gz	EX05	mix late mesenchyme
OrgdEX052354	/Volumes/SumSung500/CSU/0_HiRES/data/hires/GSE223917_RAW/GSM7005127_OrgdEX052354.pairs.gz	EX05	epithelial cells
OrgdEX052355	/Volumes/SumSung500/CSU/0_HiRES/data/hires/GSE223917_RAW/GSM7005128_OrgdEX052355.pairs.gz	EX05	radial glias
OrgdEX052357	/Volumes/SumSung500/CSU/0_HiRES/data/hires/GSE223917_RAW/GSM7005129_OrgdEX052357.pairs.gz	EX05	intermediate mesoderm
OrgdEX052358	/Volumes/SumSung500/CSU/0_HiRES/data/hires/GSE223917_RAW/GSM7005130_OrgdEX052358.pairs.gz	EX05	mix late mesenchyme
OrgdEX052359	/Volumes/SumSung500/CSU/0_HiRES/data/hires/GSE223917_RAW/GSM7005131_OrgdEX052359.pairs.gz	EX05	mix late mesenchyme
OrgdEX052360	/Volumes/SumSung500/CSU/0_HiRES/data/hires/GSE223917_RAW/GSM7005132_OrgdEX052360.pairs.gz	EX05	epithelial cells
OrgdEX052361	/Volumes/SumSung500/CSU/0_HiRES/data/hires/GSE223917_RAW/GSM7005133_OrgdEX052361.pairs.gz	EX05	radial glias
OrgdEX052363	/Volumes/SumSung500/CSU/0_HiRES/data/hires/GSE223917_RAW/GSM7005135_OrgdEX052363.pairs.gz	EX05	mix late mesenchyme
OrgdEX052364	/Volumes/SumSung500/CSU/0_HiRES/data/hires/GSE223917_RAW/GSM7005136_OrgdEX052364.pairs.gz	EX05	early neurons
OrgdEX052365	/Volumes/SumSung500/CSU/0_HiRES/data/hires/GSE223917_RAW/GSM7005137_OrgdEX052365.pairs.gz	EX05	mix late mesenchyme
OrgdEX052366	/Volumes/SumSung500/CSU/0_HiRES/data/hires/GSE223917_RAW/GSM7005138_OrgdEX052366.pairs.gz	EX05	mix late mesenchyme
OrgdEX052367	/Volumes/SumSung500/CSU/0_HiRES/data/hires/GSE223917_RAW/GSM7005139_OrgdEX052367.pairs.gz	EX05	radial glias
OrgdEX052368	/Volumes/SumSung500/CSU/0_HiRES/data/hires/GSE223917_RAW/GSM7005140_OrgdEX052368.pairs.gz	EX05	mix late mesenchyme
OrgdEX052369	/Volumes/SumSung500/CSU/0_HiRES/data/hires/GSE223917_RAW/GSM7005141_OrgdEX052369.pairs.gz	EX05	early neurons
OrgdEX052370	/Volumes/SumSung500/CSU/0_HiRES/data/hires/GSE223917_RAW/GSM7005142_OrgdEX052370.pairs.gz	EX05	early neurons
OrgdEX052371	/Volumes/SumSung500/CSU/0_HiRES/data/hires/GSE223917_RAW/GSM7005143_OrgdEX052371.pairs.gz	EX05	notochord
OrgdEX052372	/Volumes/SumSung500/CSU/0_HiRES/data/hires/GSE223917_RAW/GSM7005144_OrgdEX052372.pairs.gz	EX05	mix late mesenchyme
OrgdEX052373	/Volumes/SumSung500/CSU/0_HiRES/data/hires/GSE223917_RAW/GSM7005145_OrgdEX052373.pairs.gz	EX05	myocytes
OrgdEX052374	/Volumes/SumSung500/CSU/0_HiRES/data/hires/GSE223917_RAW/GSM7005146_OrgdEX052374.pairs.gz	EX05	radial glias
OrgdEX052375	/Volumes/SumSung500/CSU/0_HiRES/data/hires/GSE223917_RAW/GSM7005147_OrgdEX052375.pairs.gz	EX05	radial glias
OrgdEX052376	/Volumes/SumSung500/CSU/0_HiRES/data/hires/GSE223917_RAW/GSM7005148_OrgdEX052376.pairs.gz	EX05	oligodendrocytes and progenitors
OrgdEX052377	/Volumes/SumSung500/CSU/0_HiRES/data/hires/GSE223917_RAW/GSM7005149_OrgdEX052377.pairs.gz	EX05	mix late mesenchyme
OrgdEX052378	/Volumes/SumSung500/CSU/0_HiRES/data/hires/GSE223917_RAW/GSM7005150_OrgdEX052378.pairs.gz	EX05	mix late mesenchyme
OrgdEX052379	/Volumes/SumSung500/CSU/0_HiRES/data/hires/GSE223917_RAW/GSM7005151_OrgdEX052379.pairs.gz	EX05	early neurons
OrgdEX052380	/Volumes/SumSung500/CSU/0_HiRES/data/hires/GSE223917_RAW/GSM7005152_OrgdEX052380.pairs.gz	EX05	mix late mesenchyme
OrgdEX052381	/Volumes/SumSung500/CSU/0_HiRES/data/hires/GSE223917_RAW/GSM7005153_OrgdEX052381.pairs.gz	EX05	mix late mesenchyme
OrgdEX052382	/Volumes/SumSung500/CSU/0_HiRES/data/hires/GSE223917_RAW/GSM7005154_OrgdEX052382.pairs.gz	EX05	radial glias
OrgdEX052383	/Volumes/SumSung500/CSU/0_HiRES/data/hires/GSE223917_RAW/GSM7005155_OrgdEX052383.pairs.gz	EX05	mix late mesenchyme
OrgdEX052384	/Volumes/SumSung500/CSU/0_HiRES/data/hires/GSE223917_RAW/GSM7005156_OrgdEX052384.pairs.gz	EX05	mix late mesenchyme
OrgeE851002	/Volumes/SumSung500/CSU/0_HiRES/data/hires/GSE223917_RAW/GSM7005158_OrgeE851002.pairs.gz	E85	epithelial cells
OrgeE851005	/Volumes/SumSung500/CSU/0_HiRES/data/hires/GSE223917_RAW/GSM7005161_OrgeE851005.pairs.gz	E85	blood
OrgeE851006	/Volumes/SumSung500/CSU/0_HiRES/data/hires/GSE223917_RAW/GSM7005162_OrgeE851006.pairs.gz	E85	blood
OrgeE851007	/Volumes/SumSung500/CSU/0_HiRES/data/hires/GSE223917_RAW/GSM7005163_OrgeE851007.pairs.gz	E85	neural tube
OrgeE851008	/Volumes/SumSung500/CSU/0_HiRES/data/hires/GSE223917_RAW/GSM7005164_OrgeE851008.pairs.gz	E85	mitosis
OrgeE851012	/Volumes/SumSung500/CSU/0_HiRES/data/hires/GSE223917_RAW/GSM7005167_OrgeE851012.pairs.gz	E85	NMP
OrgeE851015	/Volumes/SumSung500/CSU/0_HiRES/data/hires/GSE223917_RAW/GSM7005170_OrgeE851015.pairs.gz	E85	early mesenchyme
OrgeE851016	/Volumes/SumSung500/CSU/0_HiRES/data/hires/GSE223917_RAW/GSM7005171_OrgeE851016.pairs.gz	E85	blood
OrgeE851017	/Volumes/SumSung500/CSU/0_HiRES/data/hires/GSE223917_RAW/GSM7005172_OrgeE851017.pairs.gz	E85	early mesoderm
OrgeE851018	/Volumes/SumSung500/CSU/0_HiRES/data/hires/GSE223917_RAW/GSM7005173_OrgeE851018.pairs.gz	E85	ExE mesoderm
OrgeE851028	/Volumes/SumSung500/CSU/0_HiRES/data/hires/GSE223917_RAW/GSM7005183_OrgeE851028.pairs.gz	E85	blood
OrgeE851032	/Volumes/SumSung500/CSU/0_HiRES/data/hires/GSE223917_RAW/GSM7005187_OrgeE851032.pairs.gz	E85	intermediate mesoderm
OrgeE851034	/Volumes/SumSung500/CSU/0_HiRES/data/hires/GSE223917_RAW/GSM7005189_OrgeE851034.pairs.gz	E85	intermediate mesoderm
OrgeE851042	/Volumes/SumSung500/CSU/0_HiRES/data/hires/GSE223917_RAW/GSM7005197_OrgeE851042.pairs.gz	E85	blood
OrgeE851045	/Volumes/SumSung500/CSU/0_HiRES/data/hires/GSE223917_RAW/GSM7005200_OrgeE851045.pairs.gz	E85	early mesenchyme
OrgeE851047	/Volumes/SumSung500/CSU/0_HiRES/data/hires/GSE223917_RAW/GSM7005202_OrgeE851047.pairs.gz	E85	intermediate mesoderm
OrgeE851053	/Volumes/SumSung500/CSU/0_HiRES/data/hires/GSE223917_RAW/GSM7005208_OrgeE851053.pairs.gz	E85	early mesenchyme
OrgeE851054	/Volumes/SumSung500/CSU/0_HiRES/data/hires/GSE223917_RAW/GSM7005209_OrgeE851054.pairs.gz	E85	mitosis
OrgeE851055	/Volumes/SumSung500/CSU/0_HiRES/data/hires/GSE223917_RAW/GSM7005210_OrgeE851055.pairs.gz	E85	blood
OrgeE851061	/Volumes/SumSung500/CSU/0_HiRES/data/hires/GSE223917_RAW/GSM7005216_OrgeE851061.pairs.gz	E85	schwann cell precursors
OrgeE851062	/Volumes/SumSung500/CSU/0_HiRES/data/hires/GSE223917_RAW/GSM7005217_OrgeE851062.pairs.gz	E85	epithelial cells
OrgeE851065	/Volumes/SumSung500/CSU/0_HiRES/data/hires/GSE223917_RAW/GSM7005220_OrgeE851065.pairs.gz	E85	intermediate mesoderm
OrgeE851069	/Volumes/SumSung500/CSU/0_HiRES/data/hires/GSE223917_RAW/GSM7005224_OrgeE851069.pairs.gz	E85	mitosis
OrgeE851070	/Volumes/SumSung500/CSU/0_HiRES/data/hires/GSE223917_RAW/GSM7005225_OrgeE851070.pairs.gz	E85	early mesenchyme
OrgeE851071	/Volumes/SumSung500/CSU/0_HiRES/data/hires/GSE223917_RAW/GSM7005226_OrgeE851071.pairs.gz	E85	epithelial cells
OrgeE851073	/Volumes/SumSung500/CSU/0_HiRES/data/hires/GSE223917_RAW/GSM7005228_OrgeE851073.pairs.gz	E85	neural tube
OrgeE851074	/Volumes/SumSung500/CSU/0_HiRES/data/hires/GSE223917_RAW/GSM7005229_OrgeE851074.pairs.gz	E85	oligodendrocytes and progenitors
OrgeE851078	/Volumes/SumSung500/CSU/0_HiRES/data/hires/GSE223917_RAW/GSM7005233_OrgeE851078.pairs.gz	E85	neural tube
OrgeE851079	/Volumes/SumSung500/CSU/0_HiRES/data/hires/GSE223917_RAW/GSM7005234_OrgeE851079.pairs.gz	E85	NMP
OrgeE851080	/Volumes/SumSung500/CSU/0_HiRES/data/hires/GSE223917_RAW/GSM7005235_OrgeE851080.pairs.gz	E85	notochord
OrgeE851084	/Volumes/SumSung500/CSU/0_HiRES/data/hires/GSE223917_RAW/GSM7005239_OrgeE851084.pairs.gz	E85	neural tube
OrgeE851087	/Volumes/SumSung500/CSU/0_HiRES/data/hires/GSE223917_RAW/GSM7005242_OrgeE851087.pairs.gz	E85	ExE endoderm
OrgeE851089	/Volumes/SumSung500/CSU/0_HiRES/data/hires/GSE223917_RAW/GSM7005244_OrgeE851089.pairs.gz	E85	neural tube
OrgeE851090	/Volumes/SumSung500/CSU/0_HiRES/data/hires/GSE223917_RAW/GSM7005245_OrgeE851090.pairs.gz	E85	neural tube
OrgeE851092	/Volumes/SumSung500/CSU/0_HiRES/data/hires/GSE223917_RAW/GSM7005247_OrgeE851092.pairs.gz	E85	ExE mesoderm
OrgeE851094	/Volumes/SumSung500/CSU/0_HiRES/data/hires/GSE223917_RAW/GSM7005249_OrgeE851094.pairs.gz	E85	mitosis
OrgeE851095	/Volumes/SumSung500/CSU/0_HiRES/data/hires/GSE223917_RAW/GSM7005250_OrgeE851095.pairs.gz	E85	neural tube
OrgeE851097	/Volumes/SumSung500/CSU/0_HiRES/data/hires/GSE223917_RAW/GSM7005252_OrgeE851097.pairs.gz	E85	intermediate mesoderm
OrgeE851103	/Volumes/SumSung500/CSU/0_HiRES/data/hires/GSE223917_RAW/GSM7005258_OrgeE851103.pairs.gz	E85	intermediate mesoderm
OrgeE851107	/Volumes/SumSung500/CSU/0_HiRES/data/hires/GSE223917_RAW/GSM7005262_OrgeE851107.pairs.gz	E85	mitosis
OrgeE851109	/Volumes/SumSung500/CSU/0_HiRES/data/hires/GSE223917_RAW/GSM7005264_OrgeE851109.pairs.gz	E85	early mesoderm
OrgeE851114	/Volumes/SumSung500/CSU/0_HiRES/data/hires/GSE223917_RAW/GSM7005269_OrgeE851114.pairs.gz	E85	epithelial cells
OrgeE851116	/Volumes/SumSung500/CSU/0_HiRES/data/hires/GSE223917_RAW/GSM7005271_OrgeE851116.pairs.gz	E85	epithelial cells
OrgeE851117	/Volumes/SumSung500/CSU/0_HiRES/data/hires/GSE223917_RAW/GSM7005272_OrgeE851117.pairs.gz	E85	mitosis
OrgeE851119	/Volumes/SumSung500/CSU/0_HiRES/data/hires/GSE223917_RAW/GSM7005274_OrgeE851119.pairs.gz	E85	intermediate mesoderm
OrgeE851123	/Volumes/SumSung500/CSU/0_HiRES/data/hires/GSE223917_RAW/GSM7005278_OrgeE851123.pairs.gz	E85	intermediate mesoderm
OrgeE851126	/Volumes/SumSung500/CSU/0_HiRES/data/hires/GSE223917_RAW/GSM7005281_OrgeE851126.pairs.gz	E85	NMP
OrgeE851133	/Volumes/SumSung500/CSU/0_HiRES/data/hires/GSE223917_RAW/GSM7005288_OrgeE851133.pairs.gz	E85	neural tube
OrgeE851134	/Volumes/SumSung500/CSU/0_HiRES/data/hires/GSE223917_RAW/GSM7005289_OrgeE851134.pairs.gz	E85	mitosis
OrgeE851135	/Volumes/SumSung500/CSU/0_HiRES/data/hires/GSE223917_RAW/GSM7005290_OrgeE851135.pairs.gz	E85	ExE endoderm
OrgeE851139	/Volumes/SumSung500/CSU/0_HiRES/data/hires/GSE223917_RAW/GSM7005294_OrgeE851139.pairs.gz	E85	early mesoderm
OrgeE851143	/Volumes/SumSung500/CSU/0_HiRES/data/hires/GSE223917_RAW/GSM7005298_OrgeE851143.pairs.gz	E85	early mesenchyme
OrgeE851146	/Volumes/SumSung500/CSU/0_HiRES/data/hires/GSE223917_RAW/GSM7005301_OrgeE851146.pairs.gz	E85	neural tube
OrgeE851148	/Volumes/SumSung500/CSU/0_HiRES/data/hires/GSE223917_RAW/GSM7005303_OrgeE851148.pairs.gz	E85	early mesenchyme
OrgeE851149	/Volumes/SumSung500/CSU/0_HiRES/data/hires/GSE223917_RAW/GSM7005304_OrgeE851149.pairs.gz	E85	early mesenchyme
OrgeE851150	/Volumes/SumSung500/CSU/0_HiRES/data/hires/GSE223917_RAW/GSM7005305_OrgeE851150.pairs.gz	E85	blood
OrgeE851153	/Volumes/SumSung500/CSU/0_HiRES/data/hires/GSE223917_RAW/GSM7005308_OrgeE851153.pairs.gz	E85	intermediate mesoderm
OrgeE851156	/Volumes/SumSung500/CSU/0_HiRES/data/hires/GSE223917_RAW/GSM7005311_OrgeE851156.pairs.gz	E85	blood
OrgeE851157	/Volumes/SumSung500/CSU/0_HiRES/data/hires/GSE223917_RAW/GSM7005312_OrgeE851157.pairs.gz	E85	mitosis
OrgeE851158	/Volumes/SumSung500/CSU/0_HiRES/data/hires/GSE223917_RAW/GSM7005313_OrgeE851158.pairs.gz	E85	mitosis
OrgeE851161	/Volumes/SumSung500/CSU/0_HiRES/data/hires/GSE223917_RAW/GSM7005316_OrgeE851161.pairs.gz	E85	epithelial cells
OrgeE851164	/Volumes/SumSung500/CSU/0_HiRES/data/hires/GSE223917_RAW/GSM7005319_OrgeE851164.pairs.gz	E85	NMP
OrgeE851167	/Volumes/SumSung500/CSU/0_HiRES/data/hires/GSE223917_RAW/GSM7005322_OrgeE851167.pairs.gz	E85	blood
OrgeE851173	/Volumes/SumSung500/CSU/0_HiRES/data/hires/GSE223917_RAW/GSM7005328_OrgeE851173.pairs.gz	E85	ExE endoderm
OrgeE851174	/Volumes/SumSung500/CSU/0_HiRES/data/hires/GSE223917_RAW/GSM7005329_OrgeE851174.pairs.gz	E85	blood
OrgeE851177	/Volumes/SumSung500/CSU/0_HiRES/data/hires/GSE223917_RAW/GSM7005332_OrgeE851177.pairs.gz	E85	intermediate mesoderm
OrgeE851179	/Volumes/SumSung500/CSU/0_HiRES/data/hires/GSE223917_RAW/GSM7005334_OrgeE851179.pairs.gz	E85	early mesoderm
OrgeE851180	/Volumes/SumSung500/CSU/0_HiRES/data/hires/GSE223917_RAW/GSM7005335_OrgeE851180.pairs.gz	E85	early mesenchyme
OrgeE851184	/Volumes/SumSung500/CSU/0_HiRES/data/hires/GSE223917_RAW/GSM7005339_OrgeE851184.pairs.gz	E85	blood
OrgeE851185	/Volumes/SumSung500/CSU/0_HiRES/data/hires/GSE223917_RAW/GSM7005340_OrgeE851185.pairs.gz	E85	early mesoderm
OrgeE851186	/Volumes/SumSung500/CSU/0_HiRES/data/hires/GSE223917_RAW/GSM7005341_OrgeE851186.pairs.gz	E85	epithelial cells
OrgeE851190	/Volumes/SumSung500/CSU/0_HiRES/data/hires/GSE223917_RAW/GSM7005345_OrgeE851190.pairs.gz	E85	NMP
OrgeE851198	/Volumes/SumSung500/CSU/0_HiRES/data/hires/GSE223917_RAW/GSM7005353_OrgeE851198.pairs.gz	E85	neural tube
OrgeE851199	/Volumes/SumSung500/CSU/0_HiRES/data/hires/GSE223917_RAW/GSM7005354_OrgeE851199.pairs.gz	E85	early mesenchyme
OrgeE851203	/Volumes/SumSung500/CSU/0_HiRES/data/hires/GSE223917_RAW/GSM7005358_OrgeE851203.pairs.gz	E85	blood
OrgeE851205	/Volumes/SumSung500/CSU/0_HiRES/data/hires/GSE223917_RAW/GSM7005360_OrgeE851205.pairs.gz	E85	neural tube
OrgeE851206	/Volumes/SumSung500/CSU/0_HiRES/data/hires/GSE223917_RAW/GSM7005361_OrgeE851206.pairs.gz	E85	neural tube
OrgeE851207	/Volumes/SumSung500/CSU/0_HiRES/data/hires/GSE223917_RAW/GSM7005362_OrgeE851207.pairs.gz	E85	epithelial cells
OrgeE851208	/Volumes/SumSung500/CSU/0_HiRES/data/hires/GSE223917_RAW/GSM7005363_OrgeE851208.pairs.gz	E85	neural tube
OrgeE851210	/Volumes/SumSung500/CSU/0_HiRES/data/hires/GSE223917_RAW/GSM7005365_OrgeE851210.pairs.gz	E85	blood
OrgeE851211	/Volumes/SumSung500/CSU/0_HiRES/data/hires/GSE223917_RAW/GSM7005366_OrgeE851211.pairs.gz	E85	ExE endoderm
OrgeE851215	/Volumes/SumSung500/CSU/0_HiRES/data/hires/GSE223917_RAW/GSM7005370_OrgeE851215.pairs.gz	E85	neural tube
OrgeE851216	/Volumes/SumSung500/CSU/0_HiRES/data/hires/GSE223917_RAW/GSM7005371_OrgeE851216.pairs.gz	E85	schwann cell precursors
OrgeE851219	/Volumes/SumSung500/CSU/0_HiRES/data/hires/GSE223917_RAW/GSM7005374_OrgeE851219.pairs.gz	E85	epithelial cells
OrgeE851221	/Volumes/SumSung500/CSU/0_HiRES/data/hires/GSE223917_RAW/GSM7005376_OrgeE851221.pairs.gz	E85	blood
OrgeE851222	/Volumes/SumSung500/CSU/0_HiRES/data/hires/GSE223917_RAW/GSM7005377_OrgeE851222.pairs.gz	E85	intermediate mesoderm
OrgeE851228	/Volumes/SumSung500/CSU/0_HiRES/data/hires/GSE223917_RAW/GSM7005383_OrgeE851228.pairs.gz	E85	blood
OrgeE851229	/Volumes/SumSung500/CSU/0_HiRES/data/hires/GSE223917_RAW/GSM7005384_OrgeE851229.pairs.gz	E85	early mesoderm
OrgeE851230	/Volumes/SumSung500/CSU/0_HiRES/data/hires/GSE223917_RAW/GSM7005385_OrgeE851230.pairs.gz	E85	neural tube
OrgeE851231	/Volumes/SumSung500/CSU/0_HiRES/data/hires/GSE223917_RAW/GSM7005386_OrgeE851231.pairs.gz	E85	mitosis
OrgeE851234	/Volumes/SumSung500/CSU/0_HiRES/data/hires/GSE223917_RAW/GSM7005389_OrgeE851234.pairs.gz	E85	epithelial cells
OrgeE851235	/Volumes/SumSung500/CSU/0_HiRES/data/hires/GSE223917_RAW/GSM7005390_OrgeE851235.pairs.gz	E85	blood
OrgeE851236	/Volumes/SumSung500/CSU/0_HiRES/data/hires/GSE223917_RAW/GSM7005391_OrgeE851236.pairs.gz	E85	early mesoderm
OrgeE851237	/Volumes/SumSung500/CSU/0_HiRES/data/hires/GSE223917_RAW/GSM7005392_OrgeE851237.pairs.gz	E85	early mesoderm
OrgeE851240	/Volumes/SumSung500/CSU/0_HiRES/data/hires/GSE223917_RAW/GSM7005395_OrgeE851240.pairs.gz	E85	early mesoderm
OrgeE851241	/Volumes/SumSung500/CSU/0_HiRES/data/hires/GSE223917_RAW/GSM7005396_OrgeE851241.pairs.gz	E85	ExE endoderm
OrgeE851246	/Volumes/SumSung500/CSU/0_HiRES/data/hires/GSE223917_RAW/GSM7005401_OrgeE851246.pairs.gz	E85	blood
OrgeE851248	/Volumes/SumSung500/CSU/0_HiRES/data/hires/GSE223917_RAW/GSM7005403_OrgeE851248.pairs.gz	E85	ExE endoderm
OrgeE851250	/Volumes/SumSung500/CSU/0_HiRES/data/hires/GSE223917_RAW/GSM7005405_OrgeE851250.pairs.gz	E85	early mesoderm
OrgeE851253	/Volumes/SumSung500/CSU/0_HiRES/data/hires/GSE223917_RAW/GSM7005407_OrgeE851253.pairs.gz	E85	blood
OrgeE851254	/Volumes/SumSung500/CSU/0_HiRES/data/hires/GSE223917_RAW/GSM7005408_OrgeE851254.pairs.gz	E85	neural tube
OrgeE851255	/Volumes/SumSung500/CSU/0_HiRES/data/hires/GSE223917_RAW/GSM7005409_OrgeE851255.pairs.gz	E85	ExE endoderm
OrgeE851262	/Volumes/SumSung500/CSU/0_HiRES/data/hires/GSE223917_RAW/GSM7005415_OrgeE851262.pairs.gz	E85	intermediate mesoderm
OrgeE851264	/Volumes/SumSung500/CSU/0_HiRES/data/hires/GSE223917_RAW/GSM7005417_OrgeE851264.pairs.gz	E85	ExE mesoderm
OrgeE851266	/Volumes/SumSung500/CSU/0_HiRES/data/hires/GSE223917_RAW/GSM7005419_OrgeE851266.pairs.gz	E85	epithelial cells
OrgeE851268	/Volumes/SumSung500/CSU/0_HiRES/data/hires/GSE223917_RAW/GSM7005421_OrgeE851268.pairs.gz	E85	blood
OrgeE851270	/Volumes/SumSung500/CSU/0_HiRES/data/hires/GSE223917_RAW/GSM7005423_OrgeE851270.pairs.gz	E85	neural tube
OrgeE851271	/Volumes/SumSung500/CSU/0_HiRES/data/hires/GSE223917_RAW/GSM7005424_OrgeE851271.pairs.gz	E85	blood
OrgeE851272	/Volumes/SumSung500/CSU/0_HiRES/data/hires/GSE223917_RAW/GSM7005425_OrgeE851272.pairs.gz	E85	mitosis
OrgeE851274	/Volumes/SumSung500/CSU/0_HiRES/data/hires/GSE223917_RAW/GSM7005427_OrgeE851274.pairs.gz	E85	schwann cell precursors
OrgeE851276	/Volumes/SumSung500/CSU/0_HiRES/data/hires/GSE223917_RAW/GSM7005429_OrgeE851276.pairs.gz	E85	mitosis
OrgeE851281	/Volumes/SumSung500/CSU/0_HiRES/data/hires/GSE223917_RAW/GSM7005434_OrgeE851281.pairs.gz	E85	NMP
OrgeE851285	/Volumes/SumSung500/CSU/0_HiRES/data/hires/GSE223917_RAW/GSM7005438_OrgeE851285.pairs.gz	E85	early mesenchyme
OrgeE851287	/Volumes/SumSung500/CSU/0_HiRES/data/hires/GSE223917_RAW/GSM7005440_OrgeE851287.pairs.gz	E85	neural tube
OrgeE851289	/Volumes/SumSung500/CSU/0_HiRES/data/hires/GSE223917_RAW/GSM7005442_OrgeE851289.pairs.gz	E85	NMP
OrgeE851292	/Volumes/SumSung500/CSU/0_HiRES/data/hires/GSE223917_RAW/GSM7005444_OrgeE851292.pairs.gz	E85	early mesenchyme
OrgeE851296	/Volumes/SumSung500/CSU/0_HiRES/data/hires/GSE223917_RAW/GSM7005447_OrgeE851296.pairs.gz	E85	epithelial cells
OrgeE851297	/Volumes/SumSung500/CSU/0_HiRES/data/hires/GSE223917_RAW/GSM7005448_OrgeE851297.pairs.gz	E85	mitosis
OrgeE851299	/Volumes/SumSung500/CSU/0_HiRES/data/hires/GSE223917_RAW/GSM7005450_OrgeE851299.pairs.gz	E85	blood
OrgeE851300	/Volumes/SumSung500/CSU/0_HiRES/data/hires/GSE223917_RAW/GSM7005451_OrgeE851300.pairs.gz	E85	schwann cell precursors
OrgeE851302	/Volumes/SumSung500/CSU/0_HiRES/data/hires/GSE223917_RAW/GSM7005453_OrgeE851302.pairs.gz	E85	mitosis
OrgeE851304	/Volumes/SumSung500/CSU/0_HiRES/data/hires/GSE223917_RAW/GSM7005455_OrgeE851304.pairs.gz	E85	blood
OrgeE851305	/Volumes/SumSung500/CSU/0_HiRES/data/hires/GSE223917_RAW/GSM7005456_OrgeE851305.pairs.gz	E85	early mesoderm
OrgeE851306	/Volumes/SumSung500/CSU/0_HiRES/data/hires/GSE223917_RAW/GSM7005457_OrgeE851306.pairs.gz	E85	schwann cell precursors
OrgeE851307	/Volumes/SumSung500/CSU/0_HiRES/data/hires/GSE223917_RAW/GSM7005458_OrgeE851307.pairs.gz	E85	blood
OrgeE851310	/Volumes/SumSung500/CSU/0_HiRES/data/hires/GSE223917_RAW/GSM7005461_OrgeE851310.pairs.gz	E85	mix late mesenchyme
OrgeE851311	/Volumes/SumSung500/CSU/0_HiRES/data/hires/GSE223917_RAW/GSM7005462_OrgeE851311.pairs.gz	E85	intermediate mesoderm
OrgeE851315	/Volumes/SumSung500/CSU/0_HiRES/data/hires/GSE223917_RAW/GSM7005465_OrgeE851315.pairs.gz	E85	neural tube
OrgeE851318	/Volumes/SumSung500/CSU/0_HiRES/data/hires/GSE223917_RAW/GSM7005468_OrgeE851318.pairs.gz	E85	blood
OrgeE851320	/Volumes/SumSung500/CSU/0_HiRES/data/hires/GSE223917_RAW/GSM7005470_OrgeE851320.pairs.gz	E85	early mesoderm
OrgeE851323	/Volumes/SumSung500/CSU/0_HiRES/data/hires/GSE223917_RAW/GSM7005473_OrgeE851323.pairs.gz	E85	early mesenchyme
OrgeE851328	/Volumes/SumSung500/CSU/0_HiRES/data/hires/GSE223917_RAW/GSM7005478_OrgeE851328.pairs.gz	E85	blood
OrgeE851329	/Volumes/SumSung500/CSU/0_HiRES/data/hires/GSE223917_RAW/GSM7005479_OrgeE851329.pairs.gz	E85	NMP
OrgeE851330	/Volumes/SumSung500/CSU/0_HiRES/data/hires/GSE223917_RAW/GSM7005480_OrgeE851330.pairs.gz	E85	blood
OrgeE851331	/Volumes/SumSung500/CSU/0_HiRES/data/hires/GSE223917_RAW/GSM7005481_OrgeE851331.pairs.gz	E85	neural tube
OrgeE851335	/Volumes/SumSung500/CSU/0_HiRES/data/hires/GSE223917_RAW/GSM7005485_OrgeE851335.pairs.gz	E85	mitosis
OrgeE851336	/Volumes/SumSung500/CSU/0_HiRES/data/hires/GSE223917_RAW/GSM7005486_OrgeE851336.pairs.gz	E85	early mesoderm
OrgeE851338	/Volumes/SumSung500/CSU/0_HiRES/data/hires/GSE223917_RAW/GSM7005488_OrgeE851338.pairs.gz	E85	early mesoderm
OrgeE851339	/Volumes/SumSung500/CSU/0_HiRES/data/hires/GSE223917_RAW/GSM7005489_OrgeE851339.pairs.gz	E85	epithelial cells
OrgeE851340	/Volumes/SumSung500/CSU/0_HiRES/data/hires/GSE223917_RAW/GSM7005490_OrgeE851340.pairs.gz	E85	neural tube
OrgeE851345	/Volumes/SumSung500/CSU/0_HiRES/data/hires/GSE223917_RAW/GSM7005495_OrgeE851345.pairs.gz	E85	mitosis
OrgeE851349	/Volumes/SumSung500/CSU/0_HiRES/data/hires/GSE223917_RAW/GSM7005499_OrgeE851349.pairs.gz	E85	NMP
OrgeE851351	/Volumes/SumSung500/CSU/0_HiRES/data/hires/GSE223917_RAW/GSM7005501_OrgeE851351.pairs.gz	E85	blood
OrgeE851353	/Volumes/SumSung500/CSU/0_HiRES/data/hires/GSE223917_RAW/GSM7005503_OrgeE851353.pairs.gz	E85	intermediate mesoderm
OrgeE851355	/Volumes/SumSung500/CSU/0_HiRES/data/hires/GSE223917_RAW/GSM7005505_OrgeE851355.pairs.gz	E85	early mesenchyme
OrgeE851356	/Volumes/SumSung500/CSU/0_HiRES/data/hires/GSE223917_RAW/GSM7005506_OrgeE851356.pairs.gz	E85	mitosis
OrgeE851357	/Volumes/SumSung500/CSU/0_HiRES/data/hires/GSE223917_RAW/GSM7005507_OrgeE851357.pairs.gz	E85	early neurons
OrgeE851358	/Volumes/SumSung500/CSU/0_HiRES/data/hires/GSE223917_RAW/GSM7005508_OrgeE851358.pairs.gz	E85	ExE mesoderm
OrgeE851360	/Volumes/SumSung500/CSU/0_HiRES/data/hires/GSE223917_RAW/GSM7005510_OrgeE851360.pairs.gz	E85	blood
OrgeE851363	/Volumes/SumSung500/CSU/0_HiRES/data/hires/GSE223917_RAW/GSM7005513_OrgeE851363.pairs.gz	E85	ExE mesoderm
OrgeE851364	/Volumes/SumSung500/CSU/0_HiRES/data/hires/GSE223917_RAW/GSM7005514_OrgeE851364.pairs.gz	E85	neural tube
OrgeE851365	/Volumes/SumSung500/CSU/0_HiRES/data/hires/GSE223917_RAW/GSM7005515_OrgeE851365.pairs.gz	E85	NMP
OrgeE851369	/Volumes/SumSung500/CSU/0_HiRES/data/hires/GSE223917_RAW/GSM7005519_OrgeE851369.pairs.gz	E85	early mesenchyme
OrgeE851370	/Volumes/SumSung500/CSU/0_HiRES/data/hires/GSE223917_RAW/GSM7005520_OrgeE851370.pairs.gz	E85	mitosis
OrgeE851376	/Volumes/SumSung500/CSU/0_HiRES/data/hires/GSE223917_RAW/GSM7005526_OrgeE851376.pairs.gz	E85	neural tube
OrgeE851379	/Volumes/SumSung500/CSU/0_HiRES/data/hires/GSE223917_RAW/GSM7005529_OrgeE851379.pairs.gz	E85	neural tube
OrgeE851380	/Volumes/SumSung500/CSU/0_HiRES/data/hires/GSE223917_RAW/GSM7005530_OrgeE851380.pairs.gz	E85	NMP
OrgeE851381	/Volumes/SumSung500/CSU/0_HiRES/data/hires/GSE223917_RAW/GSM7005531_OrgeE851381.pairs.gz	E85	mitosis
OrgeE851384	/Volumes/SumSung500/CSU/0_HiRES/data/hires/GSE223917_RAW/GSM7005534_OrgeE851384.pairs.gz	E85	schwann cell precursors
OrgeEX052001	/Volumes/SumSung500/CSU/0_HiRES/data/hires/GSE223917_RAW/GSM7005535_OrgeEX052001.pairs.gz	EX05	mix late mesenchyme
OrgeEX052002	/Volumes/SumSung500/CSU/0_HiRES/data/hires/GSE223917_RAW/GSM7005536_OrgeEX052002.pairs.gz	EX05	mix late mesenchyme
OrgeEX052005	/Volumes/SumSung500/CSU/0_HiRES/data/hires/GSE223917_RAW/GSM7005539_OrgeEX052005.pairs.gz	EX05	mitosis
OrgeEX052006	/Volumes/SumSung500/CSU/0_HiRES/data/hires/GSE223917_RAW/GSM7005540_OrgeEX052006.pairs.gz	EX05	mitosis
OrgeEX052008	/Volumes/SumSung500/CSU/0_HiRES/data/hires/GSE223917_RAW/GSM7005542_OrgeEX052008.pairs.gz	EX05	radial glias
OrgeEX052009	/Volumes/SumSung500/CSU/0_HiRES/data/hires/GSE223917_RAW/GSM7005543_OrgeEX052009.pairs.gz	EX05	mix late mesenchyme
OrgeEX052010	/Volumes/SumSung500/CSU/0_HiRES/data/hires/GSE223917_RAW/GSM7005544_OrgeEX052010.pairs.gz	EX05	mix late mesenchyme
OrgeEX052011	/Volumes/SumSung500/CSU/0_HiRES/data/hires/GSE223917_RAW/GSM7005545_OrgeEX052011.pairs.gz	EX05	mix late mesenchyme
OrgeEX052017	/Volumes/SumSung500/CSU/0_HiRES/data/hires/GSE223917_RAW/GSM7005551_OrgeEX052017.pairs.gz	EX05	early neurons
OrgeEX052019	/Volumes/SumSung500/CSU/0_HiRES/data/hires/GSE223917_RAW/GSM7005553_OrgeEX052019.pairs.gz	EX05	mitosis
OrgeEX052021	/Volumes/SumSung500/CSU/0_HiRES/data/hires/GSE223917_RAW/GSM7005555_OrgeEX052021.pairs.gz	EX05	radial glias
OrgeEX052022	/Volumes/SumSung500/CSU/0_HiRES/data/hires/GSE223917_RAW/GSM7005556_OrgeEX052022.pairs.gz	EX05	oligodendrocytes and progenitors
OrgeEX052023	/Volumes/SumSung500/CSU/0_HiRES/data/hires/GSE223917_RAW/GSM7005557_OrgeEX052023.pairs.gz	EX05	mitosis
OrgeEX052024	/Volumes/SumSung500/CSU/0_HiRES/data/hires/GSE223917_RAW/GSM7005558_OrgeEX052024.pairs.gz	EX05	mix late mesenchyme
OrgeEX052026	/Volumes/SumSung500/CSU/0_HiRES/data/hires/GSE223917_RAW/GSM7005560_OrgeEX052026.pairs.gz	EX05	radial glias
OrgeEX052027	/Volumes/SumSung500/CSU/0_HiRES/data/hires/GSE223917_RAW/GSM7005561_OrgeEX052027.pairs.gz	EX05	myocytes
OrgeEX052028	/Volumes/SumSung500/CSU/0_HiRES/data/hires/GSE223917_RAW/GSM7005562_OrgeEX052028.pairs.gz	EX05	intermediate mesoderm
OrgeEX052029	/Volumes/SumSung500/CSU/0_HiRES/data/hires/GSE223917_RAW/GSM7005563_OrgeEX052029.pairs.gz	EX05	intermediate mesoderm
OrgeEX052030	/Volumes/SumSung500/CSU/0_HiRES/data/hires/GSE223917_RAW/GSM7005564_OrgeEX052030.pairs.gz	EX05	radial glias
OrgeEX052031	/Volumes/SumSung500/CSU/0_HiRES/data/hires/GSE223917_RAW/GSM7005565_OrgeEX052031.pairs.gz	EX05	mix late mesenchyme
OrgeEX052032	/Volumes/SumSung500/CSU/0_HiRES/data/hires/GSE223917_RAW/GSM7005566_OrgeEX052032.pairs.gz	EX05	mitosis
OrgeEX052033	/Volumes/SumSung500/CSU/0_HiRES/data/hires/GSE223917_RAW/GSM7005567_OrgeEX052033.pairs.gz	EX05	early neurons
OrgeEX052034	/Volumes/SumSung500/CSU/0_HiRES/data/hires/GSE223917_RAW/GSM7005568_OrgeEX052034.pairs.gz	EX05	mix late mesenchyme
OrgeEX052035	/Volumes/SumSung500/CSU/0_HiRES/data/hires/GSE223917_RAW/GSM7005569_OrgeEX052035.pairs.gz	EX05	oligodendrocytes and progenitors
OrgeEX052037	/Volumes/SumSung500/CSU/0_HiRES/data/hires/GSE223917_RAW/GSM7005571_OrgeEX052037.pairs.gz	EX05	mix late mesenchyme
OrgeEX052045	/Volumes/SumSung500/CSU/0_HiRES/data/hires/GSE223917_RAW/GSM7005579_OrgeEX052045.pairs.gz	EX05	epithelial cells
OrgeEX052046	/Volumes/SumSung500/CSU/0_HiRES/data/hires/GSE223917_RAW/GSM7005580_OrgeEX052046.pairs.gz	EX05	mitosis
OrgeEX052048	/Volumes/SumSung500/CSU/0_HiRES/data/hires/GSE223917_RAW/GSM7005582_OrgeEX052048.pairs.gz	EX05	early neurons
OrgeEX052053	/Volumes/SumSung500/CSU/0_HiRES/data/hires/GSE223917_RAW/GSM7005587_OrgeEX052053.pairs.gz	EX05	radial glias
OrgeEX052054	/Volumes/SumSung500/CSU/0_HiRES/data/hires/GSE223917_RAW/GSM7005588_OrgeEX052054.pairs.gz	EX05	mix late mesenchyme
OrgeEX052055	/Volumes/SumSung500/CSU/0_HiRES/data/hires/GSE223917_RAW/GSM7005589_OrgeEX052055.pairs.gz	EX05	mix late mesenchyme
OrgeEX052057	/Volumes/SumSung500/CSU/0_HiRES/data/hires/GSE223917_RAW/GSM7005591_OrgeEX052057.pairs.gz	EX05	early neurons
OrgeEX052060	/Volumes/SumSung500/CSU/0_HiRES/data/hires/GSE223917_RAW/GSM7005594_OrgeEX052060.pairs.gz	EX05	mix late mesenchyme
OrgeEX052061	/Volumes/SumSung500/CSU/0_HiRES/data/hires/GSE223917_RAW/GSM7005595_OrgeEX052061.pairs.gz	EX05	mitosis
OrgeEX052063	/Volumes/SumSung500/CSU/0_HiRES/data/hires/GSE223917_RAW/GSM7005597_OrgeEX052063.pairs.gz	EX05	early neurons
OrgeEX052064	/Volumes/SumSung500/CSU/0_HiRES/data/hires/GSE223917_RAW/GSM7005598_OrgeEX052064.pairs.gz	EX05	mitosis
OrgeEX052065	/Volumes/SumSung500/CSU/0_HiRES/data/hires/GSE223917_RAW/GSM7005599_OrgeEX052065.pairs.gz	EX05	mix late mesenchyme
OrgeEX052069	/Volumes/SumSung500/CSU/0_HiRES/data/hires/GSE223917_RAW/GSM7005602_OrgeEX052069.pairs.gz	EX05	early neurons
OrgeEX052071	/Volumes/SumSung500/CSU/0_HiRES/data/hires/GSE223917_RAW/GSM7005604_OrgeEX052071.pairs.gz	EX05	myocytes
OrgeEX052072	/Volumes/SumSung500/CSU/0_HiRES/data/hires/GSE223917_RAW/GSM7005605_OrgeEX052072.pairs.gz	EX05	early neurons
OrgeEX052073	/Volumes/SumSung500/CSU/0_HiRES/data/hires/GSE223917_RAW/GSM7005606_OrgeEX052073.pairs.gz	EX05	radial glias
OrgeEX052075	/Volumes/SumSung500/CSU/0_HiRES/data/hires/GSE223917_RAW/GSM7005608_OrgeEX052075.pairs.gz	EX05	intermediate mesoderm
OrgeEX052079	/Volumes/SumSung500/CSU/0_HiRES/data/hires/GSE223917_RAW/GSM7005612_OrgeEX052079.pairs.gz	EX05	mix late mesenchyme
OrgeEX052080	/Volumes/SumSung500/CSU/0_HiRES/data/hires/GSE223917_RAW/GSM7005613_OrgeEX052080.pairs.gz	EX05	early neurons
OrgeEX052082	/Volumes/SumSung500/CSU/0_HiRES/data/hires/GSE223917_RAW/GSM7005615_OrgeEX052082.pairs.gz	EX05	early neurons
OrgeEX052085	/Volumes/SumSung500/CSU/0_HiRES/data/hires/GSE223917_RAW/GSM7005618_OrgeEX052085.pairs.gz	EX05	notochord
OrgeEX052086	/Volumes/SumSung500/CSU/0_HiRES/data/hires/GSE223917_RAW/GSM7005619_OrgeEX052086.pairs.gz	EX05	early neurons
OrgeEX052087	/Volumes/SumSung500/CSU/0_HiRES/data/hires/GSE223917_RAW/GSM7005620_OrgeEX052087.pairs.gz	EX05	early neurons
OrgeEX052088	/Volumes/SumSung500/CSU/0_HiRES/data/hires/GSE223917_RAW/GSM7005621_OrgeEX052088.pairs.gz	EX05	blood
OrgeEX052089	/Volumes/SumSung500/CSU/0_HiRES/data/hires/GSE223917_RAW/GSM7005622_OrgeEX052089.pairs.gz	EX05	intermediate mesoderm
OrgeEX052091	/Volumes/SumSung500/CSU/0_HiRES/data/hires/GSE223917_RAW/GSM7005624_OrgeEX052091.pairs.gz	EX05	mix late mesenchyme
OrgeEX052093	/Volumes/SumSung500/CSU/0_HiRES/data/hires/GSE223917_RAW/GSM7005626_OrgeEX052093.pairs.gz	EX05	early neurons
OrgeEX052094	/Volumes/SumSung500/CSU/0_HiRES/data/hires/GSE223917_RAW/GSM7005627_OrgeEX052094.pairs.gz	EX05	blood
OrgeEX052095	/Volumes/SumSung500/CSU/0_HiRES/data/hires/GSE223917_RAW/GSM7005628_OrgeEX052095.pairs.gz	EX05	mitosis
OrgeEX052100	/Volumes/SumSung500/CSU/0_HiRES/data/hires/GSE223917_RAW/GSM7005633_OrgeEX052100.pairs.gz	EX05	oligodendrocytes and progenitors
OrgeEX052101	/Volumes/SumSung500/CSU/0_HiRES/data/hires/GSE223917_RAW/GSM7005634_OrgeEX052101.pairs.gz	EX05	radial glias
OrgeEX052106	/Volumes/SumSung500/CSU/0_HiRES/data/hires/GSE223917_RAW/GSM7005639_OrgeEX052106.pairs.gz	EX05	radial glias
OrgeEX052109	/Volumes/SumSung500/CSU/0_HiRES/data/hires/GSE223917_RAW/GSM7005642_OrgeEX052109.pairs.gz	EX05	intermediate mesoderm
OrgeEX052115	/Volumes/SumSung500/CSU/0_HiRES/data/hires/GSE223917_RAW/GSM7005648_OrgeEX052115.pairs.gz	EX05	mix late mesenchyme
OrgeEX052116	/Volumes/SumSung500/CSU/0_HiRES/data/hires/GSE223917_RAW/GSM7005649_OrgeEX052116.pairs.gz	EX05	mix late mesenchyme
OrgeEX052117	/Volumes/SumSung500/CSU/0_HiRES/data/hires/GSE223917_RAW/GSM7005650_OrgeEX052117.pairs.gz	EX05	early neurons
OrgeEX052120	/Volumes/SumSung500/CSU/0_HiRES/data/hires/GSE223917_RAW/GSM7005653_OrgeEX052120.pairs.gz	EX05	mix late mesenchyme
OrgeEX052121	/Volumes/SumSung500/CSU/0_HiRES/data/hires/GSE223917_RAW/GSM7005654_OrgeEX052121.pairs.gz	EX05	early neurons
OrgeEX052122	/Volumes/SumSung500/CSU/0_HiRES/data/hires/GSE223917_RAW/GSM7005655_OrgeEX052122.pairs.gz	EX05	early neurons
OrgeEX052123	/Volumes/SumSung500/CSU/0_HiRES/data/hires/GSE223917_RAW/GSM7005656_OrgeEX052123.pairs.gz	EX05	early neurons
OrgeEX052126	/Volumes/SumSung500/CSU/0_HiRES/data/hires/GSE223917_RAW/GSM7005659_OrgeEX052126.pairs.gz	EX05	mitosis
OrgeEX052127	/Volumes/SumSung500/CSU/0_HiRES/data/hires/GSE223917_RAW/GSM7005660_OrgeEX052127.pairs.gz	EX05	mix late mesenchyme
OrgeEX052129	/Volumes/SumSung500/CSU/0_HiRES/data/hires/GSE223917_RAW/GSM7005662_OrgeEX052129.pairs.gz	EX05	mix late mesenchyme
OrgeEX052131	/Volumes/SumSung500/CSU/0_HiRES/data/hires/GSE223917_RAW/GSM7005664_OrgeEX052131.pairs.gz	EX05	notochord
OrgeEX052133	/Volumes/SumSung500/CSU/0_HiRES/data/hires/GSE223917_RAW/GSM7005666_OrgeEX052133.pairs.gz	EX05	mix late mesenchyme
OrgeEX052134	/Volumes/SumSung500/CSU/0_HiRES/data/hires/GSE223917_RAW/GSM7005667_OrgeEX052134.pairs.gz	EX05	mix late mesenchyme
OrgeEX052137	/Volumes/SumSung500/CSU/0_HiRES/data/hires/GSE223917_RAW/GSM7005670_OrgeEX052137.pairs.gz	EX05	early neurons
OrgeEX052140	/Volumes/SumSung500/CSU/0_HiRES/data/hires/GSE223917_RAW/GSM7005673_OrgeEX052140.pairs.gz	EX05	oligodendrocytes and progenitors
OrgeEX052141	/Volumes/SumSung500/CSU/0_HiRES/data/hires/GSE223917_RAW/GSM7005674_OrgeEX052141.pairs.gz	EX05	radial glias
OrgeEX052144	/Volumes/SumSung500/CSU/0_HiRES/data/hires/GSE223917_RAW/GSM7005677_OrgeEX052144.pairs.gz	EX05	radial glias
OrgeEX052151	/Volumes/SumSung500/CSU/0_HiRES/data/hires/GSE223917_RAW/GSM7005684_OrgeEX052151.pairs.gz	EX05	early neurons
OrgeEX052152	/Volumes/SumSung500/CSU/0_HiRES/data/hires/GSE223917_RAW/GSM7005685_OrgeEX052152.pairs.gz	EX05	mix late mesenchyme
OrgeEX052154	/Volumes/SumSung500/CSU/0_HiRES/data/hires/GSE223917_RAW/GSM7005687_OrgeEX052154.pairs.gz	EX05	mix late mesenchyme
OrgeEX052155	/Volumes/SumSung500/CSU/0_HiRES/data/hires/GSE223917_RAW/GSM7005688_OrgeEX052155.pairs.gz	EX05	mix late mesenchyme
OrgeEX052156	/Volumes/SumSung500/CSU/0_HiRES/data/hires/GSE223917_RAW/GSM7005689_OrgeEX052156.pairs.gz	EX05	early neurons
OrgeEX052158	/Volumes/SumSung500/CSU/0_HiRES/data/hires/GSE223917_RAW/GSM7005691_OrgeEX052158.pairs.gz	EX05	early neurons
OrgeEX052164	/Volumes/SumSung500/CSU/0_HiRES/data/hires/GSE223917_RAW/GSM7005697_OrgeEX052164.pairs.gz	EX05	intermediate mesoderm
OrgeEX052165	/Volumes/SumSung500/CSU/0_HiRES/data/hires/GSE223917_RAW/GSM7005698_OrgeEX052165.pairs.gz	EX05	early neurons
OrgeEX052166	/Volumes/SumSung500/CSU/0_HiRES/data/hires/GSE223917_RAW/GSM7005699_OrgeEX052166.pairs.gz	EX05	early neurons
OrgeEX052170	/Volumes/SumSung500/CSU/0_HiRES/data/hires/GSE223917_RAW/GSM7005703_OrgeEX052170.pairs.gz	EX05	mix late mesenchyme
OrgeEX052171	/Volumes/SumSung500/CSU/0_HiRES/data/hires/GSE223917_RAW/GSM7005704_OrgeEX052171.pairs.gz	EX05	mitosis
OrgeEX052172	/Volumes/SumSung500/CSU/0_HiRES/data/hires/GSE223917_RAW/GSM7005705_OrgeEX052172.pairs.gz	EX05	mitosis
OrgeEX052173	/Volumes/SumSung500/CSU/0_HiRES/data/hires/GSE223917_RAW/GSM7005706_OrgeEX052173.pairs.gz	EX05	mix late mesenchyme
OrgeEX052174	/Volumes/SumSung500/CSU/0_HiRES/data/hires/GSE223917_RAW/GSM7005707_OrgeEX052174.pairs.gz	EX05	intermediate mesoderm
OrgeEX052175	/Volumes/SumSung500/CSU/0_HiRES/data/hires/GSE223917_RAW/GSM7005708_OrgeEX052175.pairs.gz	EX05	mix late mesenchyme
OrgeEX052176	/Volumes/SumSung500/CSU/0_HiRES/data/hires/GSE223917_RAW/GSM7005709_OrgeEX052176.pairs.gz	EX05	mix late mesenchyme
OrgeEX052178	/Volumes/SumSung500/CSU/0_HiRES/data/hires/GSE223917_RAW/GSM7005711_OrgeEX052178.pairs.gz	EX05	blood
OrgeEX052179	/Volumes/SumSung500/CSU/0_HiRES/data/hires/GSE223917_RAW/GSM7005712_OrgeEX052179.pairs.gz	EX05	radial glias
OrgeEX052182	/Volumes/SumSung500/CSU/0_HiRES/data/hires/GSE223917_RAW/GSM7005715_OrgeEX052182.pairs.gz	EX05	intermediate mesoderm
OrgeEX052184	/Volumes/SumSung500/CSU/0_HiRES/data/hires/GSE223917_RAW/GSM7005717_OrgeEX052184.pairs.gz	EX05	epithelial cells
OrgeEX052188	/Volumes/SumSung500/CSU/0_HiRES/data/hires/GSE223917_RAW/GSM7005721_OrgeEX052188.pairs.gz	EX05	early neurons
OrgeEX052189	/Volumes/SumSung500/CSU/0_HiRES/data/hires/GSE223917_RAW/GSM7005722_OrgeEX052189.pairs.gz	EX05	radial glias
OrgeEX052192	/Volumes/SumSung500/CSU/0_HiRES/data/hires/GSE223917_RAW/GSM7005725_OrgeEX052192.pairs.gz	EX05	early neurons
OrgeEX052193	/Volumes/SumSung500/CSU/0_HiRES/data/hires/GSE223917_RAW/GSM7005726_OrgeEX052193.pairs.gz	EX05	mix late mesenchyme
OrgeEX052196	/Volumes/SumSung500/CSU/0_HiRES/data/hires/GSE223917_RAW/GSM7005729_OrgeEX052196.pairs.gz	EX05	notochord
OrgeEX052197	/Volumes/SumSung500/CSU/0_HiRES/data/hires/GSE223917_RAW/GSM7005730_OrgeEX052197.pairs.gz	EX05	oligodendrocytes and progenitors
OrgeEX052199	/Volumes/SumSung500/CSU/0_HiRES/data/hires/GSE223917_RAW/GSM7005732_OrgeEX052199.pairs.gz	EX05	radial glias
OrgeEX052203	/Volumes/SumSung500/CSU/0_HiRES/data/hires/GSE223917_RAW/GSM7005736_OrgeEX052203.pairs.gz	EX05	mix late mesenchyme
OrgeEX052204	/Volumes/SumSung500/CSU/0_HiRES/data/hires/GSE223917_RAW/GSM7005737_OrgeEX052204.pairs.gz	EX05	mix late mesenchyme
OrgeEX052205	/Volumes/SumSung500/CSU/0_HiRES/data/hires/GSE223917_RAW/GSM7005738_OrgeEX052205.pairs.gz	EX05	oligodendrocytes and progenitors
OrgeEX052207	/Volumes/SumSung500/CSU/0_HiRES/data/hires/GSE223917_RAW/GSM7005740_OrgeEX052207.pairs.gz	EX05	radial glias
OrgeEX052210	/Volumes/SumSung500/CSU/0_HiRES/data/hires/GSE223917_RAW/GSM7005743_OrgeEX052210.pairs.gz	EX05	mix late mesenchyme
OrgeEX052211	/Volumes/SumSung500/CSU/0_HiRES/data/hires/GSE223917_RAW/GSM7005744_OrgeEX052211.pairs.gz	EX05	endoderm
OrgeEX052214	/Volumes/SumSung500/CSU/0_HiRES/data/hires/GSE223917_RAW/GSM7005747_OrgeEX052214.pairs.gz	EX05	early neurons
OrgeEX052218	/Volumes/SumSung500/CSU/0_HiRES/data/hires/GSE223917_RAW/GSM7005751_OrgeEX052218.pairs.gz	EX05	radial glias
OrgeEX052220	/Volumes/SumSung500/CSU/0_HiRES/data/hires/GSE223917_RAW/GSM7005753_OrgeEX052220.pairs.gz	EX05	mix late mesenchyme
OrgeEX052222	/Volumes/SumSung500/CSU/0_HiRES/data/hires/GSE223917_RAW/GSM7005755_OrgeEX052222.pairs.gz	EX05	early neurons
OrgeEX052225	/Volumes/SumSung500/CSU/0_HiRES/data/hires/GSE223917_RAW/GSM7005758_OrgeEX052225.pairs.gz	EX05	mix late mesenchyme
OrgeEX052230	/Volumes/SumSung500/CSU/0_HiRES/data/hires/GSE223917_RAW/GSM7005763_OrgeEX052230.pairs.gz	EX05	radial glias
OrgeEX052231	/Volumes/SumSung500/CSU/0_HiRES/data/hires/GSE223917_RAW/GSM7005764_OrgeEX052231.pairs.gz	EX05	mix late mesenchyme
OrgeEX052233	/Volumes/SumSung500/CSU/0_HiRES/data/hires/GSE223917_RAW/GSM7005766_OrgeEX052233.pairs.gz	EX05	early neurons
OrgeEX052236	/Volumes/SumSung500/CSU/0_HiRES/data/hires/GSE223917_RAW/GSM7005769_OrgeEX052236.pairs.gz	EX05	mix late mesenchyme
OrgeEX052238	/Volumes/SumSung500/CSU/0_HiRES/data/hires/GSE223917_RAW/GSM7005771_OrgeEX052238.pairs.gz	EX05	oligodendrocytes and progenitors
OrgeEX052240	/Volumes/SumSung500/CSU/0_HiRES/data/hires/GSE223917_RAW/GSM7005773_OrgeEX052240.pairs.gz	EX05	mix late mesenchyme
OrgeEX052242	/Volumes/SumSung500/CSU/0_HiRES/data/hires/GSE223917_RAW/GSM7005775_OrgeEX052242.pairs.gz	EX05	radial glias
OrgeEX052243	/Volumes/SumSung500/CSU/0_HiRES/data/hires/GSE223917_RAW/GSM7005776_OrgeEX052243.pairs.gz	EX05	early neurons
OrgeEX052245	/Volumes/SumSung500/CSU/0_HiRES/data/hires/GSE223917_RAW/GSM7005778_OrgeEX052245.pairs.gz	EX05	blood
OrgeEX052246	/Volumes/SumSung500/CSU/0_HiRES/data/hires/GSE223917_RAW/GSM7005779_OrgeEX052246.pairs.gz	EX05	radial glias
OrgeEX052247	/Volumes/SumSung500/CSU/0_HiRES/data/hires/GSE223917_RAW/GSM7005780_OrgeEX052247.pairs.gz	EX05	mix late mesenchyme
OrgeEX052248	/Volumes/SumSung500/CSU/0_HiRES/data/hires/GSE223917_RAW/GSM7005781_OrgeEX052248.pairs.gz	EX05	early neurons
OrgeEX052254	/Volumes/SumSung500/CSU/0_HiRES/data/hires/GSE223917_RAW/GSM7005786_OrgeEX052254.pairs.gz	EX05	mitosis
OrgeEX052259	/Volumes/SumSung500/CSU/0_HiRES/data/hires/GSE223917_RAW/GSM7005790_OrgeEX052259.pairs.gz	EX05	mix late mesenchyme
OrgeEX052265	/Volumes/SumSung500/CSU/0_HiRES/data/hires/GSE223917_RAW/GSM7005795_OrgeEX052265.pairs.gz	EX05	mix late mesenchyme
OrgeEX052266	/Volumes/SumSung500/CSU/0_HiRES/data/hires/GSE223917_RAW/GSM7005796_OrgeEX052266.pairs.gz	EX05	mitosis
OrgeEX052267	/Volumes/SumSung500/CSU/0_HiRES/data/hires/GSE223917_RAW/GSM7005797_OrgeEX052267.pairs.gz	EX05	oligodendrocytes and progenitors
OrgeEX052268	/Volumes/SumSung500/CSU/0_HiRES/data/hires/GSE223917_RAW/GSM7005798_OrgeEX052268.pairs.gz	EX05	blood
OrgeEX052269	/Volumes/SumSung500/CSU/0_HiRES/data/hires/GSE223917_RAW/GSM7005799_OrgeEX052269.pairs.gz	EX05	radial glias
OrgeEX052270	/Volumes/SumSung500/CSU/0_HiRES/data/hires/GSE223917_RAW/GSM7005800_OrgeEX052270.pairs.gz	EX05	mix late mesenchyme
OrgeEX052271	/Volumes/SumSung500/CSU/0_HiRES/data/hires/GSE223917_RAW/GSM7005801_OrgeEX052271.pairs.gz	EX05	mix late mesenchyme
OrgeEX052272	/Volumes/SumSung500/CSU/0_HiRES/data/hires/GSE223917_RAW/GSM7005802_OrgeEX052272.pairs.gz	EX05	oligodendrocytes and progenitors
OrgeEX052274	/Volumes/SumSung500/CSU/0_HiRES/data/hires/GSE223917_RAW/GSM7005804_OrgeEX052274.pairs.gz	EX05	mitosis
OrgeEX052278	/Volumes/SumSung500/CSU/0_HiRES/data/hires/GSE223917_RAW/GSM7005807_OrgeEX052278.pairs.gz	EX05	mix late mesenchyme
OrgeEX052279	/Volumes/SumSung500/CSU/0_HiRES/data/hires/GSE223917_RAW/GSM7005808_OrgeEX052279.pairs.gz	EX05	mix late mesenchyme
OrgeEX052280	/Volumes/SumSung500/CSU/0_HiRES/data/hires/GSE223917_RAW/GSM7005809_OrgeEX052280.pairs.gz	EX05	radial glias
OrgeEX052281	/Volumes/SumSung500/CSU/0_HiRES/data/hires/GSE223917_RAW/GSM7005810_OrgeEX052281.pairs.gz	EX05	epithelial cells
OrgeEX052282	/Volumes/SumSung500/CSU/0_HiRES/data/hires/GSE223917_RAW/GSM7005811_OrgeEX052282.pairs.gz	EX05	early neurons
OrgeEX052283	/Volumes/SumSung500/CSU/0_HiRES/data/hires/GSE223917_RAW/GSM7005812_OrgeEX052283.pairs.gz	EX05	mix late mesenchyme
OrgeEX052284	/Volumes/SumSung500/CSU/0_HiRES/data/hires/GSE223917_RAW/GSM7005813_OrgeEX052284.pairs.gz	EX05	mix late mesenchyme
OrgeEX052285	/Volumes/SumSung500/CSU/0_HiRES/data/hires/GSE223917_RAW/GSM7005814_OrgeEX052285.pairs.gz	EX05	radial glias
OrgeEX052286	/Volumes/SumSung500/CSU/0_HiRES/data/hires/GSE223917_RAW/GSM7005815_OrgeEX052286.pairs.gz	EX05	mix late mesenchyme
OrgeEX052287	/Volumes/SumSung500/CSU/0_HiRES/data/hires/GSE223917_RAW/GSM7005816_OrgeEX052287.pairs.gz	EX05	mix late mesenchyme
OrgeEX052288	/Volumes/SumSung500/CSU/0_HiRES/data/hires/GSE223917_RAW/GSM7005817_OrgeEX052288.pairs.gz	EX05	mix late mesenchyme
OrgeEX052289	/Volumes/SumSung500/CSU/0_HiRES/data/hires/GSE223917_RAW/GSM7005818_OrgeEX052289.pairs.gz	EX05	radial glias
OrgeEX052292	/Volumes/SumSung500/CSU/0_HiRES/data/hires/GSE223917_RAW/GSM7005821_OrgeEX052292.pairs.gz	EX05	early neurons
OrgeEX052293	/Volumes/SumSung500/CSU/0_HiRES/data/hires/GSE223917_RAW/GSM7005822_OrgeEX052293.pairs.gz	EX05	oligodendrocytes and progenitors
OrgeEX052294	/Volumes/SumSung500/CSU/0_HiRES/data/hires/GSE223917_RAW/GSM7005823_OrgeEX052294.pairs.gz	EX05	mix late mesenchyme
OrgeEX052296	/Volumes/SumSung500/CSU/0_HiRES/data/hires/GSE223917_RAW/GSM7005825_OrgeEX052296.pairs.gz	EX05	early neurons
OrgeEX052297	/Volumes/SumSung500/CSU/0_HiRES/data/hires/GSE223917_RAW/GSM7005826_OrgeEX052297.pairs.gz	EX05	mix late mesenchyme
OrgeEX052298	/Volumes/SumSung500/CSU/0_HiRES/data/hires/GSE223917_RAW/GSM7005827_OrgeEX052298.pairs.gz	EX05	oligodendrocytes and progenitors
OrgeEX052299	/Volumes/SumSung500/CSU/0_HiRES/data/hires/GSE223917_RAW/GSM7005828_OrgeEX052299.pairs.gz	EX05	mix late mesenchyme
OrgeEX052300	/Volumes/SumSung500/CSU/0_HiRES/data/hires/GSE223917_RAW/GSM7005829_OrgeEX052300.pairs.gz	EX05	notochord
OrgeEX052302	/Volumes/SumSung500/CSU/0_HiRES/data/hires/GSE223917_RAW/GSM7005831_OrgeEX052302.pairs.gz	EX05	oligodendrocytes and progenitors
OrgeEX052303	/Volumes/SumSung500/CSU/0_HiRES/data/hires/GSE223917_RAW/GSM7005832_OrgeEX052303.pairs.gz	EX05	mitosis
OrgeEX052305	/Volumes/SumSung500/CSU/0_HiRES/data/hires/GSE223917_RAW/GSM7005834_OrgeEX052305.pairs.gz	EX05	mix late mesenchyme
OrgeEX052309	/Volumes/SumSung500/CSU/0_HiRES/data/hires/GSE223917_RAW/GSM7005838_OrgeEX052309.pairs.gz	EX05	oligodendrocytes and progenitors
OrgeEX052313	/Volumes/SumSung500/CSU/0_HiRES/data/hires/GSE223917_RAW/GSM7005841_OrgeEX052313.pairs.gz	EX05	early neurons
OrgeEX052323	/Volumes/SumSung500/CSU/0_HiRES/data/hires/GSE223917_RAW/GSM7005851_OrgeEX052323.pairs.gz	EX05	mix late mesenchyme
OrgeEX052324	/Volumes/SumSung500/CSU/0_HiRES/data/hires/GSE223917_RAW/GSM7005852_OrgeEX052324.pairs.gz	EX05	radial glias
OrgeEX052325	/Volumes/SumSung500/CSU/0_HiRES/data/hires/GSE223917_RAW/GSM7005853_OrgeEX052325.pairs.gz	EX05	mix late mesenchyme
OrgeEX052327	/Volumes/SumSung500/CSU/0_HiRES/data/hires/GSE223917_RAW/GSM7005855_OrgeEX052327.pairs.gz	EX05	mix late mesenchyme
OrgeEX052329	/Volumes/SumSung500/CSU/0_HiRES/data/hires/GSE223917_RAW/GSM7005857_OrgeEX052329.pairs.gz	EX05	mix late mesenchyme
OrgeEX052331	/Volumes/SumSung500/CSU/0_HiRES/data/hires/GSE223917_RAW/GSM7005859_OrgeEX052331.pairs.gz	EX05	mix late mesenchyme
OrgeEX052332	/Volumes/SumSung500/CSU/0_HiRES/data/hires/GSE223917_RAW/GSM7005860_OrgeEX052332.pairs.gz	EX05	intermediate mesoderm
OrgeEX052333	/Volumes/SumSung500/CSU/0_HiRES/data/hires/GSE223917_RAW/GSM7005861_OrgeEX052333.pairs.gz	EX05	mitosis
OrgeEX052334	/Volumes/SumSung500/CSU/0_HiRES/data/hires/GSE223917_RAW/GSM7005862_OrgeEX052334.pairs.gz	EX05	radial glias
OrgeEX052336	/Volumes/SumSung500/CSU/0_HiRES/data/hires/GSE223917_RAW/GSM7005864_OrgeEX052336.pairs.gz	EX05	mix late mesenchyme
OrgeEX052338	/Volumes/SumSung500/CSU/0_HiRES/data/hires/GSE223917_RAW/GSM7005866_OrgeEX052338.pairs.gz	EX05	early neurons
OrgeEX052342	/Volumes/SumSung500/CSU/0_HiRES/data/hires/GSE223917_RAW/GSM7005870_OrgeEX052342.pairs.gz	EX05	mix late mesenchyme
OrgeEX052343	/Volumes/SumSung500/CSU/0_HiRES/data/hires/GSE223917_RAW/GSM7005871_OrgeEX052343.pairs.gz	EX05	mix late mesenchyme
OrgeEX052345	/Volumes/SumSung500/CSU/0_HiRES/data/hires/GSE223917_RAW/GSM7005873_OrgeEX052345.pairs.gz	EX05	early neurons
OrgeEX052346	/Volumes/SumSung500/CSU/0_HiRES/data/hires/GSE223917_RAW/GSM7005874_OrgeEX052346.pairs.gz	EX05	mix late mesenchyme
OrgeEX052353	/Volumes/SumSung500/CSU/0_HiRES/data/hires/GSE223917_RAW/GSM7005881_OrgeEX052353.pairs.gz	EX05	intermediate mesoderm
OrgeEX052354	/Volumes/SumSung500/CSU/0_HiRES/data/hires/GSE223917_RAW/GSM7005882_OrgeEX052354.pairs.gz	EX05	mix late mesenchyme
OrgeEX052356	/Volumes/SumSung500/CSU/0_HiRES/data/hires/GSE223917_RAW/GSM7005884_OrgeEX052356.pairs.gz	EX05	radial glias
OrgeEX052359	/Volumes/SumSung500/CSU/0_HiRES/data/hires/GSE223917_RAW/GSM7005887_OrgeEX052359.pairs.gz	EX05	radial glias
OrgeEX052360	/Volumes/SumSung500/CSU/0_HiRES/data/hires/GSE223917_RAW/GSM7005888_OrgeEX052360.pairs.gz	EX05	mix late mesenchyme
OrgeEX052361	/Volumes/SumSung500/CSU/0_HiRES/data/hires/GSE223917_RAW/GSM7005889_OrgeEX052361.pairs.gz	EX05	intermediate mesoderm
OrgeEX052363	/Volumes/SumSung500/CSU/0_HiRES/data/hires/GSE223917_RAW/GSM7005891_OrgeEX052363.pairs.gz	EX05	radial glias
OrgeEX052366	/Volumes/SumSung500/CSU/0_HiRES/data/hires/GSE223917_RAW/GSM7005894_OrgeEX052366.pairs.gz	EX05	notochord
OrgeEX052367	/Volumes/SumSung500/CSU/0_HiRES/data/hires/GSE223917_RAW/GSM7005895_OrgeEX052367.pairs.gz	EX05	mix late mesenchyme
OrgeEX052368	/Volumes/SumSung500/CSU/0_HiRES/data/hires/GSE223917_RAW/GSM7005896_OrgeEX052368.pairs.gz	EX05	mix late mesenchyme
OrgeEX052369	/Volumes/SumSung500/CSU/0_HiRES/data/hires/GSE223917_RAW/GSM7005897_OrgeEX052369.pairs.gz	EX05	mix late mesenchyme
OrgeEX052371	/Volumes/SumSung500/CSU/0_HiRES/data/hires/GSE223917_RAW/GSM7005899_OrgeEX052371.pairs.gz	EX05	early neurons
OrgeEX052372	/Volumes/SumSung500/CSU/0_HiRES/data/hires/GSE223917_RAW/GSM7005900_OrgeEX052372.pairs.gz	EX05	notochord
OrgeEX052373	/Volumes/SumSung500/CSU/0_HiRES/data/hires/GSE223917_RAW/GSM7005901_OrgeEX052373.pairs.gz	EX05	mix late mesenchyme
OrgeEX052376	/Volumes/SumSung500/CSU/0_HiRES/data/hires/GSE223917_RAW/GSM7005904_OrgeEX052376.pairs.gz	EX05	radial glias
OrgeEX052378	/Volumes/SumSung500/CSU/0_HiRES/data/hires/GSE223917_RAW/GSM7005906_OrgeEX052378.pairs.gz	EX05	myocytes
OrgeEX052379	/Volumes/SumSung500/CSU/0_HiRES/data/hires/GSE223917_RAW/GSM7005907_OrgeEX052379.pairs.gz	EX05	mix late mesenchyme
OrgeEX052381	/Volumes/SumSung500/CSU/0_HiRES/data/hires/GSE223917_RAW/GSM7005909_OrgeEX052381.pairs.gz	EX05	mitosis
OrgeEX052384	/Volumes/SumSung500/CSU/0_HiRES/data/hires/GSE223917_RAW/GSM7005911_OrgeEX052384.pairs.gz	EX05	mix late mesenchyme
OrgeEX053018	/Volumes/SumSung500/CSU/0_HiRES/data/hires/GSE223917_RAW/GSM7005929_OrgeEX053018.pairs.gz	EX05	early neurons
OrgeEX053027	/Volumes/SumSung500/CSU/0_HiRES/data/hires/GSE223917_RAW/GSM7005937_OrgeEX053027.pairs.gz	EX05	blood
OrgeEX053029	/Volumes/SumSung500/CSU/0_HiRES/data/hires/GSE223917_RAW/GSM7005939_OrgeEX053029.pairs.gz	EX05	mix late mesenchyme
OrgeEX053038	/Volumes/SumSung500/CSU/0_HiRES/data/hires/GSE223917_RAW/GSM7005948_OrgeEX053038.pairs.gz	EX05	early neurons
OrgeEX053053	/Volumes/SumSung500/CSU/0_HiRES/data/hires/GSE223917_RAW/GSM7005963_OrgeEX053053.pairs.gz	EX05	oligodendrocytes and progenitors
OrgeEX053090	/Volumes/SumSung500/CSU/0_HiRES/data/hires/GSE223917_RAW/GSM7006000_OrgeEX053090.pairs.gz	EX05	early neurons
OrgeEX053094	/Volumes/SumSung500/CSU/0_HiRES/data/hires/GSE223917_RAW/GSM7006004_OrgeEX053094.pairs.gz	EX05	myocytes
OrgeEX053096	/Volumes/SumSung500/CSU/0_HiRES/data/hires/GSE223917_RAW/GSM7006006_OrgeEX053096.pairs.gz	EX05	mitosis
OrgeEX053097	/Volumes/SumSung500/CSU/0_HiRES/data/hires/GSE223917_RAW/GSM7006007_OrgeEX053097.pairs.gz	EX05	mix late mesenchyme
OrgeEX053099	/Volumes/SumSung500/CSU/0_HiRES/data/hires/GSE223917_RAW/GSM7006009_OrgeEX053099.pairs.gz	EX05	schwann cell precursors
OrgeEX053101	/Volumes/SumSung500/CSU/0_HiRES/data/hires/GSE223917_RAW/GSM7006011_OrgeEX053101.pairs.gz	EX05	mix late mesenchyme
OrgeEX053102	/Volumes/SumSung500/CSU/0_HiRES/data/hires/GSE223917_RAW/GSM7006012_OrgeEX053102.pairs.gz	EX05	blood
OrgeEX053154	/Volumes/SumSung500/CSU/0_HiRES/data/hires/GSE223917_RAW/GSM7006063_OrgeEX053154.pairs.gz	EX05	mix late mesenchyme
OrgeEX053181	/Volumes/SumSung500/CSU/0_HiRES/data/hires/GSE223917_RAW/GSM7006090_OrgeEX053181.pairs.gz	EX05	mix late mesenchyme
OrgeEX053187	/Volumes/SumSung500/CSU/0_HiRES/data/hires/GSE223917_RAW/GSM7006096_OrgeEX053187.pairs.gz	EX05	myocytes
OrgeEX053198	/Volumes/SumSung500/CSU/0_HiRES/data/hires/GSE223917_RAW/GSM7006107_OrgeEX053198.pairs.gz	EX05	radial glias
OrgeEX053239	/Volumes/SumSung500/CSU/0_HiRES/data/hires/GSE223917_RAW/GSM7006148_OrgeEX053239.pairs.gz	EX05	oligodendrocytes and progenitors
OrgeEX053242	/Volumes/SumSung500/CSU/0_HiRES/data/hires/GSE223917_RAW/GSM7006151_OrgeEX053242.pairs.gz	EX05	myocytes
OrgeEX053256	/Volumes/SumSung500/CSU/0_HiRES/data/hires/GSE223917_RAW/GSM7006165_OrgeEX053256.pairs.gz	EX05	intermediate mesoderm
OrgeEX053264	/Volumes/SumSung500/CSU/0_HiRES/data/hires/GSE223917_RAW/GSM7006172_OrgeEX053264.pairs.gz	EX05	notochord
OrgeEX053275	/Volumes/SumSung500/CSU/0_HiRES/data/hires/GSE223917_RAW/GSM7006182_OrgeEX053275.pairs.gz	EX05	NMP
OrgeEX053286	/Volumes/SumSung500/CSU/0_HiRES/data/hires/GSE223917_RAW/GSM7006192_OrgeEX053286.pairs.gz	EX05	early neurons
OrgeEX053320	/Volumes/SumSung500/CSU/0_HiRES/data/hires/GSE223917_RAW/GSM7006226_OrgeEX053320.pairs.gz	EX05	mix late mesenchyme
OrgeEX053339	/Volumes/SumSung500/CSU/0_HiRES/data/hires/GSE223917_RAW/GSM7006245_OrgeEX053339.pairs.gz	EX05	mix late mesenchyme
OrgeEX053381	/Volumes/SumSung500/CSU/0_HiRES/data/hires/GSE223917_RAW/GSM7006287_OrgeEX053381.pairs.gz	EX05	mix late mesenchyme
