{
  "NMP": [
    0.9677975592919913,
    0.44127456009157356,
    0.5358103155058701
  ],
  "mix late mesenchyme": [
    0.9702872692786527,
    0.4593762250642383,
    0.32668389068186215
  ],
  "early mesenchyme": [
    0.8729160523345536,
    0.5301860515869471,
    0.19559287758751898
  ],
  "early neurons": [
    0.7757319041862729,
    0.5784925270759935,
    0.19475566538551875
  ],
  "radial glias": [
    0.6960086430683907,
    0.6097601692779926,
    0.19416125627462036
  ],
  "notochord": [
    0.6147895506319775,
    0.635570991994091,
    0.1936384906440547
  ],
  "intermediate mesoderm": [
    0.5105309046900421,
    0.6614299289084904,
    0.1930849118538962
  ],
  "myocytes": [
    0.3126890019504329,
    0.6928754610296064,
    0.1923704830330379
  ],
  "blood": [
    0.19873498165924952,
    0.6943120554063928,
    0.4223098314084791
  ],
  "mitosis": [
    0.20433460114757862,
    0.6863857739476534,
    0.5407103379425205
  ],
  "oligodendrocytes and progenitors": [
    0.20852654360295203,
    0.6802113380259018,
    0.6131436043662991
  ],
  "schwann cell precursors": [
    0.2123753265796856,
    0.6743532091641877,
    0.6722950863059881
  ],
  "epithelial cells": [
    0.21662978923073606,
    0.6676586160122123,
    0.7318695594345369
  ],
  "early mesoderm": [
    0.22241706793970334,
    0.6581658142406562,
    0.8057515040597771
  ],
  "neural tube": [
    0.23299120924703914,
    0.639586552066035,
    0.9260706093977744
  ],
  "ExE endoderm": [
    0.5049017849530067,
    0.5909119231215284,
    0.9584657252128558
  ],
  "endoderm": [
    0.6815956774120955,
    0.5346981681234794,
    0.9581962501093108
  ],
  "ExE mesoderm": [
    0.8302781148974189,
    0.4589877762395939,
    0.9578861785214589
  ],
  "ExE ectoderm": [
    0.9587050080494409,
    0.3662259565791742,
    0.9231469575614251
  ],
  "neural ectoderm": [
    0.9625878700929297,
    0.400286255762724,
    0.7887569980512142
  ],
  "epiblast and PS": [
    0.9653020460531215,
    0.4222190504285544,
    0.6726807888116159
  ]
}